Transaction Type,Date,Order Number,Store,Location,Delivery Platform,Subtotal,Commission,Adjustments,Taxes,Tip,Other,You earned,Notes
Delivery,7/31/21,#7AECA,Killer Wings,"20491 Alton Pkwy, Suite B, Lake Forest, CA 92630",Uber Eats,$47.93,-$19.17,$0.00,$0.00,,,$28.76,
Delivery,7/31/21,#81451564,Mothership Pizza,"20491 Alton Pkwy, Suite B, Lake Forest, CA 92630",DoorDash,$16.00,-$6.40,$0.00,$1.24,,,$10.84,
Delivery,7/31/21,#30232fb8,Cheeky's Cheesesteaks,"20491 Alton Pkwy, Suite B, Lake Forest, CA 92630",DoorDash,$13.99,-$5.60,$0.00,$1.08,,,$9.47,
Delivery,7/31/21,#e743a68a,Fusilli Fusilli,"20491 Alton Pkwy, Suite B, Lake Forest, CA 92630",DoorDash,$25.98,-$10.39,$0.00,$2.01,,,$17.60,
Delivery,7/31/21,#BBC36,Mothership Pizza,"20491 Alton Pkwy, Suite B, Lake Forest, CA 92630",Uber Eats,$21.00,-$8.40,$0.00,$0.00,,,$12.60,
Delivery,7/31/21,#fb138d74,F*CKING GOOD PIZZA,"20491 Alton Pkwy, Suite B, Lake Forest, CA 92630",DoorDash,$23.99,-$9.60,$0.00,$1.86,,,$16.25,
Delivery,7/31/21,#39e2120d,Mothership Pizza,"20491 Alton Pkwy, Suite B, Lake Forest, CA 92630",DoorDash,$39.00,-$15.60,$0.00,$3.02,,,$26.42,
Delivery,7/31/21,#d9664015,F*CKING GOOD PIZZA,"20491 Alton Pkwy, Suite B, Lake Forest, CA 92630",DoorDash,$41.98,-$16.79,$0.00,$3.25,,,$28.44,
Delivery,7/31/21,#A6132,Mothership Pizza,"20491 Alton Pkwy, Suite B, Lake Forest, CA 92630",Uber Eats,$41.00,-$16.40,$0.00,$0.00,,,$24.60,
Delivery,7/31/21,#B2159,Mothership Pizza,"20491 Alton Pkwy, Suite B, Lake Forest, CA 92630",Uber Eats,$20.50,-$8.20,$0.00,$0.00,,,$12.30,
Delivery,7/31/21,#8500e07a,Brooklyn Calzones,"20491 Alton Pkwy, Suite B, Lake Forest, CA 92630",DoorDash,$12.95,-$5.18,$0.00,$1.00,,,$8.77,
Delivery,7/31/21,#8e50fdd0,Mothership Pizza,"20491 Alton Pkwy, Suite B, Lake Forest, CA 92630",DoorDash,$30.00,-$12.00,$0.00,$1.98,,,$19.98,
Delivery,7/31/21,#AC065,Pasta Pirozzi,"20491 Alton Pkwy, Suite B, Lake Forest, CA 92630",Uber Eats,$49.97,-$19.99,$0.00,$0.00,,,$29.98,
Delivery,7/31/21,#d3cfa7d1,Fusilli Fusilli,"20491 Alton Pkwy, Suite B, Lake Forest, CA 92630",DoorDash,$48.95,-$19.57,$0.00,$3.22,,,$32.60,
Delivery,7/31/21,#c1993ab2,Brooklyn Calzones,"20491 Alton Pkwy, Suite B, Lake Forest, CA 92630",DoorDash,$25.90,-$5.70,$0.00,$2.01,,,$22.21,
Delivery,7/31/21,#8a44d168,Brooklyn Calzones,"20491 Alton Pkwy, Suite B, Lake Forest, CA 92630",DoorDash,$15.20,-$6.08,$0.00,$1.18,,,$10.30,
Delivery,7/31/21,#021E1,Cupid's Wings,"20491 Alton Pkwy, Suite B, Lake Forest, CA 92630",Uber Eats,$54.89,-$21.95,$0.00,$0.00,,,$32.94,
Delivery,7/31/21,#aafcc161,Brooklyn Calzones,"20491 Alton Pkwy, Suite B, Lake Forest, CA 92630",DoorDash,$25.90,-$10.36,$0.00,$2.01,,,$17.55,
Delivery,7/31/21,#7f08f8c8,Mothership Pizza,"20491 Alton Pkwy, Suite B, Lake Forest, CA 92630",DoorDash,$50.00,-$20.00,$0.00,$3.29,,,$33.29,
Delivery,7/31/21,#0b4f17ff,Brooklyn Calzones,"20491 Alton Pkwy, Suite B, Lake Forest, CA 92630",DoorDash,$14.95,-$5.98,$0.00,$1.16,,,$10.13,
Delivery,7/31/21,#459eabf4,Brooklyn Calzones,"20491 Alton Pkwy, Suite B, Lake Forest, CA 92630",DoorDash,$13.95,-$5.58,$0.00,$1.08,,,$9.45,
Delivery,7/31/21,#878baa58,F*CKING GOOD PIZZA,"20491 Alton Pkwy, Suite B, Lake Forest, CA 92630",DoorDash,$17.99,-$7.20,$0.00,$1.39,,,$12.18,
Delivery,7/30/21,#d644af3c,Brooklyn Calzones,"20491 Alton Pkwy, Suite B, Lake Forest, CA 92630",DoorDash,$47.10,-$18.84,$0.00,$3.65,,,$31.91,
Delivery,7/30/21,#2A4FB,Brooklyn Calzones,"20491 Alton Pkwy, Suite B, Lake Forest, CA 92630",Uber Eats,$15.45,-$6.18,$0.00,$0.00,,,$9.27,
Delivery,7/30/21,#C2805,F*CKING GOOD PIZZA,"20491 Alton Pkwy, Suite B, Lake Forest, CA 92630",Uber Eats,$17.99,$0.00,-$17.99,$0.00,,,$0.00,
Delivery,7/30/21,#f03149f7,Brooklyn Calzones,"20491 Alton Pkwy, Suite B, Lake Forest, CA 92630",DoorDash,$31.90,-$12.75,$0.00,$2.10,,,$21.25,
Delivery,7/30/21,#aa7d2aa6,Cheeky's Cheesesteaks,"20491 Alton Pkwy, Suite B, Lake Forest, CA 92630",DoorDash,$13.99,-$5.60,$0.00,$1.08,,,$9.47,
Delivery,7/30/21,#6C493,Fusilli Fusilli,"20491 Alton Pkwy, Suite B, Lake Forest, CA 92630",Uber Eats,$31.97,-$12.79,$0.00,$0.00,,,$19.18,
Delivery,7/30/21,#305815991196628,Fusilli Fusilli,"20491 Alton Pkwy, Suite B, Lake Forest, CA 92630",Grubhub,$22.98,-$9.19,$0.00,$1.78,,,$15.57,
Delivery,7/30/21,#f99a4932,Mothership Pizza,"20491 Alton Pkwy, Suite B, Lake Forest, CA 92630",DoorDash,$28.99,-$11.60,$0.00,$2.25,,,$19.64,
Delivery,7/30/21,#5452812a,Ma's Meatballs,"20491 Alton Pkwy, Suite B, Lake Forest, CA 92630",DoorDash,$18.99,-$7.60,$0.00,$1.47,,,$12.86,
Delivery,7/30/21,#9448a168,Philly Fresh Cheesesteaks,"20491 Alton Pkwy, Suite B, Lake Forest, CA 92630",DoorDash,$35.96,-$14.38,$0.00,$2.37,,,$23.95,
Delivery,7/30/21,#A16E0,Killer Wings,"20491 Alton Pkwy, Suite B, Lake Forest, CA 92630",Uber Eats,$16.99,-$6.80,$0.00,$0.00,,,$10.19,
Delivery,7/30/21,#000615998356521,Philly Fresh Cheesesteaks,"20491 Alton Pkwy, Suite B, Lake Forest, CA 92630",Grubhub,$30.97,-$12.30,$0.00,$2.17,,,$20.84,
Delivery,7/30/21,#925215991104203,Ma's Meatballs,"20491 Alton Pkwy, Suite B, Lake Forest, CA 92630",Grubhub,$21.00,-$8.40,$0.00,$1.63,,,$14.23,
Delivery,7/30/21,#348815990273067,Mothership Pizza,"20491 Alton Pkwy, Suite B, Lake Forest, CA 92630",Grubhub,$21.00,-$8.25,$0.00,$1.24,,,$13.99,
Delivery,7/30/21,#41AE7,Mothership Pizza,"20491 Alton Pkwy, Suite B, Lake Forest, CA 92630",Uber Eats,$45.00,-$18.00,$0.00,$0.00,,,$27.00,
Delivery,7/30/21,#d4482daf,Mothership Pizza,"20491 Alton Pkwy, Suite B, Lake Forest, CA 92630",DoorDash,$18.00,-$7.20,$0.00,$1.40,,,$12.20,
Delivery,7/30/21,#B4102,Mothership Pizza,"20491 Alton Pkwy, Suite B, Lake Forest, CA 92630",Uber Eats,$45.00,-$4.40,-$34.00,$0.00,,,$6.60,
Delivery,7/30/21,#75F63,Pasta Pirozzi,"20491 Alton Pkwy, Suite B, Lake Forest, CA 92630",Uber Eats,$58.95,-$23.58,$0.00,$0.00,,,$35.37,
Delivery,7/30/21,#8ba2c0ee,Philly Fresh Cheesesteaks,"20491 Alton Pkwy, Suite B, Lake Forest, CA 92630",DoorDash,$53.94,-$21.57,$0.00,$3.56,,,$35.93,
Delivery,7/30/21,#152813b6,Brooklyn Calzones,"20491 Alton Pkwy, Suite B, Lake Forest, CA 92630",DoorDash,$13.95,-$5.58,$0.00,$1.08,,,$9.45,
Delivery,7/30/21,#64bae91d,Brooklyn Calzones,"20491 Alton Pkwy, Suite B, Lake Forest, CA 92630",DoorDash,$25.90,-$10.36,$0.00,$2.01,,,$17.55,
Delivery,7/30/21,#bec0d19c,Pasta Pirozzi,"20491 Alton Pkwy, Suite B, Lake Forest, CA 92630",DoorDash,$13.99,-$5.60,$0.00,$1.08,,,$9.47,
Delivery,7/30/21,#CA422,Philly Fresh Cheesesteaks,"20491 Alton Pkwy, Suite B, Lake Forest, CA 92630",Uber Eats,$25.98,-$10.39,$0.00,$0.00,,,$15.59,
Delivery,7/30/21,#166f0cd8,Fusilli Fusilli,"20491 Alton Pkwy, Suite B, Lake Forest, CA 92630",DoorDash,$41.96,-$16.78,$0.00,$2.76,,,$27.94,
Delivery,7/30/21,#4332f8aa,F*CKING GOOD PIZZA,"20491 Alton Pkwy, Suite B, Lake Forest, CA 92630",DoorDash,$13.99,-$5.60,$0.00,$1.08,,,$9.47,
Delivery,7/29/21,#2624d930,Ma's Meatballs,"20491 Alton Pkwy, Suite B, Lake Forest, CA 92630",DoorDash,$23.99,-$9.60,$0.00,$1.86,,,$16.25,
Delivery,7/29/21,#eebaabc6,Brooklyn Calzones,"20491 Alton Pkwy, Suite B, Lake Forest, CA 92630",DoorDash,$13.95,-$5.58,$0.00,$1.08,,,$9.45,
Delivery,7/29/21,#de469848,Philly Fresh Cheesesteaks,"20491 Alton Pkwy, Suite B, Lake Forest, CA 92630",DoorDash,$12.99,-$5.20,$0.00,$1.01,,,$8.80,
Delivery,7/29/21,#5fb1b017,Brooklyn Calzones,"20491 Alton Pkwy, Suite B, Lake Forest, CA 92630",DoorDash,$30.90,-$12.36,$0.00,$2.39,,,$20.93,
Delivery,7/29/21,#6e8f2a1c,Fusilli Fusilli,"20491 Alton Pkwy, Suite B, Lake Forest, CA 92630",DoorDash,$25.97,-$10.39,$0.00,$2.01,,,$17.59,
Delivery,7/29/21,#73f87637,F*CKING GOOD PIZZA,"20491 Alton Pkwy, Suite B, Lake Forest, CA 92630",DoorDash,$25.74,-$10.29,$0.00,$1.99,,,$17.44,
Delivery,7/29/21,#57400441,Killer Wings,"20491 Alton Pkwy, Suite B, Lake Forest, CA 92630",DoorDash,$19.99,-$8.00,$0.00,$1.55,,,$13.54,
Delivery,7/29/21,#a1e4fcc8,Brooklyn Calzones,"20491 Alton Pkwy, Suite B, Lake Forest, CA 92630",DoorDash,$12.95,-$5.18,$0.00,$1.00,,,$8.77,
Delivery,7/29/21,#2949b3f6,Mothership Pizza,"20491 Alton Pkwy, Suite B, Lake Forest, CA 92630",DoorDash,$54.00,-$21.60,$0.00,$3.57,,,$35.97,
Delivery,7/29/21,#4553f074,Brooklyn Calzones,"20491 Alton Pkwy, Suite B, Lake Forest, CA 92630",DoorDash,$25.90,-$5.70,$0.00,$2.01,,,$22.21,
Delivery,7/29/21,#01CD9,Philly Fresh Cheesesteaks,"20491 Alton Pkwy, Suite B, Lake Forest, CA 92630",Uber Eats,$46.46,-$10.66,-$19.82,$0.00,,,$15.98,
Delivery,7/29/21,#A51FF,Philly Fresh Cheesesteaks,"20491 Alton Pkwy, Suite B, Lake Forest, CA 92630",Uber Eats,$40.96,-$16.38,$0.00,$0.00,,,$24.58,
Delivery,7/29/21,#9ee3b103,The United Pepperonis of Pizza,"20491 Alton Pkwy, Suite B, Lake Forest, CA 92630",DoorDash,$39.98,-$15.99,$0.00,$2.63,,,$26.63,
Delivery,7/29/21,#9ca23722,Fusilli Fusilli,"20491 Alton Pkwy, Suite B, Lake Forest, CA 92630",DoorDash,$15.99,-$6.40,$0.00,$1.24,,,$10.83,
Delivery,7/29/21,#039b6939,Fusilli Fusilli,"20491 Alton Pkwy, Suite B, Lake Forest, CA 92630",DoorDash,$25.98,-$10.39,$0.00,$2.01,,,$17.60,
Delivery,7/29/21,#DEC49,Brooklyn Calzones,"20491 Alton Pkwy, Suite B, Lake Forest, CA 92630",Uber Eats,$16.45,-$6.58,$0.00,$0.00,,,$9.87,
Delivery,7/28/21,#067e6bdf,F*CKING GOOD PIZZA,"20491 Alton Pkwy, Suite B, Lake Forest, CA 92630",DoorDash,$35.74,-$14.29,$0.00,$2.35,,,$23.80,
Delivery,7/28/21,#0ae6fc22,Brooklyn Calzones,"20491 Alton Pkwy, Suite B, Lake Forest, CA 92630",DoorDash,$25.90,-$10.36,$0.00,$2.01,,,$17.55,
Delivery,7/28/21,#0f977169,Brooklyn Calzones,"20491 Alton Pkwy, Suite B, Lake Forest, CA 92630",DoorDash,$27.90,-$11.16,$0.00,$2.16,,,$18.90,
Delivery,7/28/21,#ca4ae8fc,Mothership Pizza,"20491 Alton Pkwy, Suite B, Lake Forest, CA 92630",DoorDash,$23.00,-$9.20,$0.00,$1.78,,,$15.58,
Delivery,7/28/21,#36499de3,Ma's Meatballs,"20491 Alton Pkwy, Suite B, Lake Forest, CA 92630",DoorDash,$21.00,-$8.40,$0.00,$1.63,,,$14.23,
Delivery,7/28/21,#9246d307,Fusilli Fusilli,"20491 Alton Pkwy, Suite B, Lake Forest, CA 92630",DoorDash,$15.98,-$6.39,$0.00,$1.24,,,$10.83,
Delivery,7/28/21,#E927C,Philly Fresh Cheesesteaks,"20491 Alton Pkwy, Suite B, Lake Forest, CA 92630",Uber Eats,$43.96,-$17.58,$0.00,$0.00,,,$26.38,
Delivery,7/28/21,#2d6f74d6,Ma's Meatballs,"20491 Alton Pkwy, Suite B, Lake Forest, CA 92630",DoorDash,$13.00,-$5.20,$0.00,$1.01,,,$8.81,
Delivery,7/28/21,#d5f14d00,Just Wing It.,"20491 Alton Pkwy, Suite B, Lake Forest, CA 92630",DoorDash,$17.48,-$6.99,$0.00,$1.35,,,$11.84,
Delivery,7/28/21,#1d001bd9,Pasta Pirozzi,"20491 Alton Pkwy, Suite B, Lake Forest, CA 92630",DoorDash,$31.97,-$12.78,$0.00,$2.11,,,$21.30,
Delivery,7/28/21,#0f7051bd,Brooklyn Calzones,"20491 Alton Pkwy, Suite B, Lake Forest, CA 92630",DoorDash,$13.95,-$5.58,$0.00,$1.08,,,$9.45,
Delivery,7/28/21,#133415977123922,Brooklyn Calzones,"20491 Alton Pkwy, Suite B, Lake Forest, CA 92630",Grubhub,$13.95,-$5.43,$0.00,$0.69,,,$9.21,
Delivery,7/28/21,#98C7C,Mothership Pizza,"20491 Alton Pkwy, Suite B, Lake Forest, CA 92630",Uber Eats,$15.00,-$6.00,$0.00,$0.00,,,$9.00,
Delivery,7/28/21,#629A1,F*CKING GOOD PIZZA,"20491 Alton Pkwy, Suite B, Lake Forest, CA 92630",Uber Eats,$41.73,-$16.69,$0.00,$0.00,,,$25.04,
Delivery,7/28/21,#b95e8530,Mothership Pizza,"20491 Alton Pkwy, Suite B, Lake Forest, CA 92630",DoorDash,$62.00,-$24.80,$0.00,$4.81,,,$42.01,
Delivery,7/28/21,#ffd5156b,Brooklyn Calzones,"20491 Alton Pkwy, Suite B, Lake Forest, CA 92630",DoorDash,$29.90,-$11.96,$0.00,$2.32,,,$20.26,
Delivery,7/28/21,#E94BB,Killer Wings,"20491 Alton Pkwy, Suite B, Lake Forest, CA 92630",Uber Eats,$26.99,-$10.80,$0.00,$0.00,,,$16.19,
Delivery,7/28/21,#68f7e1db,Brooklyn Calzones,"20491 Alton Pkwy, Suite B, Lake Forest, CA 92630",DoorDash,$28.90,-$11.56,$0.00,$2.24,,,$19.58,
Delivery,7/28/21,#972ba169,Cheeky's Cheesesteaks,"20491 Alton Pkwy, Suite B, Lake Forest, CA 92630",DoorDash,$13.99,-$5.60,$0.00,$1.08,,,$9.47,
Delivery,7/28/21,#3B2FE,Brooklyn Calzones,"20491 Alton Pkwy, Suite B, Lake Forest, CA 92630",Uber Eats,$13.95,-$5.58,$0.00,$0.00,,,$8.37,
Delivery,7/28/21,#31dffbae,Cheeky's Cheesesteaks,"20491 Alton Pkwy, Suite B, Lake Forest, CA 92630",DoorDash,$51.92,-$20.77,$0.00,$3.42,,,$34.57,
Delivery,7/27/21,#28CFE,Ma's Meatballs,"20491 Alton Pkwy, Suite B, Lake Forest, CA 92630",Uber Eats,$13.00,-$5.20,$0.00,$0.00,,,$7.80,
Delivery,7/27/21,#d77a75be,Mothership Pizza,"20491 Alton Pkwy, Suite B, Lake Forest, CA 92630",DoorDash,$18.00,-$7.20,$0.00,$1.40,,,$12.20,
Delivery,7/27/21,#a00b42e0,Cheeky's Cheesesteaks,"20491 Alton Pkwy, Suite B, Lake Forest, CA 92630",DoorDash,$24.94,-$9.97,$0.00,$1.93,,,$16.90,
Delivery,7/27/21,#21991,Brooklyn Calzones,"20491 Alton Pkwy, Suite B, Lake Forest, CA 92630",Uber Eats,$15.45,-$6.18,$0.00,$0.00,,,$9.27,
Delivery,7/27/21,#b90b5aa9,Killer Wings,"20491 Alton Pkwy, Suite B, Lake Forest, CA 92630",DoorDash,$19.99,-$8.00,$0.00,$1.55,,,$13.54,
Delivery,7/27/21,#9a646b72,The Hot Italian,"20491 Alton Pkwy, Suite B, Lake Forest, CA 92630",DoorDash,$21.48,-$8.59,$0.00,$1.66,,,$14.55,
Delivery,7/27/21,#d90208e7,F*CKING GOOD PIZZA,"20491 Alton Pkwy, Suite B, Lake Forest, CA 92630",DoorDash,$24.23,-$9.69,$0.00,$1.88,,,$16.42,
Delivery,7/27/21,#2c182e64,Pasta Pirozzi,"20491 Alton Pkwy, Suite B, Lake Forest, CA 92630",DoorDash,$13.99,-$5.60,$0.00,$1.08,,,$9.47,
Delivery,7/27/21,#4db7ce96,Mothership Pizza,"20491 Alton Pkwy, Suite B, Lake Forest, CA 92630",DoorDash,$66.00,-$26.40,$0.00,$5.12,,,$44.72,
Delivery,7/27/21,#0a64b279,Brooklyn Calzones,"20491 Alton Pkwy, Suite B, Lake Forest, CA 92630",DoorDash,$25.90,-$10.36,$0.00,$2.01,,,$17.55,
Delivery,7/27/21,#dc45be7f,Philly Fresh Cheesesteaks,"20491 Alton Pkwy, Suite B, Lake Forest, CA 92630",DoorDash,$17.98,-$7.19,$0.00,$1.39,,,$12.18,
Delivery,7/27/21,#fa1950ad,Ma's Meatballs,"20491 Alton Pkwy, Suite B, Lake Forest, CA 92630",DoorDash,$19.99,-$4.40,$0.00,$1.55,,,$17.14,
Delivery,7/27/21,#31235523,Philly Fresh Cheesesteaks,"20491 Alton Pkwy, Suite B, Lake Forest, CA 92630",DoorDash,$17.98,-$7.19,$0.00,$1.39,,,$12.18,
Delivery,7/27/21,#3b576e88,Fusilli Fusilli,"20491 Alton Pkwy, Suite B, Lake Forest, CA 92630",DoorDash,$28.98,-$11.59,$0.00,$2.25,,,$19.64,
Delivery,7/26/21,#0eed7c9b,Mothership Pizza,"20491 Alton Pkwy, Suite B, Lake Forest, CA 92630",DoorDash,$28.00,-$11.20,$0.00,$2.17,,,$18.97,
Delivery,7/26/21,#bab5d1c2,Mothership Pizza,"20491 Alton Pkwy, Suite B, Lake Forest, CA 92630",DoorDash,$25.50,-$10.20,$0.00,$1.98,,,$17.28,
Delivery,7/26/21,#1d7c6662,Cheeky's Cheesesteaks,"20491 Alton Pkwy, Suite B, Lake Forest, CA 92630",DoorDash,$11.99,-$4.80,$0.00,$0.93,,,$8.12,
Delivery,7/26/21,#60f13931,Philly Fresh Cheesesteaks,"20491 Alton Pkwy, Suite B, Lake Forest, CA 92630",DoorDash,$25.98,-$10.39,$0.00,$2.01,,,$17.60,
Delivery,7/26/21,#eda766bc,Cheeky's Cheesesteaks,"20491 Alton Pkwy, Suite B, Lake Forest, CA 92630",DoorDash,$22.94,-$9.17,$0.00,$1.78,,,$15.55,
Delivery,7/26/21,#f5fa76db,F*CKING GOOD PIZZA,"20491 Alton Pkwy, Suite B, Lake Forest, CA 92630",DoorDash,$30.73,-$12.29,$0.00,$2.02,,,$20.46,
Delivery,7/26/21,#4a0b6b59,Fusilli Fusilli,"20491 Alton Pkwy, Suite B, Lake Forest, CA 92630",DoorDash,$19.98,-$7.99,$0.00,$1.55,,,$13.54,
Delivery,7/26/21,#3F21F,Philly Fresh Cheesesteaks,"20491 Alton Pkwy, Suite B, Lake Forest, CA 92630",Uber Eats,$17.98,-$7.19,$0.00,$0.00,,,$10.79,
Delivery,7/26/21,#C166F,Ma's Meatballs,"20491 Alton Pkwy, Suite B, Lake Forest, CA 92630",Uber Eats,$13.00,-$5.20,$0.00,$0.00,,,$7.80,
Delivery,7/26/21,#E13FF,Killer Wings,"20491 Alton Pkwy, Suite B, Lake Forest, CA 92630",Uber Eats,$44.94,-$17.98,$0.00,$0.00,,,$26.96,
Delivery,7/26/21,#b706d4e2,Brooklyn Calzones,"20491 Alton Pkwy, Suite B, Lake Forest, CA 92630",DoorDash,$43.85,-$17.54,$0.00,$3.40,,,$29.71,
Delivery,7/26/21,#344547ac,F*CKING GOOD PIZZA,"20491 Alton Pkwy, Suite B, Lake Forest, CA 92630",DoorDash,$30.98,-$12.39,$0.00,$2.40,,,$20.99,
Delivery,7/26/21,#b9106302,Brooklyn Calzones,"20491 Alton Pkwy, Suite B, Lake Forest, CA 92630",DoorDash,$44.85,-$17.94,$0.00,$2.95,,,$29.86,
Delivery,7/26/21,#cbf0690d,Fusilli Fusilli,"20491 Alton Pkwy, Suite B, Lake Forest, CA 92630",DoorDash,$18.98,-$7.59,$0.00,$1.47,,,$12.86,
Delivery,7/26/21,#EC3AF,Brooklyn Calzones,"20491 Alton Pkwy, Suite B, Lake Forest, CA 92630",Uber Eats,$40.85,-$16.34,$0.00,$0.00,,,$24.51,
Delivery,7/26/21,#647d8318,Philly Fresh Cheesesteaks,"20491 Alton Pkwy, Suite B, Lake Forest, CA 92630",DoorDash,$17.98,-$7.19,$0.00,$1.39,,,$12.18,
Delivery,7/25/21,#0f73b672,Killer Wings,"20491 Alton Pkwy, Suite B, Lake Forest, CA 92630",DoorDash,$27.44,-$10.97,$0.00,$2.13,,,$18.60,
Delivery,7/25/21,#52650c9a,Brooklyn Calzones,"20491 Alton Pkwy, Suite B, Lake Forest, CA 92630",DoorDash,$14.95,-$5.98,$0.00,$1.16,,,$10.13,
Delivery,7/25/21,#5caad2b9,Fusilli Fusilli,"20491 Alton Pkwy, Suite B, Lake Forest, CA 92630",DoorDash,$19.98,-$7.99,$0.00,$1.55,,,$13.54,
Delivery,7/25/21,#363d3d9f,Brooklyn Calzones,"20491 Alton Pkwy, Suite B, Lake Forest, CA 92630",DoorDash,$16.45,-$6.58,$0.00,$1.27,,,$11.14,
Delivery,7/25/21,#ca790d17,Brooklyn Calzones,"20491 Alton Pkwy, Suite B, Lake Forest, CA 92630",DoorDash,$12.95,-$5.18,$0.00,$1.00,,,$8.77,
Delivery,7/25/21,#90ab3e21,Brooklyn Calzones,"20491 Alton Pkwy, Suite B, Lake Forest, CA 92630",DoorDash,$33.90,-$13.55,$0.00,$2.23,,,$22.58,
Delivery,7/25/21,#00752e9b,Philly Fresh Cheesesteaks,"20491 Alton Pkwy, Suite B, Lake Forest, CA 92630",DoorDash,$12.99,-$5.20,$0.00,$1.01,,,$8.80,
Delivery,7/25/21,#4e9853fa,Ma's Meatballs,"20491 Alton Pkwy, Suite B, Lake Forest, CA 92630",DoorDash,$21.00,-$8.40,$0.00,$1.63,,,$14.23,
Delivery,7/25/21,#9572e950,F*CKING GOOD PIZZA,"20491 Alton Pkwy, Suite B, Lake Forest, CA 92630",DoorDash,$26.99,-$10.80,$0.00,$2.09,,,$18.28,
Delivery,7/25/21,#252215943753472,Philly Fresh Cheesesteaks,"20491 Alton Pkwy, Suite B, Lake Forest, CA 92630",Grubhub,$33.47,-$13.30,$0.00,$2.36,,,$22.53,
Delivery,7/25/21,#55eb3ffb,Mothership Pizza,"20491 Alton Pkwy, Suite B, Lake Forest, CA 92630",DoorDash,$11.00,-$4.40,$0.00,$0.85,,,$7.45,
Delivery,7/25/21,#ca0a4864,Brooklyn Calzones,"20491 Alton Pkwy, Suite B, Lake Forest, CA 92630",DoorDash,$42.85,-$17.14,$0.00,$3.32,,,$29.03,
Delivery,7/25/21,#fb18a293,Ma's Meatballs,"20491 Alton Pkwy, Suite B, Lake Forest, CA 92630",DoorDash,$36.99,-$14.79,$0.00,$2.44,,,$24.64,
Delivery,7/25/21,#bdc84bc8,Fusilli Fusilli,"20491 Alton Pkwy, Suite B, Lake Forest, CA 92630",DoorDash,$35.47,-$14.19,$0.00,$2.34,,,$23.62,
Delivery,7/25/21,#FD302,Philly Fresh Cheesesteaks,"20491 Alton Pkwy, Suite B, Lake Forest, CA 92630",Uber Eats,$30.97,-$12.39,$0.00,$0.00,,,$18.58,
Delivery,7/25/21,#4e2d9ced,Brooklyn Calzones,"20491 Alton Pkwy, Suite B, Lake Forest, CA 92630",DoorDash,$17.95,-$7.18,$0.00,$1.39,,,$12.16,
Delivery,7/25/21,#ba0f8734,Fusilli Fusilli,"20491 Alton Pkwy, Suite B, Lake Forest, CA 92630",DoorDash,$28.97,-$11.59,$0.00,$2.25,,,$19.63,
Delivery,7/25/21,#c7fd1f98,F*CKING GOOD PIZZA,"20491 Alton Pkwy, Suite B, Lake Forest, CA 92630",DoorDash,$17.99,-$7.20,$0.00,$1.39,,,$12.18,
Delivery,7/25/21,#80bb7a07,Fusilli Fusilli,"20491 Alton Pkwy, Suite B, Lake Forest, CA 92630",DoorDash,$18.98,-$7.59,$0.00,$1.47,,,$12.86,
Delivery,7/25/21,#274615937906038,Ma's Meatballs,"20491 Alton Pkwy, Suite B, Lake Forest, CA 92630",Grubhub,$35.98,-$14.25,$0.00,$2.40,,,$24.13,
Delivery,7/25/21,#fa1405de,Ma's Meatballs,"20491 Alton Pkwy, Suite B, Lake Forest, CA 92630",DoorDash,$26.00,-$10.40,$0.00,$2.02,,,$17.62,
Delivery,7/25/21,#7aedcc8f,Brooklyn Calzones,"20491 Alton Pkwy, Suite B, Lake Forest, CA 92630",DoorDash,$15.95,-$6.38,$0.00,$1.24,,,$10.81,
Delivery,7/25/21,#19c6a653,F*CKING GOOD PIZZA,"20491 Alton Pkwy, Suite B, Lake Forest, CA 92630",DoorDash,$57.96,-$23.18,$0.00,$3.87,,,$38.65,
Delivery,7/25/21,#8c5442d6,Cupid's Wings,"20491 Alton Pkwy, Suite B, Lake Forest, CA 92630",DoorDash,$34.94,-$13.97,$0.00,$2.71,,,$23.68,
Delivery,7/25/21,#250c1fa6,Brooklyn Calzones,"20491 Alton Pkwy, Suite B, Lake Forest, CA 92630",DoorDash,$45.85,-$18.34,$0.00,$3.02,,,$30.53,
Delivery,7/25/21,#44f1c4d0,Brooklyn Calzones,"20491 Alton Pkwy, Suite B, Lake Forest, CA 92630",DoorDash,$14.95,-$5.98,$0.00,$1.16,,,$10.13,
Delivery,7/25/21,#289a75bb,Philly Fresh Cheesesteaks,"20491 Alton Pkwy, Suite B, Lake Forest, CA 92630",DoorDash,$17.98,-$7.19,$0.00,$1.39,,,$12.18,
Delivery,7/25/21,#8105b91c,Brooklyn Calzones,"20491 Alton Pkwy, Suite B, Lake Forest, CA 92630",DoorDash,$15.95,-$6.38,$0.00,$1.24,,,$10.81,
Delivery,7/25/21,#EA900,Mothership Pizza,"20491 Alton Pkwy, Suite B, Lake Forest, CA 92630",Uber Eats,$60.00,-$24.00,$0.00,$0.00,,,$36.00,
Delivery,7/25/21,#24015375,Just Wing It.,"20491 Alton Pkwy, Suite B, Lake Forest, CA 92630",DoorDash,$33.98,-$13.59,$0.00,$2.24,,,$22.64,
Delivery,7/25/21,#b8317350,Mothership Pizza,"20491 Alton Pkwy, Suite B, Lake Forest, CA 92630",DoorDash,$84.00,-$33.60,$0.00,$5.89,,,$56.29,
Delivery,7/25/21,#464915938114464,F*CKING GOOD PIZZA,"20491 Alton Pkwy, Suite B, Lake Forest, CA 92630",Grubhub,$83.96,-$33.43,$0.00,$6.12,,,$56.65,
Delivery,7/25/21,#7315fab8,The United Pepperonis of Pizza,"20491 Alton Pkwy, Suite B, Lake Forest, CA 92630",DoorDash,$26.98,-$10.79,$0.00,$2.09,,,$18.28,
Delivery,7/24/21,#6298bb46,Mothership Pizza,"20491 Alton Pkwy, Suite B, Lake Forest, CA 92630",DoorDash,$24.00,-$9.60,$0.00,$1.86,,,$16.26,
Delivery,7/24/21,#3932bf30,Mothership Pizza,"20491 Alton Pkwy, Suite B, Lake Forest, CA 92630",DoorDash,$25.00,-$10.00,$0.00,$1.94,,,$16.94,
Delivery,7/24/21,#4DB45,F*CKING GOOD PIZZA,"20491 Alton Pkwy, Suite B, Lake Forest, CA 92630",Uber Eats,$31.48,-$12.59,$0.00,$0.00,,,$18.89,
Delivery,7/24/21,#c44f1a05,Ma's Meatballs,"20491 Alton Pkwy, Suite B, Lake Forest, CA 92630",DoorDash,$37.99,-$15.20,$0.00,$2.50,,,$25.29,
Delivery,7/24/21,#420e05a9,Ma's Meatballs,"20491 Alton Pkwy, Suite B, Lake Forest, CA 92630",DoorDash,$13.00,-$5.20,$0.00,$1.01,,,$8.81,
Delivery,7/24/21,#142c087e,Brooklyn Calzones,"20491 Alton Pkwy, Suite B, Lake Forest, CA 92630",DoorDash,$13.95,-$5.58,$0.00,$1.08,,,$9.45,
Delivery,7/24/21,#0bd78c11,Fusilli Fusilli,"20491 Alton Pkwy, Suite B, Lake Forest, CA 92630",DoorDash,$28.97,-$11.59,$0.00,$2.25,,,$19.63,
Delivery,7/24/21,#baa83722,Fusilli Fusilli,"20491 Alton Pkwy, Suite B, Lake Forest, CA 92630",DoorDash,$9.99,-$4.00,$0.00,$0.77,,,$6.76,
Delivery,7/24/21,#FD6B3,Killer Wings,"20491 Alton Pkwy, Suite B, Lake Forest, CA 92630",Uber Eats,$36.94,-$14.78,$0.00,$0.00,,,$22.16,
Delivery,7/24/21,#A451A,Mothership Pizza,"20491 Alton Pkwy, Suite B, Lake Forest, CA 92630",Uber Eats,$21.00,-$8.40,$0.00,$0.00,,,$12.60,
Delivery,7/24/21,#59762830,F*CKING GOOD PIZZA,"20491 Alton Pkwy, Suite B, Lake Forest, CA 92630",DoorDash,$16.49,-$6.60,$0.00,$1.28,,,$11.17,
Delivery,7/24/21,#4bab96aa,F*CKING GOOD PIZZA,"20491 Alton Pkwy, Suite B, Lake Forest, CA 92630",DoorDash,$52.97,-$21.19,$0.00,$4.11,,,$35.89,
Delivery,7/24/21,#1f43f52d,F*CKING GOOD PIZZA,"20491 Alton Pkwy, Suite B, Lake Forest, CA 92630",DoorDash,$40.23,-$16.09,$0.00,$3.12,,,$27.26,
Delivery,7/24/21,#d190b762,Brooklyn Calzones,"20491 Alton Pkwy, Suite B, Lake Forest, CA 92630",DoorDash,$13.95,-$5.58,$0.00,$1.08,,,$9.45,
Delivery,7/24/21,#155D4,Killer Wings,"20491 Alton Pkwy, Suite B, Lake Forest, CA 92630",Uber Eats,$49.99,-$20.00,$0.00,$0.00,,,$29.99,
Delivery,7/24/21,#02cd4662,F*CKING GOOD PIZZA,"20491 Alton Pkwy, Suite B, Lake Forest, CA 92630",DoorDash,$48.48,-$19.39,$0.00,$3.76,,,$32.85,
Delivery,7/24/21,#6FA09,The United Pepperonis of Pizza,"20491 Alton Pkwy, Suite B, Lake Forest, CA 92630",Uber Eats,$22.50,-$9.00,$0.00,$0.00,,,$13.50,
Delivery,7/23/21,#a0b687e0,Philly Fresh Cheesesteaks,"20491 Alton Pkwy, Suite B, Lake Forest, CA 92630",DoorDash,$30.97,-$12.39,$0.00,$2.04,,,$20.62,
Delivery,7/23/21,#6e033565,Ma's Meatballs,"20491 Alton Pkwy, Suite B, Lake Forest, CA 92630",DoorDash,$29.99,-$12.00,$0.00,$2.32,,,$20.31,
Delivery,7/23/21,#8855a83e,Ma's Meatballs,"20491 Alton Pkwy, Suite B, Lake Forest, CA 92630",DoorDash,$13.00,-$5.20,$0.00,$1.01,,,$8.81,
Delivery,7/23/21,#C8538,Ma's Meatballs,"20491 Alton Pkwy, Suite B, Lake Forest, CA 92630",Uber Eats,$26.00,-$10.40,$0.00,$0.00,,,$15.60,
Delivery,7/23/21,#a4ba0860,Ma's Meatballs,"20491 Alton Pkwy, Suite B, Lake Forest, CA 92630",DoorDash,$19.99,-$8.00,$0.00,$1.55,,,$13.54,
Delivery,7/23/21,#fa894bcd,F*CKING GOOD PIZZA,"20491 Alton Pkwy, Suite B, Lake Forest, CA 92630",DoorDash,$25.98,-$10.39,$0.00,$2.01,,,$17.60,
Delivery,7/23/21,#1b0174bb,F*CKING GOOD PIZZA,"20491 Alton Pkwy, Suite B, Lake Forest, CA 92630",DoorDash,$50.96,-$20.38,$0.00,$3.95,,,$34.53,
Delivery,7/23/21,#6cc80b43,Fusilli Fusilli,"20491 Alton Pkwy, Suite B, Lake Forest, CA 92630",DoorDash,$46.96,-$18.78,$0.00,$3.09,,,$31.27,
Delivery,7/23/21,#02518734,Brooklyn Calzones,"20491 Alton Pkwy, Suite B, Lake Forest, CA 92630",DoorDash,$40.85,-$16.34,$0.00,$2.69,,,$27.20,
Delivery,7/23/21,#afeeed97,Fusilli Fusilli,"20491 Alton Pkwy, Suite B, Lake Forest, CA 92630",DoorDash,$71.94,-$28.77,$0.00,$4.96,,,$48.13,
Delivery,7/23/21,#eefd3c43,Brooklyn Calzones,"20491 Alton Pkwy, Suite B, Lake Forest, CA 92630",DoorDash,$29.90,-$11.96,$0.00,$2.32,,,$20.26,
Delivery,7/23/21,#58153cfa,F*CKING GOOD PIZZA,"20491 Alton Pkwy, Suite B, Lake Forest, CA 92630",DoorDash,$13.99,-$5.60,$0.00,$1.08,,,$9.47,
Delivery,7/23/21,#3fd89795,Cupid's Wings,"20491 Alton Pkwy, Suite B, Lake Forest, CA 92630",DoorDash,$34.94,-$13.97,$0.00,$2.30,,,$23.27,
Delivery,7/23/21,#aba49b2e,F*CKING GOOD PIZZA,"20491 Alton Pkwy, Suite B, Lake Forest, CA 92630",DoorDash,$46.97,-$18.79,$0.00,$3.64,,,$31.82,
Delivery,7/23/21,#5dd4b099,Ma's Meatballs,"20491 Alton Pkwy, Suite B, Lake Forest, CA 92630",DoorDash,$39.98,-$15.99,$0.00,$2.63,,,$26.63,
Delivery,7/23/21,#56575,F*CKING GOOD PIZZA,"20491 Alton Pkwy, Suite B, Lake Forest, CA 92630",Uber Eats,$40.98,-$16.39,$0.00,$0.00,,,$24.59,
Delivery,7/23/21,#00cfab29,Ma's Meatballs,"20491 Alton Pkwy, Suite B, Lake Forest, CA 92630",DoorDash,$13.00,-$5.20,$0.00,$1.01,,,$8.81,
Delivery,7/23/21,#4270E,Brooklyn Calzones,"20491 Alton Pkwy, Suite B, Lake Forest, CA 92630",Uber Eats,$57.80,-$23.12,$0.00,$0.00,,,$34.68,
Delivery,7/23/21,#1CCB0,Killer Wings,"20491 Alton Pkwy, Suite B, Lake Forest, CA 92630",Uber Eats,$19.99,-$8.00,$0.00,$0.00,,,$11.99,
Delivery,7/22/21,#8D9CB,Fusilli Fusilli,"20491 Alton Pkwy, Suite B, Lake Forest, CA 92630",Uber Eats,$12.99,-$5.20,$0.00,$0.00,,,$7.79,
Delivery,7/22/21,#6c1ccf12,Mothership Pizza,"20491 Alton Pkwy, Suite B, Lake Forest, CA 92630",DoorDash,$41.00,-$16.40,$0.00,$3.18,,,$27.78,
Delivery,7/22/21,#47d93a09,Fusilli Fusilli,"20491 Alton Pkwy, Suite B, Lake Forest, CA 92630",DoorDash,$14.99,-$6.00,$0.00,$1.16,,,$10.15,
Delivery,7/22/21,#79cd16fa,Brooklyn Calzones,"20491 Alton Pkwy, Suite B, Lake Forest, CA 92630",DoorDash,$12.95,-$5.18,$0.00,$1.00,,,$8.77,
Delivery,7/22/21,#adfcc5b8,Fusilli Fusilli,"20491 Alton Pkwy, Suite B, Lake Forest, CA 92630",DoorDash,$34.47,-$13.79,$0.00,$2.27,,,$22.96,
Delivery,7/22/21,#ADCEA,Philly Fresh Cheesesteaks,"20491 Alton Pkwy, Suite B, Lake Forest, CA 92630",Uber Eats,$22.98,-$9.19,$0.00,$0.00,,,$13.79,
Delivery,7/22/21,#1f518dbf,F*CKING GOOD PIZZA,"20491 Alton Pkwy, Suite B, Lake Forest, CA 92630",DoorDash,$23.24,-$9.29,$0.00,$1.80,,,$15.75,
Delivery,7/22/21,#3e1995a7,Fusilli Fusilli,"20491 Alton Pkwy, Suite B, Lake Forest, CA 92630",DoorDash,$12.99,-$5.20,$0.00,$1.01,,,$8.80,
Delivery,7/22/21,#1b4b984a,Fusilli Fusilli,"20491 Alton Pkwy, Suite B, Lake Forest, CA 92630",DoorDash,$12.99,-$5.20,$0.00,$1.01,,,$8.80,
Delivery,7/22/21,#d8f6a8e5,Fusilli Fusilli,"20491 Alton Pkwy, Suite B, Lake Forest, CA 92630",DoorDash,$26.97,-$10.79,$0.00,$2.09,,,$18.27,
Delivery,7/22/21,#c8dfc4ae,Fusilli Fusilli,"20491 Alton Pkwy, Suite B, Lake Forest, CA 92630",DoorDash,$19.98,-$7.99,$0.00,$1.55,,,$13.54,
Delivery,7/22/21,#4f11a78f,Philly Fresh Cheesesteaks,"20491 Alton Pkwy, Suite B, Lake Forest, CA 92630",DoorDash,$35.97,-$14.39,$0.00,$2.79,,,$24.37,
Reimbursement,7/22/21,,F*CKING GOOD PIZZA,"20491 Alton Pkwy, Suite B, Lake Forest, CA 92630",,,,$14.46,,,,$14.46,Canceled Order Reimbursement
Reimbursement,7/22/21,,Fusilli Fusilli,"20491 Alton Pkwy, Suite B, Lake Forest, CA 92630",,,,$15.66,,,,$15.66,Canceled Order Reimbursement
Reimbursement,7/22/21,,Philly Fresh Cheesesteaks,"20491 Alton Pkwy, Suite B, Lake Forest, CA 92630",,,,$3.13,,,,$3.13,Canceled Order Reimbursement
Reimbursement,7/22/21,,F*CKING GOOD PIZZA,"20491 Alton Pkwy, Suite B, Lake Forest, CA 92630",,,,$5.06,,,,$5.06,Canceled Order Reimbursement
Reimbursement,7/22/21,,Cupid's Wings,"20491 Alton Pkwy, Suite B, Lake Forest, CA 92630",,,,$1.21,,,,$1.21,Canceled Order Reimbursement
Reimbursement,7/22/21,,Fusilli Fusilli,"20491 Alton Pkwy, Suite B, Lake Forest, CA 92630",,,,$15.15,,,,$15.15,Canceled Order Reimbursement
Reimbursement,7/22/21,,Brooklyn Calzones,"20491 Alton Pkwy, Suite B, Lake Forest, CA 92630",,,,$3.12,,,,$3.12,Canceled Order Reimbursement
Reimbursement,7/22/21,,F*CKING GOOD PIZZA,"20491 Alton Pkwy, Suite B, Lake Forest, CA 92630",,,,$5.60,,,,$5.60,Canceled Order Reimbursement
Reimbursement,7/22/21,,Just Wing It.,"20491 Alton Pkwy, Suite B, Lake Forest, CA 92630",,,,$1.23,,,,$1.23,Canceled Order Reimbursement
Reimbursement,7/22/21,,Fusilli Fusilli,"20491 Alton Pkwy, Suite B, Lake Forest, CA 92630",,,,$5.05,,,,$5.05,Canceled Order Reimbursement
Reimbursement,7/22/21,,Cheeky's Cheesesteaks,"20491 Alton Pkwy, Suite B, Lake Forest, CA 92630",,,,$4.88,,,,$4.88,Canceled Order Reimbursement
Reimbursement,7/22/21,,Fusilli Fusilli,"20491 Alton Pkwy, Suite B, Lake Forest, CA 92630",,,,$6.57,,,,$6.57,Canceled Order Reimbursement
Reimbursement,7/22/21,,Mothership Pizza,"20491 Alton Pkwy, Suite B, Lake Forest, CA 92630",,,,$24.60,,,,$24.60,Canceled Order Reimbursement
Reimbursement,7/22/21,,Mothership Pizza,"20491 Alton Pkwy, Suite B, Lake Forest, CA 92630",,,,$10.12,,,,$10.12,Canceled Order Reimbursement
Reimbursement,7/22/21,,Cheeky's Cheesesteaks,"20491 Alton Pkwy, Suite B, Lake Forest, CA 92630",,,,$3.43,,,,$3.43,Canceled Order Reimbursement
Reimbursement,7/22/21,,Fusilli Fusilli,"20491 Alton Pkwy, Suite B, Lake Forest, CA 92630",,,,$3.28,,,,$3.28,Canceled Order Reimbursement
Reimbursement,7/22/21,,Brooklyn Calzones,"20491 Alton Pkwy, Suite B, Lake Forest, CA 92630",,,,$6.73,,,,$6.73,Canceled Order Reimbursement
Reimbursement,7/22/21,,Just Wing It.,"20491 Alton Pkwy, Suite B, Lake Forest, CA 92630",,,,$7.35,,,,$7.35,Canceled Order Reimbursement
Delivery,7/22/21,#336415904937545,F*CKING GOOD PIZZA,"20491 Alton Pkwy, Suite B, Lake Forest, CA 92630",Grubhub,$29.98,-$11.84,$0.00,$1.94,,,$20.08,
Delivery,7/22/21,#19825,F*CKING GOOD PIZZA,"20491 Alton Pkwy, Suite B, Lake Forest, CA 92630",Uber Eats,$17.99,-$7.20,$0.00,$0.00,,,$10.79,
Delivery,7/22/21,#12cf82f3,Cheeky's Cheesesteaks,"20491 Alton Pkwy, Suite B, Lake Forest, CA 92630",DoorDash,$11.99,-$4.80,$0.00,$0.93,,,$8.12,
Delivery,7/22/21,#e209f947,Fusilli Fusilli,"20491 Alton Pkwy, Suite B, Lake Forest, CA 92630",DoorDash,$29.97,-$11.99,$0.00,$2.32,,,$20.30,
Delivery,7/22/21,#95ee760d,Brooklyn Calzones,"20491 Alton Pkwy, Suite B, Lake Forest, CA 92630",DoorDash,$20.45,-$8.18,$0.00,$1.58,,,$13.85,
Delivery,7/22/21,#0a969f0d,Killer Wings,"20491 Alton Pkwy, Suite B, Lake Forest, CA 92630",DoorDash,$29.94,-$11.97,$0.00,$2.32,,,$20.29,
Delivery,7/22/21,#D8AB4,Brooklyn Calzones,"20491 Alton Pkwy, Suite B, Lake Forest, CA 92630",Uber Eats,$53.80,-$21.52,$0.00,$0.00,,,$32.28,
Delivery,7/22/21,#f141439c,Brooklyn Calzones,"20491 Alton Pkwy, Suite B, Lake Forest, CA 92630",DoorDash,$14.95,-$3.29,$0.00,$1.16,,,$12.83,
Delivery,7/22/21,#800D9,Mothership Pizza,"20491 Alton Pkwy, Suite B, Lake Forest, CA 92630",Uber Eats,$43.00,-$17.20,$0.00,$0.00,,,$25.80,
Delivery,7/22/21,#aa5699fe,Philly Fresh Cheesesteaks,"20491 Alton Pkwy, Suite B, Lake Forest, CA 92630",DoorDash,$20.48,-$8.19,$0.00,$1.59,,,$13.88,
Delivery,7/21/21,#83a115cc,Philly Fresh Cheesesteaks,"20491 Alton Pkwy, Suite B, Lake Forest, CA 92630",DoorDash,$20.48,-$8.19,$0.00,$1.59,,,$13.88,
Delivery,7/21/21,#A7DA4,Philly Fresh Cheesesteaks,"20491 Alton Pkwy, Suite B, Lake Forest, CA 92630",Uber Eats,$43.96,-$17.58,$0.00,$0.00,,,$26.38,
Delivery,7/21/21,#304f3a64,Mothership Pizza,"20491 Alton Pkwy, Suite B, Lake Forest, CA 92630",DoorDash,$71.00,-$28.40,$0.00,$4.88,,,$47.48,
Delivery,7/21/21,#be3f1aeb,Brooklyn Calzones,"20491 Alton Pkwy, Suite B, Lake Forest, CA 92630",DoorDash,$12.95,-$5.18,$0.00,$1.00,,,$8.77,
Delivery,7/21/21,#edec677d,Mothership Pizza,"20491 Alton Pkwy, Suite B, Lake Forest, CA 92630",DoorDash,$41.00,-$16.40,$0.00,$3.18,,,$27.78,
Delivery,7/21/21,#74450574,Fusilli Fusilli,"20491 Alton Pkwy, Suite B, Lake Forest, CA 92630",DoorDash,$18.98,-$7.59,$0.00,$1.47,,,$12.86,
Delivery,7/21/21,#FB99A,Brooklyn Calzones,"20491 Alton Pkwy, Suite B, Lake Forest, CA 92630",Uber Eats,$41.85,-$16.74,$0.00,$0.00,,,$25.11,
Delivery,7/21/21,#762AD,Fusilli Fusilli,"20491 Alton Pkwy, Suite B, Lake Forest, CA 92630",Uber Eats,$38.96,-$15.58,$0.00,$0.00,,,$23.38,
Delivery,7/21/21,#213915900328465,The United Pepperonis of Pizza,"20491 Alton Pkwy, Suite B, Lake Forest, CA 92630",Grubhub,$13.99,-$5.60,$0.00,$1.08,,,$9.47,
Delivery,7/21/21,#c8d9e618,Ma's Meatballs,"20491 Alton Pkwy, Suite B, Lake Forest, CA 92630",DoorDash,$13.00,-$5.20,$0.00,$1.01,,,$8.81,
Delivery,7/21/21,#5AA7A,Brooklyn Calzones,"20491 Alton Pkwy, Suite B, Lake Forest, CA 92630",Uber Eats,$28.90,-$11.56,$0.00,$0.00,,,$17.34,
Delivery,7/21/21,#7a214e37,Brooklyn Calzones,"20491 Alton Pkwy, Suite B, Lake Forest, CA 92630",DoorDash,$12.95,-$5.18,$0.00,$1.00,,,$8.77,
Delivery,7/21/21,#1E2A4,Mothership Pizza,"20491 Alton Pkwy, Suite B, Lake Forest, CA 92630",Uber Eats,$16.00,-$6.40,$0.00,$0.00,,,$9.60,
Delivery,7/21/21,#640bff83,F*CKING GOOD PIZZA,"20491 Alton Pkwy, Suite B, Lake Forest, CA 92630",DoorDash,$30.48,-$12.19,$0.00,$2.01,,,$20.30,
Delivery,7/21/21,#C03A2,Mothership Pizza,"20491 Alton Pkwy, Suite B, Lake Forest, CA 92630",Uber Eats,$41.99,-$16.80,$0.00,$0.00,,,$25.19,
Delivery,7/21/21,#eb29ea0b,F*CKING GOOD PIZZA,"20491 Alton Pkwy, Suite B, Lake Forest, CA 92630",DoorDash,$17.99,-$7.20,$0.00,$1.39,,,$12.18,
Delivery,7/21/21,#ed8b485e,Fusilli Fusilli,"20491 Alton Pkwy, Suite B, Lake Forest, CA 92630",DoorDash,$14.99,-$6.00,$0.00,$1.16,,,$10.15,
Delivery,7/21/21,#4FA91,Philly Fresh Cheesesteaks,"20491 Alton Pkwy, Suite B, Lake Forest, CA 92630",Uber Eats,$41.47,-$16.59,$0.00,$0.00,,,$24.88,
Delivery,7/21/21,#354A6,Philly Fresh Cheesesteaks,"20491 Alton Pkwy, Suite B, Lake Forest, CA 92630",Uber Eats,$40.95,-$16.38,$0.00,$0.00,,,$24.57,
Delivery,7/21/21,#6c37e6df,Ma's Meatballs,"20491 Alton Pkwy, Suite B, Lake Forest, CA 92630",DoorDash,$55.97,-$22.38,$0.00,$3.72,,,$37.31,
Delivery,7/21/21,#b0b068b5,Cupid's Wings,"20491 Alton Pkwy, Suite B, Lake Forest, CA 92630",DoorDash,$29.95,-$11.98,$0.00,$2.32,,,$20.29,
Delivery,7/21/21,#734EE,Killer Wings,"20491 Alton Pkwy, Suite B, Lake Forest, CA 92630",Uber Eats,$10.99,-$1.65,$0.00,$0.00,,,$9.34,
Delivery,7/21/21,#184915894454331,F*CKING GOOD PIZZA,"20491 Alton Pkwy, Suite B, Lake Forest, CA 92630",Grubhub,$45.97,-$18.25,$0.00,$3.18,,,$30.90,
Delivery,7/21/21,#58680,F*CKING GOOD PIZZA,"20491 Alton Pkwy, Suite B, Lake Forest, CA 92630",Uber Eats,$17.99,-$7.20,$0.00,$0.00,,,$10.79,
Delivery,7/20/21,#543f103f,F*CKING GOOD PIZZA,"20491 Alton Pkwy, Suite B, Lake Forest, CA 92630",DoorDash,$23.99,-$9.60,$0.00,$1.86,,,$16.25,
Delivery,7/20/21,#16C6F,Ma's Meatballs,"20491 Alton Pkwy, Suite B, Lake Forest, CA 92630",Uber Eats,$8.00,-$3.20,$0.00,$0.00,,,$4.80,
Delivery,7/20/21,#072415899969985,Philly Fresh Cheesesteaks,"20491 Alton Pkwy, Suite B, Lake Forest, CA 92630",Grubhub,$38.97,-$15.50,$0.00,$2.79,,,$26.26,
Delivery,7/20/21,#029448b7,Ma's Meatballs,"20491 Alton Pkwy, Suite B, Lake Forest, CA 92630",DoorDash,$34.00,-$13.60,$0.00,$2.24,,,$22.64,
Delivery,7/20/21,#54456,Brooklyn Calzones,"20491 Alton Pkwy, Suite B, Lake Forest, CA 92630",Uber Eats,$15.45,-$6.18,$0.00,$0.00,,,$9.27,
Delivery,7/20/21,#db2d049f,Mothership Pizza,"20491 Alton Pkwy, Suite B, Lake Forest, CA 92630",DoorDash,$41.99,-$16.80,$0.00,$2.77,,,$27.96,
Delivery,7/20/21,#41f84058,Brooklyn Calzones,"20491 Alton Pkwy, Suite B, Lake Forest, CA 92630",DoorDash,$17.95,-$7.18,$0.00,$1.39,,,$12.16,
Delivery,7/20/21,#d178725f,Brooklyn Calzones,"20491 Alton Pkwy, Suite B, Lake Forest, CA 92630",DoorDash,$13.95,-$5.58,$0.00,$1.08,,,$9.45,
Delivery,7/20/21,#bfbbb1c8,Fusilli Fusilli,"20491 Alton Pkwy, Suite B, Lake Forest, CA 92630",DoorDash,$25.97,-$10.39,$0.00,$2.01,,,$17.59,
Delivery,7/20/21,#2a6e1b10,Pasta Pirozzi,"20491 Alton Pkwy, Suite B, Lake Forest, CA 92630",DoorDash,$39.96,-$15.98,$0.00,$2.63,,,$26.61,
Delivery,7/20/21,#99D04,Mothership Pizza,"20491 Alton Pkwy, Suite B, Lake Forest, CA 92630",Uber Eats,$13.00,-$5.20,$0.00,$0.00,,,$7.80,
Delivery,7/20/21,#97924f88,Brooklyn Calzones,"20491 Alton Pkwy, Suite B, Lake Forest, CA 92630",DoorDash,$13.95,-$5.58,$0.00,$1.08,,,$9.45,
Delivery,7/20/21,#61782,Ma's Meatballs,"20491 Alton Pkwy, Suite B, Lake Forest, CA 92630",Uber Eats,$24.99,-$10.00,$0.00,$0.00,,,$14.99,
Delivery,7/20/21,#4fe054b1,Fusilli Fusilli,"20491 Alton Pkwy, Suite B, Lake Forest, CA 92630",DoorDash,$15.98,-$6.39,$0.00,$1.24,,,$10.83,
Delivery,7/20/21,#73d161fb,Brooklyn Calzones,"20491 Alton Pkwy, Suite B, Lake Forest, CA 92630",DoorDash,$31.90,-$7.87,$0.00,$2.10,,,$26.13,
Delivery,7/20/21,#65256cf0,Fusilli Fusilli,"20491 Alton Pkwy, Suite B, Lake Forest, CA 92630",DoorDash,$12.49,-$5.00,$0.00,$0.97,,,$8.46,
Delivery,7/20/21,#c0b4f138,Fusilli Fusilli,"20491 Alton Pkwy, Suite B, Lake Forest, CA 92630",DoorDash,$9.99,-$2.50,$0.00,$0.77,,,$8.26,
Delivery,7/20/21,#F9B55,F*CKING GOOD PIZZA,"20491 Alton Pkwy, Suite B, Lake Forest, CA 92630",Uber Eats,$37.24,-$14.90,$0.00,$0.00,,,$22.34,
Delivery,7/19/21,#232715884981654,F*CKING GOOD PIZZA,"20491 Alton Pkwy, Suite B, Lake Forest, CA 92630",Grubhub,$13.99,-$5.45,$0.00,$0.70,,,$9.24,
Delivery,7/19/21,#3fe473f4,Mothership Pizza,"20491 Alton Pkwy, Suite B, Lake Forest, CA 92630",DoorDash,$32.00,-$12.80,$0.00,$2.11,,,$21.31,
Delivery,7/19/21,#67c894eb,Brooklyn Calzones,"20491 Alton Pkwy, Suite B, Lake Forest, CA 92630",DoorDash,$18.45,-$7.38,$0.00,$1.43,,,$12.50,
Delivery,7/19/21,#9135E,Brooklyn Calzones,"20491 Alton Pkwy, Suite B, Lake Forest, CA 92630",Uber Eats,$23.95,-$9.58,$0.00,$0.00,,,$14.37,
Delivery,7/19/21,#bdc28081,Fusilli Fusilli,"20491 Alton Pkwy, Suite B, Lake Forest, CA 92630",DoorDash,$12.99,-$5.20,$0.00,$1.01,,,$8.80,
Delivery,7/19/21,#390203c4,Fusilli Fusilli,"20491 Alton Pkwy, Suite B, Lake Forest, CA 92630",DoorDash,$45.96,-$18.38,$0.00,$3.03,,,$30.61,
Delivery,7/19/21,#EB9C6,Philly Fresh Cheesesteaks,"20491 Alton Pkwy, Suite B, Lake Forest, CA 92630",Uber Eats,$30.98,-$12.39,$0.00,$0.00,,,$18.59,
Delivery,7/19/21,#266315879791009,Brooklyn Calzones,"20491 Alton Pkwy, Suite B, Lake Forest, CA 92630",Grubhub,$12.95,-$5.18,$0.00,$1.00,,,$8.77,
Delivery,7/19/21,#431115870392211,Philly Fresh Cheesesteaks,"20491 Alton Pkwy, Suite B, Lake Forest, CA 92630",Grubhub,$15.49,-$6.19,$0.00,$1.20,,,$10.50,
Delivery,7/19/21,#908215877365500,Philly Fresh Cheesesteaks,"20491 Alton Pkwy, Suite B, Lake Forest, CA 92630",Grubhub,$12.99,-$5.20,$0.00,$1.01,,,$8.80,
Delivery,7/19/21,#CE88D,Killer Wings,"20491 Alton Pkwy, Suite B, Lake Forest, CA 92630",Uber Eats,$26.99,-$10.80,$0.00,$0.00,,,$16.19,
Delivery,7/19/21,#536b1d4c,Ma's Meatballs,"20491 Alton Pkwy, Suite B, Lake Forest, CA 92630",DoorDash,$26.99,-$10.80,$0.00,$2.09,,,$18.28,
Delivery,7/19/21,#b3d48374,Ma's Meatballs,"20491 Alton Pkwy, Suite B, Lake Forest, CA 92630",DoorDash,$13.00,-$5.20,$0.00,$1.01,,,$8.81,
Delivery,7/19/21,#5E0E6,F*CKING GOOD PIZZA,"20491 Alton Pkwy, Suite B, Lake Forest, CA 92630",Uber Eats,$34.24,-$13.70,$0.00,$0.00,,,$20.54,
Delivery,7/19/21,#aaf50696,Philly Fresh Cheesesteaks,"20491 Alton Pkwy, Suite B, Lake Forest, CA 92630",DoorDash,$17.98,-$7.19,$0.00,$1.39,,,$12.18,
Delivery,7/18/21,#290f0714,Fusilli Fusilli,"20491 Alton Pkwy, Suite B, Lake Forest, CA 92630",DoorDash,$12.99,-$5.20,$0.00,$1.01,,,$8.80,
Delivery,7/18/21,#13f61657,Mothership Pizza,"20491 Alton Pkwy, Suite B, Lake Forest, CA 92630",DoorDash,$21.00,-$8.40,$0.00,$1.63,,,$14.23,
Delivery,7/18/21,#54D9F,F*CKING GOOD PIZZA,"20491 Alton Pkwy, Suite B, Lake Forest, CA 92630",Uber Eats,$48.47,-$19.39,$0.00,$0.00,,,$29.08,
Delivery,7/18/21,#da752cb1,Cheeky's Cheesesteaks,"20491 Alton Pkwy, Suite B, Lake Forest, CA 92630",DoorDash,$14.49,-$5.80,$0.00,$1.12,,,$9.81,
Delivery,7/18/21,#607f535a,Cheeky's Cheesesteaks,"20491 Alton Pkwy, Suite B, Lake Forest, CA 92630",DoorDash,$14.49,-$5.80,$0.00,$1.12,,,$9.81,
Delivery,7/18/21,#46022d6c,The Hot Italian,"20491 Alton Pkwy, Suite B, Lake Forest, CA 92630",DoorDash,$12.99,-$5.20,$0.00,$1.01,,,$8.80,
Delivery,7/18/21,#233615871118990,Mothership Pizza,"20491 Alton Pkwy, Suite B, Lake Forest, CA 92630",Grubhub,$21.00,-$8.25,$0.00,$1.24,,,$13.99,
Delivery,7/18/21,#9b026685,Just Wing It.,"20491 Alton Pkwy, Suite B, Lake Forest, CA 92630",DoorDash,$38.97,-$15.59,$0.00,$2.57,,,$25.95,
Delivery,7/18/21,#07A07,Mothership Pizza,"20491 Alton Pkwy, Suite B, Lake Forest, CA 92630",Uber Eats,$34.00,-$13.60,$0.00,$0.00,,,$20.40,
Delivery,7/18/21,#c3776ea7,The Hot Italian,"20491 Alton Pkwy, Suite B, Lake Forest, CA 92630",DoorDash,$12.99,-$5.20,$0.00,$1.01,,,$8.80,
Delivery,7/18/21,#f2fa8d64,Brooklyn Calzones,"20491 Alton Pkwy, Suite B, Lake Forest, CA 92630",DoorDash,$30.90,-$12.36,$0.00,$2.04,,,$20.58,
Delivery,7/18/21,#a00a3b97,Fusilli Fusilli,"20491 Alton Pkwy, Suite B, Lake Forest, CA 92630",DoorDash,$45.96,-$18.38,$0.00,$3.03,,,$30.61,
Delivery,7/18/21,#1D2F3,F*CKING GOOD PIZZA,"20491 Alton Pkwy, Suite B, Lake Forest, CA 92630",Uber Eats,$62.97,-$25.19,$0.00,$0.00,,,$37.78,
Delivery,7/18/21,#7fd331e2,Brooklyn Calzones,"20491 Alton Pkwy, Suite B, Lake Forest, CA 92630",DoorDash,$12.95,-$5.18,$0.00,$1.00,,,$8.77,
Delivery,7/18/21,#cdc079fa,F*CKING GOOD PIZZA,"20491 Alton Pkwy, Suite B, Lake Forest, CA 92630",DoorDash,$23.99,-$9.60,$0.00,$1.86,,,$16.25,
Delivery,7/18/21,#7330F,Pasta Pirozzi,"20491 Alton Pkwy, Suite B, Lake Forest, CA 92630",Uber Eats,$13.99,-$5.60,$0.00,$0.00,,,$8.39,
Delivery,7/18/21,#989615864122424,F*CKING GOOD PIZZA,"20491 Alton Pkwy, Suite B, Lake Forest, CA 92630",Grubhub,$20.99,-$8.40,$0.00,$1.63,,,$14.22,
Delivery,7/18/21,#9762b469,Fusilli Fusilli,"20491 Alton Pkwy, Suite B, Lake Forest, CA 92630",DoorDash,$12.98,-$5.19,$0.00,$1.01,,,$8.80,
Delivery,7/18/21,#fc4a11cc,Pasta Pirozzi,"20491 Alton Pkwy, Suite B, Lake Forest, CA 92630",DoorDash,$33.97,-$13.58,$0.00,$2.24,,,$22.63,
Delivery,7/18/21,#2764ec5e,Brooklyn Calzones,"20491 Alton Pkwy, Suite B, Lake Forest, CA 92630",DoorDash,$17.45,-$6.98,$0.00,$1.35,,,$11.82,
Delivery,7/18/21,#1719ea6b,Brooklyn Calzones,"20491 Alton Pkwy, Suite B, Lake Forest, CA 92630",DoorDash,$17.95,-$7.18,$0.00,$1.39,,,$12.16,
Delivery,7/18/21,#75A85,F*CKING GOOD PIZZA,"20491 Alton Pkwy, Suite B, Lake Forest, CA 92630",Uber Eats,$50.98,-$20.39,$0.00,$0.00,,,$30.59,
Delivery,7/18/21,#193EB,F*CKING GOOD PIZZA,"20491 Alton Pkwy, Suite B, Lake Forest, CA 92630",Uber Eats,$42.97,-$17.19,$0.00,$0.00,,,$25.78,
Delivery,7/18/21,#323e0cb4,F*CKING GOOD PIZZA,"20491 Alton Pkwy, Suite B, Lake Forest, CA 92630",DoorDash,$24.24,-$9.69,$0.00,$1.88,,,$16.43,
Delivery,7/17/21,#649f5986,Brooklyn Calzones,"20491 Alton Pkwy, Suite B, Lake Forest, CA 92630",DoorDash,$12.95,-$5.18,$0.00,$1.00,,,$8.77,
Delivery,7/17/21,#267b6a46,Philly Fresh Cheesesteaks,"20491 Alton Pkwy, Suite B, Lake Forest, CA 92630",DoorDash,$17.98,-$7.19,$0.00,$1.39,,,$12.18,
Delivery,7/17/21,#aca0cf08,Fusilli Fusilli,"20491 Alton Pkwy, Suite B, Lake Forest, CA 92630",DoorDash,$31.97,-$12.78,$0.00,$2.11,,,$21.30,
Delivery,7/17/21,#0f7d4766,Brooklyn Calzones,"20491 Alton Pkwy, Suite B, Lake Forest, CA 92630",DoorDash,$44.35,-$17.74,$0.00,$2.92,,,$29.53,
Delivery,7/17/21,#0748591a,The United Pepperonis of Pizza,"20491 Alton Pkwy, Suite B, Lake Forest, CA 92630",DoorDash,$19.24,-$7.69,$0.00,$1.49,,,$13.04,
Delivery,7/17/21,#23347,Philly Fresh Cheesesteaks,"20491 Alton Pkwy, Suite B, Lake Forest, CA 92630",Uber Eats,$15.49,-$6.19,$0.00,$0.00,,,$9.30,
Delivery,7/17/21,#73fbb289,F*CKING GOOD PIZZA,"20491 Alton Pkwy, Suite B, Lake Forest, CA 92630",DoorDash,$95.95,-$38.38,$0.00,$6.82,,,$64.39,
Delivery,7/17/21,#9DCBB,F*CKING GOOD PIZZA,"20491 Alton Pkwy, Suite B, Lake Forest, CA 92630",Uber Eats,$20.49,-$8.19,$0.00,$0.00,,,$12.30,
Delivery,7/17/21,#79080,F*CKING GOOD PIZZA,"20491 Alton Pkwy, Suite B, Lake Forest, CA 92630",Uber Eats,$22.98,-$9.19,$0.00,$0.00,,,$13.79,
Delivery,7/17/21,#3a90cfb0,F*CKING GOOD PIZZA,"20491 Alton Pkwy, Suite B, Lake Forest, CA 92630",DoorDash,$13.99,-$5.60,$0.00,$1.08,,,$9.47,
Delivery,7/17/21,#42e7c370,Just Wing It.,"20491 Alton Pkwy, Suite B, Lake Forest, CA 92630",DoorDash,$28.97,-$11.59,$0.00,$2.25,,,$19.63,
Delivery,7/17/21,#6F31F,Pasta Pirozzi,"20491 Alton Pkwy, Suite B, Lake Forest, CA 92630",Uber Eats,$19.98,-$7.99,$0.00,$0.00,,,$11.99,
Delivery,7/17/21,#f8d94527,F*CKING GOOD PIZZA,"20491 Alton Pkwy, Suite B, Lake Forest, CA 92630",DoorDash,$19.74,-$7.89,$0.00,$1.53,,,$13.38,
Delivery,7/17/21,#84863b30,Philly Fresh Cheesesteaks,"20491 Alton Pkwy, Suite B, Lake Forest, CA 92630",DoorDash,$84.42,-$33.77,$0.00,$5.92,,,$56.57,
Delivery,7/17/21,#5F12B,Brooklyn Calzones,"20491 Alton Pkwy, Suite B, Lake Forest, CA 92630",Uber Eats,$43.35,-$17.34,$0.00,$0.00,,,$26.01,
Delivery,7/17/21,#C86BF,Brooklyn Calzones,"20491 Alton Pkwy, Suite B, Lake Forest, CA 92630",Uber Eats,$54.80,-$21.92,$0.00,$0.00,,,$32.88,
Delivery,7/17/21,#AA7C1,Mothership Pizza,"20491 Alton Pkwy, Suite B, Lake Forest, CA 92630",Uber Eats,$43.00,-$17.20,$0.00,$0.00,,,$25.80,
Delivery,7/17/21,#e575e307,Brooklyn Calzones,"20491 Alton Pkwy, Suite B, Lake Forest, CA 92630",DoorDash,$13.95,-$5.58,$0.00,$1.08,,,$9.45,
Delivery,7/17/21,#707313f7,Brooklyn Calzones,"20491 Alton Pkwy, Suite B, Lake Forest, CA 92630",DoorDash,$30.90,-$12.36,$0.00,$2.04,,,$20.58,
Delivery,7/17/21,#578f8f81,Philly Fresh Cheesesteaks,"20491 Alton Pkwy, Suite B, Lake Forest, CA 92630",DoorDash,$30.97,-$12.39,$0.00,$2.04,,,$20.62,
Delivery,7/17/21,#CD166,Philly Fresh Cheesesteaks,"20491 Alton Pkwy, Suite B, Lake Forest, CA 92630",Uber Eats,$25.98,-$10.39,$0.00,$0.00,,,$15.59,
Delivery,7/17/21,#33154,Mothership Pizza,"20491 Alton Pkwy, Suite B, Lake Forest, CA 92630",Uber Eats,$20.00,-$8.00,$0.00,$0.00,,,$12.00,
Delivery,7/17/21,#F0272,Killer Wings,"20491 Alton Pkwy, Suite B, Lake Forest, CA 92630",Uber Eats,$32.94,-$13.18,$0.00,$0.00,,,$19.76,
Delivery,7/17/21,#A2671,Philly Fresh Cheesesteaks,"20491 Alton Pkwy, Suite B, Lake Forest, CA 92630",Uber Eats,$20.48,-$8.19,$0.00,$0.00,,,$12.29,
Delivery,7/17/21,#330DB,Killer Wings,"20491 Alton Pkwy, Suite B, Lake Forest, CA 92630",Uber Eats,$21.98,-$8.79,$0.00,$0.00,,,$13.19,
Delivery,7/17/21,#aaf382d8,Philly Fresh Cheesesteaks,"20491 Alton Pkwy, Suite B, Lake Forest, CA 92630",DoorDash,$15.49,-$6.20,$0.00,$1.20,,,$10.49,
Delivery,7/17/21,#c38708b6,Brooklyn Calzones,"20491 Alton Pkwy, Suite B, Lake Forest, CA 92630",DoorDash,$15.45,-$6.18,$0.00,$1.20,,,$10.47,
Delivery,7/17/21,#be8a4dc1,Brooklyn Calzones,"20491 Alton Pkwy, Suite B, Lake Forest, CA 92630",DoorDash,$40.85,-$16.34,$0.00,$2.69,,,$27.20,
Delivery,7/16/21,#2b48d009,F*CKING GOOD PIZZA,"20491 Alton Pkwy, Suite B, Lake Forest, CA 92630",DoorDash,$29.49,-$11.80,$0.00,$2.29,,,$19.98,
Delivery,7/16/21,#28fa657c,Cupid's Wings,"20491 Alton Pkwy, Suite B, Lake Forest, CA 92630",DoorDash,$24.95,-$9.98,$0.00,$1.93,,,$16.90,
Delivery,7/16/21,#c1c38c8c,Mothership Pizza,"20491 Alton Pkwy, Suite B, Lake Forest, CA 92630",DoorDash,$72.00,-$28.80,$0.00,$4.96,,,$48.16,
Delivery,7/16/21,#2f7fba9d,F*CKING GOOD PIZZA,"20491 Alton Pkwy, Suite B, Lake Forest, CA 92630",DoorDash,$20.99,-$8.40,$0.00,$1.63,,,$14.22,
Delivery,7/16/21,#600cf472,Fusilli Fusilli,"20491 Alton Pkwy, Suite B, Lake Forest, CA 92630",DoorDash,$24.98,-$9.99,$0.00,$1.94,,,$16.93,
Delivery,7/16/21,#895B3,Ma's Meatballs,"20491 Alton Pkwy, Suite B, Lake Forest, CA 92630",Uber Eats,$26.00,-$10.40,$0.00,$0.00,,,$15.60,
Delivery,7/16/21,#5d08da20,F*CKING GOOD PIZZA,"20491 Alton Pkwy, Suite B, Lake Forest, CA 92630",DoorDash,$21.99,-$8.80,$0.00,$1.70,,,$14.89,
Delivery,7/16/21,#c195246b,Mothership Pizza,"20491 Alton Pkwy, Suite B, Lake Forest, CA 92630",DoorDash,$45.00,-$18.00,$0.00,$2.96,,,$29.96,
Delivery,7/16/21,#3224b18f,Brooklyn Calzones,"20491 Alton Pkwy, Suite B, Lake Forest, CA 92630",DoorDash,$26.90,-$10.76,$0.00,$2.08,,,$18.22,
Delivery,7/16/21,#908215857396596,F*CKING GOOD PIZZA,"20491 Alton Pkwy, Suite B, Lake Forest, CA 92630",Grubhub,$30.48,-$12.04,$0.00,$1.97,,,$20.41,
Delivery,7/16/21,#992215857850935,The United Pepperonis of Pizza,"20491 Alton Pkwy, Suite B, Lake Forest, CA 92630",Grubhub,$45.97,-$18.30,$0.00,$3.33,,,$31.00,
Delivery,7/16/21,#B4E30,Killer Wings,"20491 Alton Pkwy, Suite B, Lake Forest, CA 92630",Uber Eats,$34.93,-$13.97,$0.00,$0.00,,,$20.96,
Delivery,7/16/21,#afdab450,Pasta Pirozzi,"20491 Alton Pkwy, Suite B, Lake Forest, CA 92630",DoorDash,$30.98,-$12.39,$0.00,$2.04,,,$20.63,
Delivery,7/16/21,#3f01e7cd,Brooklyn Calzones,"20491 Alton Pkwy, Suite B, Lake Forest, CA 92630",DoorDash,$15.95,-$6.38,$0.00,$1.24,,,$10.81,
Delivery,7/16/21,#7e21a9d2,Brooklyn Calzones,"20491 Alton Pkwy, Suite B, Lake Forest, CA 92630",DoorDash,$17.45,-$6.98,$0.00,$1.35,,,$11.82,
Delivery,7/16/21,#e396cdd4,Just Wing It.,"20491 Alton Pkwy, Suite B, Lake Forest, CA 92630",DoorDash,$18.99,-$7.60,$0.00,$1.47,,,$12.86,
Delivery,7/16/21,#81f933cd,Brooklyn Calzones,"20491 Alton Pkwy, Suite B, Lake Forest, CA 92630",DoorDash,$42.85,-$17.14,$0.00,$2.82,,,$28.53,
Delivery,7/16/21,#233115849908013,Brooklyn Calzones,"20491 Alton Pkwy, Suite B, Lake Forest, CA 92630",Grubhub,$25.90,-$10.22,$0.00,$1.62,,,$17.30,
Delivery,7/16/21,#AB13C,F*CKING GOOD PIZZA,"20491 Alton Pkwy, Suite B, Lake Forest, CA 92630",Uber Eats,$26.24,-$10.50,$0.00,$0.00,,,$15.74,
Delivery,7/15/21,#2c17999e,Brooklyn Calzones,"20491 Alton Pkwy, Suite B, Lake Forest, CA 92630",DoorDash,$44.85,-$17.94,$0.00,$2.95,,,$29.86,
Delivery,7/15/21,#3534ac38,Cheeky's Cheesesteaks,"20491 Alton Pkwy, Suite B, Lake Forest, CA 92630",DoorDash,$15.98,-$6.39,$0.00,$1.24,,,$10.83,
Delivery,7/15/21,#4e1ea5eb,Brooklyn Calzones,"20491 Alton Pkwy, Suite B, Lake Forest, CA 92630",DoorDash,$14.95,-$5.98,$0.00,$1.16,,,$10.13,
Delivery,7/15/21,#735A5,Fusilli Fusilli,"20491 Alton Pkwy, Suite B, Lake Forest, CA 92630",Uber Eats,$18.98,-$7.59,$0.00,$0.00,,,$11.39,
Delivery,7/15/21,#07B7A,The United Pepperonis of Pizza,"20491 Alton Pkwy, Suite B, Lake Forest, CA 92630",Uber Eats,$19.99,-$8.00,$0.00,$0.00,,,$11.99,
Delivery,7/15/21,#4C4B2,Brooklyn Calzones,"20491 Alton Pkwy, Suite B, Lake Forest, CA 92630",Uber Eats,$43.35,-$17.34,$0.00,$0.00,,,$26.01,
Delivery,7/15/21,#7708E,Philly Fresh Cheesesteaks,"20491 Alton Pkwy, Suite B, Lake Forest, CA 92630",Uber Eats,$123.88,-$49.55,$0.00,$0.00,,,$74.33,
Delivery,7/15/21,#79776a5e,Brooklyn Calzones,"20491 Alton Pkwy, Suite B, Lake Forest, CA 92630",DoorDash,$30.40,-$12.16,$0.00,$2.00,,,$20.25,
Delivery,7/15/21,#309bb6c9,Brooklyn Calzones,"20491 Alton Pkwy, Suite B, Lake Forest, CA 92630",DoorDash,$13.95,-$5.58,$0.00,$1.08,,,$9.45,
Delivery,7/15/21,#a2a03e2a,F*CKING GOOD PIZZA,"20491 Alton Pkwy, Suite B, Lake Forest, CA 92630",DoorDash,$17.99,-$7.20,$0.00,$1.39,,,$12.18,
Delivery,7/15/21,#D6C0A,Ma's Meatballs,"20491 Alton Pkwy, Suite B, Lake Forest, CA 92630",Uber Eats,$15.50,-$6.20,$0.00,$0.00,,,$9.30,
Delivery,7/15/21,#a027e8e9,Brooklyn Calzones,"20491 Alton Pkwy, Suite B, Lake Forest, CA 92630",DoorDash,$17.95,-$7.18,$0.00,$1.39,,,$12.16,
Delivery,7/15/21,#606d102d,The Hot Italian,"20491 Alton Pkwy, Suite B, Lake Forest, CA 92630",DoorDash,$12.99,-$5.20,$0.00,$1.01,,,$8.80,
Delivery,7/15/21,#9D994,Philly Fresh Cheesesteaks,"20491 Alton Pkwy, Suite B, Lake Forest, CA 92630",Uber Eats,$17.98,-$7.19,$0.00,$0.00,,,$10.79,
Delivery,7/15/21,#EBFF3,Brooklyn Calzones,"20491 Alton Pkwy, Suite B, Lake Forest, CA 92630",Uber Eats,$26.90,-$10.76,$0.00,$0.00,,,$16.14,
Delivery,7/15/21,#656915836959857,F*CKING GOOD PIZZA,"20491 Alton Pkwy, Suite B, Lake Forest, CA 92630",Grubhub,$20.99,-$8.25,$0.00,$1.24,,,$13.98,
Delivery,7/15/21,#ec13c12c,Brooklyn Calzones,"20491 Alton Pkwy, Suite B, Lake Forest, CA 92630",DoorDash,$15.45,-$6.18,$0.00,$1.20,,,$10.47,
Delivery,7/15/21,#de470441,Cheeky's Cheesesteaks,"20491 Alton Pkwy, Suite B, Lake Forest, CA 92630",DoorDash,$24.94,-$6.23,$0.00,$1.93,,,$20.64,
Delivery,7/15/21,#2177dd47,Cupid's Wings,"20491 Alton Pkwy, Suite B, Lake Forest, CA 92630",DoorDash,$34.94,-$13.97,$0.00,$2.30,,,$23.27,
Delivery,7/15/21,#159B7,F*CKING GOOD PIZZA,"20491 Alton Pkwy, Suite B, Lake Forest, CA 92630",Uber Eats,$35.24,-$14.10,$0.00,$0.00,,,$21.14,
Delivery,7/15/21,#A83F1,Mothership Pizza,"20491 Alton Pkwy, Suite B, Lake Forest, CA 92630",Uber Eats,$36.98,-$14.79,$0.00,$0.00,,,$22.19,
Delivery,7/14/21,#480942a9,Mothership Pizza,"20491 Alton Pkwy, Suite B, Lake Forest, CA 92630",DoorDash,$18.00,-$7.20,$0.00,$1.40,,,$12.20,
Delivery,7/14/21,#fe270bd0,Fusilli Fusilli,"20491 Alton Pkwy, Suite B, Lake Forest, CA 92630",DoorDash,$15.49,-$6.20,$0.00,$1.20,,,$10.49,
Delivery,7/14/21,#31594fa0,Mothership Pizza,"20491 Alton Pkwy, Suite B, Lake Forest, CA 92630",DoorDash,$21.50,-$8.60,$0.00,$1.67,,,$14.57,
Delivery,7/14/21,#D38B7,F*CKING GOOD PIZZA,"20491 Alton Pkwy, Suite B, Lake Forest, CA 92630",Uber Eats,$18.99,-$7.60,$0.00,$0.00,,,$11.39,
Delivery,7/14/21,#55b03b4d,Just Wing It.,"20491 Alton Pkwy, Suite B, Lake Forest, CA 92630",DoorDash,$21.98,-$8.79,$0.00,$1.70,,,$14.89,
Delivery,7/14/21,#ad06e93a,Brooklyn Calzones,"20491 Alton Pkwy, Suite B, Lake Forest, CA 92630",DoorDash,$12.95,-$5.18,$0.00,$1.00,,,$8.77,
Delivery,7/14/21,#92fd594f,Brooklyn Calzones,"20491 Alton Pkwy, Suite B, Lake Forest, CA 92630",DoorDash,$18.45,-$7.38,$0.00,$1.43,,,$12.50,
Delivery,7/14/21,#fbea3cb4,Fusilli Fusilli,"20491 Alton Pkwy, Suite B, Lake Forest, CA 92630",DoorDash,$18.98,-$7.59,$0.00,$1.47,,,$12.86,
Delivery,7/14/21,#2793602d,Philly Fresh Cheesesteaks,"20491 Alton Pkwy, Suite B, Lake Forest, CA 92630",DoorDash,$20.48,-$8.19,$0.00,$1.59,,,$13.88,
Delivery,7/14/21,#C7E0C,F*CKING GOOD PIZZA,"20491 Alton Pkwy, Suite B, Lake Forest, CA 92630",Uber Eats,$27.24,-$10.90,$0.00,$0.00,,,$16.34,
Delivery,7/14/21,#be32e673,Fusilli Fusilli,"20491 Alton Pkwy, Suite B, Lake Forest, CA 92630",DoorDash,$9.99,-$4.00,$0.00,$0.77,,,$6.76,
Delivery,7/14/21,#1cf31072,Pasta Pirozzi,"20491 Alton Pkwy, Suite B, Lake Forest, CA 92630",DoorDash,$20.98,-$8.39,$0.00,$1.63,,,$14.22,
Delivery,7/14/21,#8c7d5d0e,Cheeky's Cheesesteaks,"20491 Alton Pkwy, Suite B, Lake Forest, CA 92630",DoorDash,$48.41,-$19.36,$0.00,$3.19,,,$32.24,
Delivery,7/14/21,#CE15C,F*CKING GOOD PIZZA,"20491 Alton Pkwy, Suite B, Lake Forest, CA 92630",Uber Eats,$30.24,-$12.10,$0.00,$0.00,,,$18.14,
Delivery,7/14/21,#4da6fbee,Pasta Pirozzi,"20491 Alton Pkwy, Suite B, Lake Forest, CA 92630",DoorDash,$34.47,-$13.79,$0.00,$2.27,,,$22.96,
Delivery,7/14/21,#378f3362,Brooklyn Calzones,"20491 Alton Pkwy, Suite B, Lake Forest, CA 92630",DoorDash,$26.90,-$10.76,$0.00,$2.08,,,$18.22,
Delivery,7/14/21,#233115829949136,Philly Fresh Cheesesteaks,"20491 Alton Pkwy, Suite B, Lake Forest, CA 92630",Grubhub,$17.98,-$7.19,$0.00,$1.39,,,$12.18,
Delivery,7/14/21,#8067D,Brooklyn Calzones,"20491 Alton Pkwy, Suite B, Lake Forest, CA 92630",Uber Eats,$27.90,-$11.16,$0.00,$0.00,,,$16.74,
Delivery,7/14/21,#AC6E2,Killer Wings,"20491 Alton Pkwy, Suite B, Lake Forest, CA 92630",Uber Eats,$21.98,-$8.79,$0.00,$0.00,,,$13.19,
Delivery,7/14/21,#E05B5,Killer Wings,"20491 Alton Pkwy, Suite B, Lake Forest, CA 92630",Uber Eats,$19.99,-$8.00,$0.00,$0.00,,,$11.99,
Delivery,7/14/21,#5DB61,Brooklyn Calzones,"20491 Alton Pkwy, Suite B, Lake Forest, CA 92630",Uber Eats,$52.80,-$21.12,$0.00,$0.00,,,$31.68,
Delivery,7/14/21,#f5cb9cc7,Brooklyn Calzones,"20491 Alton Pkwy, Suite B, Lake Forest, CA 92630",DoorDash,$13.95,-$5.58,$0.00,$1.08,,,$9.45,
Delivery,7/14/21,#280307bf,Ma's Meatballs,"20491 Alton Pkwy, Suite B, Lake Forest, CA 92630",DoorDash,$14.49,-$5.80,$0.00,$1.12,,,$9.81,
Delivery,7/14/21,#219A8,F*CKING GOOD PIZZA,"20491 Alton Pkwy, Suite B, Lake Forest, CA 92630",Uber Eats,$16.49,-$6.59,$0.00,$0.00,,,$9.90,
Delivery,7/14/21,#205315822576304,F*CKING GOOD PIZZA,"20491 Alton Pkwy, Suite B, Lake Forest, CA 92630",Grubhub,$35.49,-$14.04,$0.00,$2.36,,,$23.81,
Delivery,7/14/21,#F6854,Fusilli Fusilli,"20491 Alton Pkwy, Suite B, Lake Forest, CA 92630",Uber Eats,$25.98,-$10.39,$0.00,$0.00,,,$15.59,
Delivery,7/13/21,#96d7d75c,Mothership Pizza,"20491 Alton Pkwy, Suite B, Lake Forest, CA 92630",DoorDash,$23.99,-$9.60,$0.00,$1.86,,,$16.25,
Delivery,7/13/21,#e67777c5,Brooklyn Calzones,"20491 Alton Pkwy, Suite B, Lake Forest, CA 92630",DoorDash,$35.40,-$14.16,$0.00,$2.33,,,$23.57,
Delivery,7/13/21,#ff9744ad,The Hot Italian,"20491 Alton Pkwy, Suite B, Lake Forest, CA 92630",DoorDash,$47.96,-$19.18,$0.00,$3.16,,,$31.94,
Delivery,7/13/21,#0569c761,Brooklyn Calzones,"20491 Alton Pkwy, Suite B, Lake Forest, CA 92630",DoorDash,$12.95,-$5.18,$0.00,$1.00,,,$8.77,
Delivery,7/13/21,#0C89A,F*CKING GOOD PIZZA,"20491 Alton Pkwy, Suite B, Lake Forest, CA 92630",Uber Eats,$34.98,-$13.99,$0.00,$0.00,,,$20.99,
Delivery,7/13/21,#a5a17362,F*CKING GOOD PIZZA,"20491 Alton Pkwy, Suite B, Lake Forest, CA 92630",DoorDash,$26.99,-$10.80,$0.00,$2.09,,,$18.28,
Delivery,7/13/21,#5263807d,Fusilli Fusilli,"20491 Alton Pkwy, Suite B, Lake Forest, CA 92630",DoorDash,$14.99,-$3.75,$0.00,$1.16,,,$12.40,
Delivery,7/13/21,#CADD9,Mothership Pizza,"20491 Alton Pkwy, Suite B, Lake Forest, CA 92630",Uber Eats,$32.00,-$12.80,$0.00,$0.00,,,$19.20,
Delivery,7/13/21,#24DB3,F*CKING GOOD PIZZA,"20491 Alton Pkwy, Suite B, Lake Forest, CA 92630",Uber Eats,$62.97,-$25.19,$0.00,$0.00,,,$37.78,
Delivery,7/13/21,#4e6ccd30,Fusilli Fusilli,"20491 Alton Pkwy, Suite B, Lake Forest, CA 92630",DoorDash,$61.94,-$24.77,$0.00,$4.18,,,$41.35,
Delivery,7/13/21,#ea08cbce,The United Pepperonis of Pizza,"20491 Alton Pkwy, Suite B, Lake Forest, CA 92630",DoorDash,$13.99,-$5.60,$0.00,$1.08,,,$9.47,
Delivery,7/13/21,#2fa8f0f0,Just Wing It.,"20491 Alton Pkwy, Suite B, Lake Forest, CA 92630",DoorDash,$12.99,-$5.20,$0.00,$1.01,,,$8.80,
Delivery,7/13/21,#bebd2b7d,F*CKING GOOD PIZZA,"20491 Alton Pkwy, Suite B, Lake Forest, CA 92630",DoorDash,$56.23,-$22.49,$0.00,$3.74,,,$37.48,
Delivery,7/13/21,#A1571,Fusilli Fusilli,"20491 Alton Pkwy, Suite B, Lake Forest, CA 92630",Uber Eats,$9.99,-$4.00,$0.00,$0.00,,,$5.99,
Delivery,7/13/21,#B69CE,Philly Fresh Cheesesteaks,"20491 Alton Pkwy, Suite B, Lake Forest, CA 92630",Uber Eats,$20.48,-$8.19,$0.00,$0.00,,,$12.29,
Delivery,7/13/21,#E82E7,Mothership Pizza,"20491 Alton Pkwy, Suite B, Lake Forest, CA 92630",Uber Eats,$46.00,-$18.40,$0.00,$0.00,,,$27.60,
Delivery,7/13/21,#69FE1,Philly Fresh Cheesesteaks,"20491 Alton Pkwy, Suite B, Lake Forest, CA 92630",Uber Eats,$17.99,-$7.20,$0.00,$0.00,,,$10.79,
Delivery,7/13/21,#440e988f,Philly Fresh Cheesesteaks,"20491 Alton Pkwy, Suite B, Lake Forest, CA 92630",DoorDash,$22.98,-$9.19,$0.00,$1.78,,,$15.57,
Delivery,7/13/21,#534A2,Mothership Pizza,"20491 Alton Pkwy, Suite B, Lake Forest, CA 92630",Uber Eats,$20.00,-$8.00,$0.00,$0.00,,,$12.00,
Delivery,7/13/21,#03B06,F*CKING GOOD PIZZA,"20491 Alton Pkwy, Suite B, Lake Forest, CA 92630",Uber Eats,$17.99,-$7.20,$0.00,$0.00,,,$10.79,
Delivery,7/13/21,#D5EB1,Brooklyn Calzones,"20491 Alton Pkwy, Suite B, Lake Forest, CA 92630",Uber Eats,$15.45,-$6.18,$0.00,$0.00,,,$9.27,
Delivery,7/12/21,#d6c74e2b,Brooklyn Calzones,"20491 Alton Pkwy, Suite B, Lake Forest, CA 92630",DoorDash,$18.95,-$7.58,$0.00,$1.47,,,$12.84,
Delivery,7/12/21,#ba879799,Brooklyn Calzones,"20491 Alton Pkwy, Suite B, Lake Forest, CA 92630",DoorDash,$12.95,-$5.18,$0.00,$1.00,,,$8.77,
Delivery,7/12/21,#6487d788,Philly Fresh Cheesesteaks,"20491 Alton Pkwy, Suite B, Lake Forest, CA 92630",DoorDash,$17.98,-$7.19,$0.00,$1.39,,,$12.18,
Delivery,7/12/21,#fa8a0a54,Cheeky's Cheesesteaks,"20491 Alton Pkwy, Suite B, Lake Forest, CA 92630",DoorDash,$16.49,-$6.60,$0.00,$1.28,,,$11.17,
Delivery,7/12/21,#ca1cf141,F*CKING GOOD PIZZA,"20491 Alton Pkwy, Suite B, Lake Forest, CA 92630",DoorDash,$30.48,-$12.19,$0.00,$2.01,,,$20.30,
Delivery,7/12/21,#53db08c7,F*CKING GOOD PIZZA,"20491 Alton Pkwy, Suite B, Lake Forest, CA 92630",DoorDash,$25.73,-$10.29,$0.00,$1.99,,,$17.43,
Delivery,7/12/21,#757d8b8e,Mothership Pizza,"20491 Alton Pkwy, Suite B, Lake Forest, CA 92630",DoorDash,$20.00,-$8.00,$0.00,$1.55,,,$13.55,
Delivery,7/12/21,#21887196,Brooklyn Calzones,"20491 Alton Pkwy, Suite B, Lake Forest, CA 92630",DoorDash,$15.45,-$6.18,$0.00,$1.20,,,$10.47,
Delivery,7/12/21,#86f01750,Brooklyn Calzones,"20491 Alton Pkwy, Suite B, Lake Forest, CA 92630",DoorDash,$26.90,-$10.76,$0.00,$2.08,,,$18.22,
Delivery,7/12/21,#ec6eaf63,Fusilli Fusilli,"20491 Alton Pkwy, Suite B, Lake Forest, CA 92630",DoorDash,$78.93,-$31.57,$0.00,$5.50,,,$52.86,
Delivery,7/12/21,#189515805853883,Killer Wings,"20491 Alton Pkwy, Suite B, Lake Forest, CA 92630",Grubhub,$19.99,-$7.91,$0.00,$1.32,,,$13.40,
Delivery,7/12/21,#3b51b0d8,Mothership Pizza,"20491 Alton Pkwy, Suite B, Lake Forest, CA 92630",DoorDash,$81.00,-$32.40,$0.00,$5.66,,,$54.26,
Delivery,7/12/21,#7526696b,F*CKING GOOD PIZZA,"20491 Alton Pkwy, Suite B, Lake Forest, CA 92630",DoorDash,$13.99,-$5.60,$0.00,$1.08,,,$9.47,
Delivery,7/12/21,#AE574,Pasta Pirozzi,"20491 Alton Pkwy, Suite B, Lake Forest, CA 92630",Uber Eats,$38.97,-$15.59,$0.00,$0.00,,,$23.38,
Delivery,7/12/21,#72aee291,Cupid's Wings,"20491 Alton Pkwy, Suite B, Lake Forest, CA 92630",DoorDash,$37.85,-$15.14,$0.00,$2.49,,,$25.20,
Delivery,7/12/21,#09b1967a,Fusilli Fusilli,"20491 Alton Pkwy, Suite B, Lake Forest, CA 92630",DoorDash,$12.98,-$5.19,$0.00,$1.01,,,$8.80,
Delivery,7/12/21,#ad819fa0,Pasta Pirozzi,"20491 Alton Pkwy, Suite B, Lake Forest, CA 92630",DoorDash,$33.97,-$13.58,$0.00,$2.24,,,$22.63,
Delivery,7/12/21,#914415807145762,Philly Fresh Cheesesteaks,"20491 Alton Pkwy, Suite B, Lake Forest, CA 92630",Grubhub,$17.98,-$7.10,$0.00,$1.16,,,$12.04,
Delivery,7/12/21,#393015809930398,Philly Fresh Cheesesteaks,"20491 Alton Pkwy, Suite B, Lake Forest, CA 92630",Grubhub,$12.99,-$5.11,$0.00,$0.77,,,$8.65,
Delivery,7/12/21,#a0a64719,Brooklyn Calzones,"20491 Alton Pkwy, Suite B, Lake Forest, CA 92630",DoorDash,$13.95,-$5.58,$0.00,$1.08,,,$9.45,
Delivery,7/12/21,#1CDBD,Fusilli Fusilli,"20491 Alton Pkwy, Suite B, Lake Forest, CA 92630",Uber Eats,$18.98,-$7.59,$0.00,$0.00,,,$11.39,
Delivery,7/12/21,#29c1fbc6,Philly Fresh Cheesesteaks,"20491 Alton Pkwy, Suite B, Lake Forest, CA 92630",DoorDash,$43.96,-$17.58,$0.00,$2.90,,,$29.28,
Delivery,7/12/21,#a0cf5ef5,Philly Fresh Cheesesteaks,"20491 Alton Pkwy, Suite B, Lake Forest, CA 92630",DoorDash,$17.98,-$7.19,$0.00,$1.39,,,$12.18,
Delivery,7/12/21,#815615809498535,Mothership Pizza,"20491 Alton Pkwy, Suite B, Lake Forest, CA 92630",Grubhub,$103.00,-$41.05,$0.00,$7.60,,,$69.55,
Delivery,7/12/21,#7fd3868a,Brooklyn Calzones,"20491 Alton Pkwy, Suite B, Lake Forest, CA 92630",DoorDash,$16.45,-$6.58,$0.00,$1.27,,,$11.14,
Delivery,7/12/21,#BBF30,Killer Wings,"20491 Alton Pkwy, Suite B, Lake Forest, CA 92630",Uber Eats,$21.98,-$8.79,$0.00,$0.00,,,$13.19,
Delivery,7/11/21,#366b2af9,Brooklyn Calzones,"20491 Alton Pkwy, Suite B, Lake Forest, CA 92630",DoorDash,$25.90,-$10.36,$0.00,$2.01,,,$17.55,
Delivery,7/11/21,#4a13acc3,Mothership Pizza,"20491 Alton Pkwy, Suite B, Lake Forest, CA 92630",DoorDash,$20.00,-$8.00,$0.00,$1.55,,,$13.55,
Delivery,7/11/21,#7c7f9105,Brooklyn Calzones,"20491 Alton Pkwy, Suite B, Lake Forest, CA 92630",DoorDash,$12.95,-$5.18,$0.00,$1.00,,,$8.77,
Delivery,7/11/21,#0a4e72d3,Cupid's Wings,"20491 Alton Pkwy, Suite B, Lake Forest, CA 92630",DoorDash,$24.95,-$9.98,$0.00,$1.93,,,$16.90,
Delivery,7/11/21,#cd364dba,Mothership Pizza,"20491 Alton Pkwy, Suite B, Lake Forest, CA 92630",DoorDash,$22.00,-$8.80,$0.00,$1.71,,,$14.91,
Delivery,7/11/21,#9e690c8a,Brooklyn Calzones,"20491 Alton Pkwy, Suite B, Lake Forest, CA 92630",DoorDash,$14.95,-$5.98,$0.00,$1.16,,,$10.13,
Delivery,7/11/21,#eecdae2e,Mothership Pizza,"20491 Alton Pkwy, Suite B, Lake Forest, CA 92630",DoorDash,$22.99,-$9.20,$0.00,$1.78,,,$15.57,
Delivery,7/11/21,#bd249f34,Cheeky's Cheesesteaks,"20491 Alton Pkwy, Suite B, Lake Forest, CA 92630",DoorDash,$21.49,-$8.60,$0.00,$1.67,,,$14.56,
Delivery,7/11/21,#5c2dcc58,Brooklyn Calzones,"20491 Alton Pkwy, Suite B, Lake Forest, CA 92630",DoorDash,$13.95,-$5.58,$0.00,$1.08,,,$9.45,
Delivery,7/11/21,#0aaf92c9,Brooklyn Calzones,"20491 Alton Pkwy, Suite B, Lake Forest, CA 92630",DoorDash,$12.95,-$5.18,$0.00,$1.00,,,$8.77,
Delivery,7/11/21,#3524575d,The United Pepperonis of Pizza,"20491 Alton Pkwy, Suite B, Lake Forest, CA 92630",DoorDash,$64.97,-$25.98,$0.00,$4.42,,,$43.41,
Delivery,7/11/21,#E2440,Brooklyn Calzones,"20491 Alton Pkwy, Suite B, Lake Forest, CA 92630",Uber Eats,$55.80,-$22.32,$0.00,$0.00,,,$33.48,
Delivery,7/11/21,#e10090d0,Fusilli Fusilli,"20491 Alton Pkwy, Suite B, Lake Forest, CA 92630",DoorDash,$25.98,-$10.39,$0.00,$2.01,,,$17.60,
Delivery,7/11/21,#e22b27d6,F*CKING GOOD PIZZA,"20491 Alton Pkwy, Suite B, Lake Forest, CA 92630",DoorDash,$20.99,-$8.40,$0.00,$1.63,,,$14.22,
Delivery,7/11/21,#5024fb62,The Hot Italian,"20491 Alton Pkwy, Suite B, Lake Forest, CA 92630",DoorDash,$37.96,-$15.18,$0.00,$2.50,,,$25.28,
Delivery,7/11/21,#980415807319885,Ma's Meatballs,"20491 Alton Pkwy, Suite B, Lake Forest, CA 92630",Grubhub,$21.00,-$8.25,$0.00,$1.24,,,$13.99,
Delivery,7/11/21,#31abcba8,F*CKING GOOD PIZZA,"20491 Alton Pkwy, Suite B, Lake Forest, CA 92630",DoorDash,$53.47,-$21.38,$0.00,$3.52,,,$35.61,
Delivery,7/11/21,#1B5FB,Killer Wings,"20491 Alton Pkwy, Suite B, Lake Forest, CA 92630",Uber Eats,$105.97,-$42.39,$0.00,$0.00,,,$63.58,
Delivery,7/11/21,#B93FA,Mothership Pizza,"20491 Alton Pkwy, Suite B, Lake Forest, CA 92630",Uber Eats,$39.99,-$16.00,$0.00,$0.00,,,$23.99,
Delivery,7/11/21,#cd46870e,Pasta Pirozzi,"20491 Alton Pkwy, Suite B, Lake Forest, CA 92630",DoorDash,$13.99,-$5.60,$0.00,$1.08,,,$9.47,
Delivery,7/11/21,#f631616f,Fusilli Fusilli,"20491 Alton Pkwy, Suite B, Lake Forest, CA 92630",DoorDash,$20.98,-$8.39,$0.00,$1.63,,,$14.22,
Delivery,7/11/21,#0c7b9257,Mothership Pizza,"20491 Alton Pkwy, Suite B, Lake Forest, CA 92630",DoorDash,$45.00,-$18.00,$0.00,$2.96,,,$29.96,
Delivery,7/11/21,#474B1,Mothership Pizza,"20491 Alton Pkwy, Suite B, Lake Forest, CA 92630",Uber Eats,$23.00,-$9.20,$0.00,$0.00,,,$13.80,
Delivery,7/11/21,#1F548,Mothership Pizza,"20491 Alton Pkwy, Suite B, Lake Forest, CA 92630",Uber Eats,$44.00,-$17.60,$0.00,$0.00,,,$26.40,
Delivery,7/11/21,#5907d260,Brooklyn Calzones,"20491 Alton Pkwy, Suite B, Lake Forest, CA 92630",DoorDash,$14.95,-$5.98,$0.00,$1.16,,,$10.13,
Delivery,7/11/21,#5f2146f1,The Hot Italian,"20491 Alton Pkwy, Suite B, Lake Forest, CA 92630",DoorDash,$25.98,-$10.39,$0.00,$2.01,,,$17.60,
Delivery,7/11/21,#24A40,Mothership Pizza,"20491 Alton Pkwy, Suite B, Lake Forest, CA 92630",Uber Eats,$30.50,-$12.20,$0.00,$0.00,,,$18.30,
Delivery,7/11/21,#dc76e607,Cheeky's Cheesesteaks,"20491 Alton Pkwy, Suite B, Lake Forest, CA 92630",DoorDash,$14.98,-$5.99,$0.00,$1.16,,,$10.15,
Delivery,7/10/21,#7EEFA,Philly Fresh Cheesesteaks,"20491 Alton Pkwy, Suite B, Lake Forest, CA 92630",Uber Eats,$17.98,-$7.19,$0.00,$0.00,,,$10.79,
Delivery,7/10/21,#f82fd3cd,Brooklyn Calzones,"20491 Alton Pkwy, Suite B, Lake Forest, CA 92630",DoorDash,$13.95,-$5.58,$0.00,$1.08,,,$9.45,
Delivery,7/10/21,#2c80f1fa,Cheeky's Cheesesteaks,"20491 Alton Pkwy, Suite B, Lake Forest, CA 92630",DoorDash,$35.96,-$14.38,$0.00,$2.37,,,$23.95,
Delivery,7/10/21,#bb502eca,F*CKING GOOD PIZZA,"20491 Alton Pkwy, Suite B, Lake Forest, CA 92630",DoorDash,$31.74,-$12.39,$0.00,$2.09,,,$21.44,
Delivery,7/10/21,#2E819,Mothership Pizza,"20491 Alton Pkwy, Suite B, Lake Forest, CA 92630",Uber Eats,$39.00,-$15.60,$0.00,$0.00,,,$23.40,
Delivery,7/10/21,#AAFBC,Mothership Pizza,"20491 Alton Pkwy, Suite B, Lake Forest, CA 92630",Uber Eats,$13.00,-$5.20,$0.00,$0.00,,,$7.80,
Delivery,7/10/21,#BDCAB,F*CKING GOOD PIZZA,"20491 Alton Pkwy, Suite B, Lake Forest, CA 92630",Uber Eats,$20.49,-$8.19,$0.00,$0.00,,,$12.30,
Delivery,7/10/21,#a708b5fe,The Hot Italian,"20491 Alton Pkwy, Suite B, Lake Forest, CA 92630",DoorDash,$38.96,-$15.58,$0.00,$2.57,,,$25.95,
Delivery,7/10/21,#e8443e5f,Brooklyn Calzones,"20491 Alton Pkwy, Suite B, Lake Forest, CA 92630",DoorDash,$31.90,-$12.46,$0.00,$2.10,,,$21.54,
Delivery,7/10/21,#754d6ee0,Mothership Pizza,"20491 Alton Pkwy, Suite B, Lake Forest, CA 92630",DoorDash,$40.00,-$15.70,$0.00,$2.64,,,$26.94,
Delivery,7/10/21,#e3a35bbf,Fusilli Fusilli,"20491 Alton Pkwy, Suite B, Lake Forest, CA 92630",DoorDash,$41.96,-$16.48,$0.00,$2.76,,,$28.24,
Delivery,7/10/21,#e4067b00,Brooklyn Calzones,"20491 Alton Pkwy, Suite B, Lake Forest, CA 92630",DoorDash,$26.90,-$10.76,$0.00,$2.08,,,$18.22,
Delivery,7/10/21,#E2050,Mothership Pizza,"20491 Alton Pkwy, Suite B, Lake Forest, CA 92630",Uber Eats,$18.00,-$7.20,$0.00,$0.00,,,$10.80,
Delivery,7/10/21,#316915791487704,Mothership Pizza,"20491 Alton Pkwy, Suite B, Lake Forest, CA 92630",Grubhub,$13.00,-$5.04,$0.00,$0.62,,,$8.58,
Delivery,7/10/21,#9fa42b1c,Killer Wings,"20491 Alton Pkwy, Suite B, Lake Forest, CA 92630",DoorDash,$44.94,-$17.68,$0.00,$2.96,,,$30.22,
Delivery,7/10/21,#754215795614903,Mothership Pizza,"20491 Alton Pkwy, Suite B, Lake Forest, CA 92630",Grubhub,$20.00,-$7.84,$0.00,$1.16,,,$13.32,
Delivery,7/10/21,#6506b4df,F*CKING GOOD PIZZA,"20491 Alton Pkwy, Suite B, Lake Forest, CA 92630",DoorDash,$13.99,-$5.60,$0.00,$1.08,,,$9.47,
Delivery,7/10/21,#00418,Killer Wings,"20491 Alton Pkwy, Suite B, Lake Forest, CA 92630",Uber Eats,$49.89,-$19.95,$0.00,$0.00,,,$29.94,
Delivery,7/10/21,#223815782683376,Ma's Meatballs,"20491 Alton Pkwy, Suite B, Lake Forest, CA 92630",Grubhub,$23.99,-$9.44,$0.00,$1.47,,,$16.02,
Delivery,7/10/21,#31D44,F*CKING GOOD PIZZA,"20491 Alton Pkwy, Suite B, Lake Forest, CA 92630",Uber Eats,$43.48,-$17.39,$0.00,$0.00,,,$26.09,
Delivery,7/10/21,#5F79D,Mothership Pizza,"20491 Alton Pkwy, Suite B, Lake Forest, CA 92630",Uber Eats,$26.98,-$10.79,$0.00,$0.00,,,$16.19,
Delivery,7/10/21,#453cc30a,Mothership Pizza,"20491 Alton Pkwy, Suite B, Lake Forest, CA 92630",DoorDash,$32.00,-$12.50,$0.00,$2.11,,,$21.61,
Delivery,7/10/21,#eb318e64,Philly Fresh Cheesesteaks,"20491 Alton Pkwy, Suite B, Lake Forest, CA 92630",DoorDash,$17.98,-$7.19,$0.00,$1.39,,,$12.18,
Delivery,7/10/21,#01bf9cfd,Brooklyn Calzones,"20491 Alton Pkwy, Suite B, Lake Forest, CA 92630",DoorDash,$15.20,-$6.08,$0.00,$1.18,,,$10.30,
Delivery,7/10/21,#92d78bdb,Philly Fresh Cheesesteaks,"20491 Alton Pkwy, Suite B, Lake Forest, CA 92630",DoorDash,$48.95,-$19.28,$0.00,$3.22,,,$32.89,
Delivery,7/10/21,#b583d9e6,F*CKING GOOD PIZZA,"20491 Alton Pkwy, Suite B, Lake Forest, CA 92630",DoorDash,$18.99,-$7.60,$0.00,$1.47,,,$12.86,
Delivery,7/10/21,#D304E,Mothership Pizza,"20491 Alton Pkwy, Suite B, Lake Forest, CA 92630",Uber Eats,$36.00,-$14.40,$0.00,$0.00,,,$21.60,
Delivery,7/10/21,#428A6,Fusilli Fusilli,"20491 Alton Pkwy, Suite B, Lake Forest, CA 92630",Uber Eats,$12.99,-$5.20,$0.00,$0.00,,,$7.79,
Delivery,7/9/21,#f7601ea9,Ma's Meatballs,"20491 Alton Pkwy, Suite B, Lake Forest, CA 92630",DoorDash,$14.49,-$5.80,$0.00,$1.12,,,$9.81,
Delivery,7/9/21,#4effc1bc,F*CKING GOOD PIZZA,"20491 Alton Pkwy, Suite B, Lake Forest, CA 92630",DoorDash,$30.48,-$11.89,$0.00,$2.01,,,$20.60,
Delivery,7/9/21,#11DDF,F*CKING GOOD PIZZA,"20491 Alton Pkwy, Suite B, Lake Forest, CA 92630",Uber Eats,$25.98,-$10.39,$0.00,$0.00,,,$15.59,
Delivery,7/9/21,#889f3061,Mothership Pizza,"20491 Alton Pkwy, Suite B, Lake Forest, CA 92630",DoorDash,$20.99,-$8.40,$0.00,$1.63,,,$14.22,
Delivery,7/9/21,#B21E9,Mothership Pizza,"20491 Alton Pkwy, Suite B, Lake Forest, CA 92630",Uber Eats,$20.00,-$8.00,$0.00,$0.00,,,$12.00,
Delivery,7/9/21,#cb001958,Brooklyn Calzones,"20491 Alton Pkwy, Suite B, Lake Forest, CA 92630",DoorDash,$30.40,-$11.86,$0.00,$2.00,,,$20.54,
Delivery,7/9/21,#ad89bbbe,F*CKING GOOD PIZZA,"20491 Alton Pkwy, Suite B, Lake Forest, CA 92630",DoorDash,$32.49,-$12.70,$0.00,$2.14,,,$21.93,
Delivery,7/9/21,#BA314,Mothership Pizza,"20491 Alton Pkwy, Suite B, Lake Forest, CA 92630",Uber Eats,$25.00,-$10.00,$0.00,$0.00,,,$15.00,
Delivery,7/9/21,#316915781488488,The United Pepperonis of Pizza,"20491 Alton Pkwy, Suite B, Lake Forest, CA 92630",Grubhub,$31.98,-$12.79,$0.00,$2.48,,,$21.67,
Delivery,7/9/21,#4fce3036,Brooklyn Calzones,"20491 Alton Pkwy, Suite B, Lake Forest, CA 92630",DoorDash,$12.95,-$5.18,$0.00,$1.00,,,$8.77,
Delivery,7/9/21,#643c0dc1,F*CKING GOOD PIZZA,"20491 Alton Pkwy, Suite B, Lake Forest, CA 92630",DoorDash,$41.98,-$16.49,$0.00,$2.77,,,$28.26,
Delivery,7/9/21,#3e4a6045,Mothership Pizza,"20491 Alton Pkwy, Suite B, Lake Forest, CA 92630",DoorDash,$40.99,-$16.09,$0.00,$2.70,,,$27.60,
Delivery,7/9/21,#9f3a5611,Mothership Pizza,"20491 Alton Pkwy, Suite B, Lake Forest, CA 92630",DoorDash,$67.00,-$26.50,$0.00,$4.57,,,$45.07,
Delivery,7/9/21,#38f15a4c,Fusilli Fusilli,"20491 Alton Pkwy, Suite B, Lake Forest, CA 92630",DoorDash,$12.99,-$5.20,$0.00,$1.01,,,$8.80,
Delivery,7/9/21,#90F2F,Pasta Pirozzi,"20491 Alton Pkwy, Suite B, Lake Forest, CA 92630",Uber Eats,$15.49,-$6.20,$0.00,$0.00,,,$9.29,
Delivery,7/9/21,#019CE,Killer Wings,"20491 Alton Pkwy, Suite B, Lake Forest, CA 92630",Uber Eats,$25.99,-$10.40,$0.00,$0.00,,,$15.59,
Delivery,7/9/21,#430f640e,Fusilli Fusilli,"20491 Alton Pkwy, Suite B, Lake Forest, CA 92630",DoorDash,$31.97,-$12.49,$0.00,$2.11,,,$21.59,
Delivery,7/9/21,#b034bf08,Mothership Pizza,"20491 Alton Pkwy, Suite B, Lake Forest, CA 92630",DoorDash,$36.00,-$14.10,$0.00,$2.37,,,$24.27,
Delivery,7/9/21,#e3af0a85,F*CKING GOOD PIZZA,"20491 Alton Pkwy, Suite B, Lake Forest, CA 92630",DoorDash,$35.98,-$14.09,$0.00,$2.37,,,$24.26,
Delivery,7/9/21,#DF966,Ma's Meatballs,"20491 Alton Pkwy, Suite B, Lake Forest, CA 92630",Uber Eats,$23.99,-$9.60,$0.00,$0.00,,,$14.39,
Delivery,7/9/21,#b8de2dde,Brooklyn Calzones,"20491 Alton Pkwy, Suite B, Lake Forest, CA 92630",DoorDash,$15.45,-$6.18,$0.00,$1.20,,,$10.47,
Delivery,7/9/21,#f15886da,Mothership Pizza,"20491 Alton Pkwy, Suite B, Lake Forest, CA 92630",DoorDash,$56.99,-$22.50,$0.00,$3.80,,,$38.29,
Delivery,7/9/21,#ebeff28f,Mothership Pizza,"20491 Alton Pkwy, Suite B, Lake Forest, CA 92630",DoorDash,$62.99,-$24.90,$0.00,$4.26,,,$42.35,
Delivery,7/9/21,#c21dece5,Fusilli Fusilli,"20491 Alton Pkwy, Suite B, Lake Forest, CA 92630",DoorDash,$12.49,-$5.00,$0.00,$0.97,,,$8.46,
Delivery,7/9/21,#4DE16,F*CKING GOOD PIZZA,"20491 Alton Pkwy, Suite B, Lake Forest, CA 92630",Uber Eats,$17.99,-$7.20,$0.00,$0.00,,,$10.79,
Delivery,7/9/21,#9299fcfd,Ma's Meatballs,"20491 Alton Pkwy, Suite B, Lake Forest, CA 92630",DoorDash,$26.00,-$10.40,$0.00,$2.02,,,$17.62,
Delivery,7/9/21,#248c8dcf,The Hot Italian,"20491 Alton Pkwy, Suite B, Lake Forest, CA 92630",DoorDash,$18.98,-$7.59,$0.00,$1.47,,,$12.86,
Delivery,7/9/21,#df8d91b4,Fusilli Fusilli,"20491 Alton Pkwy, Suite B, Lake Forest, CA 92630",DoorDash,$12.99,-$5.20,$0.00,$1.01,,,$8.80,
Delivery,7/8/21,#0375b48b,Brooklyn Calzones,"20491 Alton Pkwy, Suite B, Lake Forest, CA 92630",DoorDash,$28.90,-$11.56,$0.00,$2.24,,,$19.58,
Delivery,7/8/21,#EE0D8,Philly Fresh Cheesesteaks,"20491 Alton Pkwy, Suite B, Lake Forest, CA 92630",Uber Eats,$22.98,-$9.19,$0.00,$0.00,,,$13.79,
Delivery,7/8/21,#4317D,The Hot Italian,"20491 Alton Pkwy, Suite B, Lake Forest, CA 92630",Uber Eats,$25.98,-$10.39,$0.00,$0.00,,,$15.59,
Delivery,7/8/21,#19c53e48,Fusilli Fusilli,"20491 Alton Pkwy, Suite B, Lake Forest, CA 92630",DoorDash,$31.97,-$12.49,$0.00,$2.11,,,$21.59,
Delivery,7/8/21,#E08FC,Brooklyn Calzones,"20491 Alton Pkwy, Suite B, Lake Forest, CA 92630",Uber Eats,$27.90,-$11.16,$0.00,$0.00,,,$16.74,
Delivery,7/8/21,#410bf42b,Brooklyn Calzones,"20491 Alton Pkwy, Suite B, Lake Forest, CA 92630",DoorDash,$12.95,-$5.18,$0.00,$1.00,,,$8.77,
Delivery,7/8/21,#589334e4,Brooklyn Calzones,"20491 Alton Pkwy, Suite B, Lake Forest, CA 92630",DoorDash,$26.90,-$10.76,$0.00,$2.08,,,$18.22,
Delivery,7/8/21,#b7924a25,Pasta Pirozzi,"20491 Alton Pkwy, Suite B, Lake Forest, CA 92630",DoorDash,$43.97,-$17.29,$0.00,$2.90,,,$29.58,
Delivery,7/8/21,#ee48c389,F*CKING GOOD PIZZA,"20491 Alton Pkwy, Suite B, Lake Forest, CA 92630",DoorDash,$19.74,-$7.89,$0.00,$1.53,,,$13.38,
Delivery,7/8/21,#504015775465371,Cheeky's Cheesesteaks,"20491 Alton Pkwy, Suite B, Lake Forest, CA 92630",Grubhub,$25.98,-$10.39,$0.00,$2.01,,,$17.60,
Delivery,7/8/21,#aed8b6e2,Mothership Pizza,"20491 Alton Pkwy, Suite B, Lake Forest, CA 92630",DoorDash,$41.99,-$16.50,$0.00,$2.77,,,$28.26,
Delivery,7/8/21,#7ef5041f,Mothership Pizza,"20491 Alton Pkwy, Suite B, Lake Forest, CA 92630",DoorDash,$30.00,-$11.70,$0.00,$1.98,,,$20.28,
Delivery,7/8/21,#4a8f00a8,F*CKING GOOD PIZZA,"20491 Alton Pkwy, Suite B, Lake Forest, CA 92630",DoorDash,$20.99,-$8.40,$0.00,$1.63,,,$14.22,
Delivery,7/8/21,#BEF04,Mothership Pizza,"20491 Alton Pkwy, Suite B, Lake Forest, CA 92630",Uber Eats,$48.99,-$19.60,$0.00,$0.00,,,$29.39,
Delivery,7/8/21,#E4912,Philly Fresh Cheesesteaks,"20491 Alton Pkwy, Suite B, Lake Forest, CA 92630",Uber Eats,$17.99,-$7.20,$0.00,$0.00,,,$10.79,
Delivery,7/8/21,#97ef5ea2,Brooklyn Calzones,"20491 Alton Pkwy, Suite B, Lake Forest, CA 92630",DoorDash,$12.95,-$5.18,$0.00,$1.00,,,$8.77,
Delivery,7/8/21,#D66DF,Killer Wings,"20491 Alton Pkwy, Suite B, Lake Forest, CA 92630",Uber Eats,$28.99,-$11.60,$0.00,$0.00,,,$17.39,
Delivery,7/8/21,#782e57b2,Fusilli Fusilli,"20491 Alton Pkwy, Suite B, Lake Forest, CA 92630",DoorDash,$15.98,-$6.39,$0.00,$1.24,,,$10.83,
Delivery,7/8/21,#e65d9a39,Philly Fresh Cheesesteaks,"20491 Alton Pkwy, Suite B, Lake Forest, CA 92630",DoorDash,$30.97,-$12.09,$0.00,$2.04,,,$20.92,
Delivery,7/7/21,#46513475,Philly Fresh Cheesesteaks,"20491 Alton Pkwy, Suite B, Lake Forest, CA 92630",DoorDash,$17.98,-$7.19,$0.00,$1.39,,,$12.18,
Delivery,7/7/21,#3337cd9f,F*CKING GOOD PIZZA,"20491 Alton Pkwy, Suite B, Lake Forest, CA 92630",DoorDash,$23.99,-$9.60,$0.00,$1.86,,,$16.25,
Delivery,7/7/21,#2523d6d9,Brooklyn Calzones,"20491 Alton Pkwy, Suite B, Lake Forest, CA 92630",DoorDash,$31.40,-$12.26,$0.00,$2.07,,,$21.21,
Delivery,7/7/21,#6b0fcf25,Mothership Pizza,"20491 Alton Pkwy, Suite B, Lake Forest, CA 92630",DoorDash,$32.00,-$12.50,$0.00,$2.11,,,$21.61,
Delivery,7/7/21,#6ad517aa,The United Pepperonis of Pizza,"20491 Alton Pkwy, Suite B, Lake Forest, CA 92630",DoorDash,$14.75,-$3.25,-$6.62,$1.14,,,$6.02,
Delivery,7/7/21,#6f7346f6,Brooklyn Calzones,"20491 Alton Pkwy, Suite B, Lake Forest, CA 92630",DoorDash,$45.85,-$18.04,$0.00,$3.02,,,$30.83,
Delivery,7/7/21,#94eb2dd4,F*CKING GOOD PIZZA,"20491 Alton Pkwy, Suite B, Lake Forest, CA 92630",DoorDash,$38.23,-$14.99,$0.00,$2.52,,,$25.76,
Delivery,7/7/21,#ce703882,Philly Fresh Cheesesteaks,"20491 Alton Pkwy, Suite B, Lake Forest, CA 92630",DoorDash,$12.99,-$5.20,$0.00,$1.01,,,$8.80,
Delivery,7/7/21,#980415767311056,The United Pepperonis of Pizza,"20491 Alton Pkwy, Suite B, Lake Forest, CA 92630",Grubhub,$17.99,-$7.10,$0.00,$1.16,,,$12.05,
Delivery,7/7/21,#DCA70,Mothership Pizza,"20491 Alton Pkwy, Suite B, Lake Forest, CA 92630",Uber Eats,$23.00,-$9.20,$0.00,$0.00,,,$13.80,
Delivery,7/7/21,#6fe5ba27,Fusilli Fusilli,"20491 Alton Pkwy, Suite B, Lake Forest, CA 92630",DoorDash,$22.98,-$9.19,$0.00,$1.78,,,$15.57,
Delivery,7/7/21,#89772559,Brooklyn Calzones,"20491 Alton Pkwy, Suite B, Lake Forest, CA 92630",DoorDash,$28.90,-$11.56,$0.00,$2.24,,,$19.58,
Delivery,7/7/21,#687ED,Philly Fresh Cheesesteaks,"20491 Alton Pkwy, Suite B, Lake Forest, CA 92630",Uber Eats,$17.98,-$7.19,$0.00,$0.00,,,$10.79,
Delivery,7/7/21,#59635d45,Brooklyn Calzones,"20491 Alton Pkwy, Suite B, Lake Forest, CA 92630",DoorDash,$13.95,-$5.58,$0.00,$1.08,,,$9.45,
Delivery,7/7/21,#C0675,Killer Wings,"20491 Alton Pkwy, Suite B, Lake Forest, CA 92630",Uber Eats,$26.94,-$10.78,$0.00,$0.00,,,$16.16,
Delivery,7/7/21,#d2cbae78,Fusilli Fusilli,"20491 Alton Pkwy, Suite B, Lake Forest, CA 92630",DoorDash,$12.99,-$5.20,$0.00,$1.01,,,$8.80,
Delivery,7/7/21,#20390f06,Brooklyn Calzones,"20491 Alton Pkwy, Suite B, Lake Forest, CA 92630",DoorDash,$12.95,-$5.18,$0.00,$1.00,,,$8.77,
Delivery,7/7/21,#ecbc685f,F*CKING GOOD PIZZA,"20491 Alton Pkwy, Suite B, Lake Forest, CA 92630",DoorDash,$64.47,-$25.49,$0.00,$4.38,,,$43.36,
Delivery,7/7/21,#ca6b1aae,Just Wing It.,"20491 Alton Pkwy, Suite B, Lake Forest, CA 92630",DoorDash,$24.97,-$9.99,$0.00,$1.94,,,$16.92,
Delivery,7/7/21,#d8adc235,Fusilli Fusilli,"20491 Alton Pkwy, Suite B, Lake Forest, CA 92630",DoorDash,$29.97,-$11.99,$0.00,$2.32,,,$20.30,
Delivery,7/7/21,#451115751909381,Killer Wings,"20491 Alton Pkwy, Suite B, Lake Forest, CA 92630",Grubhub,$23.95,-$1.39,-$20.47,$1.62,,,$3.71,
Delivery,7/7/21,#538fd7c2,Just Wing It.,"20491 Alton Pkwy, Suite B, Lake Forest, CA 92630",DoorDash,$17.99,-$7.20,$0.00,$1.39,,,$12.18,
Delivery,7/7/21,#E146A,Philly Fresh Cheesesteaks,"20491 Alton Pkwy, Suite B, Lake Forest, CA 92630",Uber Eats,$22.98,-$9.19,$0.00,$0.00,,,$13.79,
Delivery,7/6/21,#f3274f2c,Mothership Pizza,"20491 Alton Pkwy, Suite B, Lake Forest, CA 92630",DoorDash,$23.00,-$9.20,$0.00,$1.78,,,$15.58,
Delivery,7/6/21,#59F4B,Brooklyn Calzones,"20491 Alton Pkwy, Suite B, Lake Forest, CA 92630",Uber Eats,$16.45,-$6.58,$0.00,$0.00,,,$9.87,
Delivery,7/6/21,#1FEB4,Ma's Meatballs,"20491 Alton Pkwy, Suite B, Lake Forest, CA 92630",Uber Eats,$18.99,-$7.60,$0.00,$0.00,,,$11.39,
Delivery,7/6/21,#6EA93,Mothership Pizza,"20491 Alton Pkwy, Suite B, Lake Forest, CA 92630",Uber Eats,$28.00,-$11.20,$0.00,$0.00,,,$16.80,
Delivery,7/6/21,#d61d5891,Brooklyn Calzones,"20491 Alton Pkwy, Suite B, Lake Forest, CA 92630",DoorDash,$15.95,-$6.38,$0.00,$1.24,,,$10.81,
Delivery,7/6/21,#398415752786463,Just Wing It.,"20491 Alton Pkwy, Suite B, Lake Forest, CA 92630",Grubhub,$17.99,-$7.10,$0.00,$1.16,,,$12.05,
Delivery,7/6/21,#CCC38,Philly Fresh Cheesesteaks,"20491 Alton Pkwy, Suite B, Lake Forest, CA 92630",Uber Eats,$77.43,-$30.97,$0.00,$0.00,,,$46.46,
Delivery,7/6/21,#a87b273e,Cheeky's Cheesesteaks,"20491 Alton Pkwy, Suite B, Lake Forest, CA 92630",DoorDash,$51.95,-$20.48,$0.00,$3.42,,,$34.89,
Delivery,7/6/21,#6c92f7ab,Mothership Pizza,"20491 Alton Pkwy, Suite B, Lake Forest, CA 92630",DoorDash,$21.00,-$8.40,$0.00,$1.63,,,$14.23,
Delivery,7/6/21,#e99ef0e2,Brooklyn Calzones,"20491 Alton Pkwy, Suite B, Lake Forest, CA 92630",DoorDash,$14.95,-$5.98,$0.00,$1.16,,,$10.13,
Delivery,7/6/21,#bc3a3630,Fusilli Fusilli,"20491 Alton Pkwy, Suite B, Lake Forest, CA 92630",DoorDash,$12.99,-$5.20,$0.00,$1.01,,,$8.80,
Delivery,7/6/21,#93F0F,Just Wing It.,"20491 Alton Pkwy, Suite B, Lake Forest, CA 92630",Uber Eats,$29.97,-$11.99,$0.00,$0.00,,,$17.98,
Delivery,7/6/21,#252515746189068,Philly Fresh Cheesesteaks,"20491 Alton Pkwy, Suite B, Lake Forest, CA 92630",Grubhub,$17.98,-$7.10,$0.00,$1.16,,,$12.04,
Delivery,7/6/21,#dd27ba87,Fusilli Fusilli,"20491 Alton Pkwy, Suite B, Lake Forest, CA 92630",DoorDash,$12.49,-$5.00,$0.00,$0.97,,,$8.46,
Delivery,7/5/21,#9f512145,Fusilli Fusilli,"20491 Alton Pkwy, Suite B, Lake Forest, CA 92630",DoorDash,$15.98,-$6.39,$0.00,$1.24,,,$10.83,
Delivery,7/5/21,#427509df,Fusilli Fusilli,"20491 Alton Pkwy, Suite B, Lake Forest, CA 92630",DoorDash,$12.99,-$5.20,$0.00,$1.01,,,$8.80,
Delivery,7/5/21,#08B58,Mothership Pizza,"20491 Alton Pkwy, Suite B, Lake Forest, CA 92630",Uber Eats,$31.00,-$12.40,$0.00,$0.00,,,$18.60,
Delivery,7/5/21,#136406a8,Ma's Meatballs,"20491 Alton Pkwy, Suite B, Lake Forest, CA 92630",DoorDash,$13.00,-$5.20,$0.00,$1.01,,,$8.81,
Delivery,7/5/21,#15a3c5eb,Philly Fresh Cheesesteaks,"20491 Alton Pkwy, Suite B, Lake Forest, CA 92630",DoorDash,$12.99,-$5.20,$0.00,$1.01,,,$8.80,
Delivery,7/5/21,#12c1b4e5,Brooklyn Calzones,"20491 Alton Pkwy, Suite B, Lake Forest, CA 92630",DoorDash,$17.95,-$7.18,$0.00,$1.39,,,$12.16,
Delivery,7/5/21,#1c45eb50,Mothership Pizza,"20491 Alton Pkwy, Suite B, Lake Forest, CA 92630",DoorDash,$29.00,-$11.60,$0.00,$2.25,,,$19.65,
Delivery,7/5/21,#278215747601122,Brooklyn Calzones,"20491 Alton Pkwy, Suite B, Lake Forest, CA 92630",Grubhub,$13.95,-$5.43,$0.00,$0.69,,,$9.21,
Delivery,7/5/21,#F216F,Killer Wings,"20491 Alton Pkwy, Suite B, Lake Forest, CA 92630",Uber Eats,$35.99,-$14.40,$0.00,$0.00,,,$21.59,
Delivery,7/5/21,#f94808b9,F*CKING GOOD PIZZA,"20491 Alton Pkwy, Suite B, Lake Forest, CA 92630",DoorDash,$27.99,-$11.20,$0.00,$2.17,,,$18.96,
Delivery,7/5/21,#555afd0c,Brooklyn Calzones,"20491 Alton Pkwy, Suite B, Lake Forest, CA 92630",DoorDash,$12.95,-$5.18,$0.00,$1.00,,,$8.77,
Delivery,7/5/21,#170039d0,F*CKING GOOD PIZZA,"20491 Alton Pkwy, Suite B, Lake Forest, CA 92630",DoorDash,$28.98,-$11.59,$0.00,$2.25,,,$19.64,
Delivery,7/5/21,#20298,Philly Fresh Cheesesteaks,"20491 Alton Pkwy, Suite B, Lake Forest, CA 92630",Uber Eats,$30.97,-$12.39,$0.00,$0.00,,,$18.58,
Delivery,7/5/21,#ab192e1e,Brooklyn Calzones,"20491 Alton Pkwy, Suite B, Lake Forest, CA 92630",DoorDash,$14.95,-$5.98,$0.00,$1.16,,,$10.13,
Delivery,7/5/21,#d797fcb7,Fusilli Fusilli,"20491 Alton Pkwy, Suite B, Lake Forest, CA 92630",DoorDash,$12.99,-$5.20,$0.00,$1.01,,,$8.80,
Delivery,7/5/21,#05613,Pasta Pirozzi,"20491 Alton Pkwy, Suite B, Lake Forest, CA 92630",Uber Eats,$41.97,-$16.79,$0.00,$0.00,,,$25.18,
Delivery,7/5/21,#66aea072,Philly Fresh Cheesesteaks,"20491 Alton Pkwy, Suite B, Lake Forest, CA 92630",DoorDash,$30.97,-$12.09,$0.00,$2.04,,,$20.92,
Delivery,7/5/21,#8587c1a0,Brooklyn Calzones,"20491 Alton Pkwy, Suite B, Lake Forest, CA 92630",DoorDash,$13.95,-$5.58,$0.00,$1.08,,,$9.45,
Delivery,7/5/21,#c005ee5c,Brooklyn Calzones,"20491 Alton Pkwy, Suite B, Lake Forest, CA 92630",DoorDash,$27.90,-$11.16,$0.00,$2.16,,,$18.90,
Delivery,7/4/21,#8cdfe470,Pasta Pirozzi,"20491 Alton Pkwy, Suite B, Lake Forest, CA 92630",DoorDash,$51.46,-$20.28,$0.00,$3.39,,,$34.57,
Delivery,7/4/21,#e02a6263,Brooklyn Calzones,"20491 Alton Pkwy, Suite B, Lake Forest, CA 92630",DoorDash,$26.90,-$10.76,$0.00,$2.08,,,$18.22,
Delivery,7/4/21,#60b2535b,Ma's Meatballs,"20491 Alton Pkwy, Suite B, Lake Forest, CA 92630",DoorDash,$13.00,-$5.20,$0.00,$1.01,,,$8.81,
Delivery,7/4/21,#9aed74b1,Brooklyn Calzones,"20491 Alton Pkwy, Suite B, Lake Forest, CA 92630",DoorDash,$27.90,-$11.16,$0.00,$2.16,,,$18.90,
Delivery,7/4/21,#c2a729ac,Brooklyn Calzones,"20491 Alton Pkwy, Suite B, Lake Forest, CA 92630",DoorDash,$22.45,-$8.98,$0.00,$1.74,,,$15.21,
Delivery,7/4/21,#b2e3873e,Brooklyn Calzones,"20491 Alton Pkwy, Suite B, Lake Forest, CA 92630",DoorDash,$16.45,-$5.80,-$1.95,$1.27,,,$9.97,
Delivery,7/4/21,#B5C02,Mothership Pizza,"20491 Alton Pkwy, Suite B, Lake Forest, CA 92630",Uber Eats,$25.00,-$10.00,$0.00,$0.00,,,$15.00,
Delivery,7/4/21,#F1B95,F*CKING GOOD PIZZA,"20491 Alton Pkwy, Suite B, Lake Forest, CA 92630",Uber Eats,$73.96,-$29.58,$0.00,$0.00,,,$44.38,
Delivery,7/4/21,#2c65e802,Mothership Pizza,"20491 Alton Pkwy, Suite B, Lake Forest, CA 92630",DoorDash,$32.99,-$12.89,$0.00,$2.17,,,$22.27,
Delivery,7/4/21,#61E00,Philly Fresh Cheesesteaks,"20491 Alton Pkwy, Suite B, Lake Forest, CA 92630",Uber Eats,$20.48,-$8.19,$0.00,$0.00,,,$12.29,
Delivery,7/4/21,#3aa8f93f,Fusilli Fusilli,"20491 Alton Pkwy, Suite B, Lake Forest, CA 92630",DoorDash,$51.95,-$20.48,$0.00,$3.42,,,$34.89,
Delivery,7/4/21,#91ba0e50,Brooklyn Calzones,"20491 Alton Pkwy, Suite B, Lake Forest, CA 92630",DoorDash,$18.45,-$7.38,$0.00,$1.43,,,$12.50,
Delivery,7/4/21,#45f81827,Brooklyn Calzones,"20491 Alton Pkwy, Suite B, Lake Forest, CA 92630",DoorDash,$17.95,-$7.18,$0.00,$1.39,,,$12.16,
Delivery,7/4/21,#44705ebe,Fusilli Fusilli,"20491 Alton Pkwy, Suite B, Lake Forest, CA 92630",DoorDash,$28.97,-$11.59,$0.00,$2.25,,,$19.63,
Delivery,7/4/21,#20221c04,Just Wing It.,"20491 Alton Pkwy, Suite B, Lake Forest, CA 92630",DoorDash,$19.49,-$7.80,$0.00,$1.51,,,$13.20,
Delivery,7/4/21,#80D21,Brooklyn Calzones,"20491 Alton Pkwy, Suite B, Lake Forest, CA 92630",Uber Eats,$13.95,-$5.58,$0.00,$0.00,,,$8.37,
Delivery,7/4/21,#0e29c747,F*CKING GOOD PIZZA,"20491 Alton Pkwy, Suite B, Lake Forest, CA 92630",DoorDash,$53.97,-$21.29,$0.00,$3.56,,,$36.24,
Delivery,7/4/21,#05d5521c,Philly Fresh Cheesesteaks,"20491 Alton Pkwy, Suite B, Lake Forest, CA 92630",DoorDash,$17.98,-$7.19,$0.00,$1.39,,,$12.18,
Delivery,7/4/21,#ef05ba63,F*CKING GOOD PIZZA,"20491 Alton Pkwy, Suite B, Lake Forest, CA 92630",DoorDash,$33.23,-$13.00,$0.00,$2.19,,,$22.42,
Delivery,7/4/21,#8a8097f4,Mothership Pizza,"20491 Alton Pkwy, Suite B, Lake Forest, CA 92630",DoorDash,$18.00,-$7.20,$0.00,$1.40,,,$12.20,
Delivery,7/4/21,#772c96ff,F*CKING GOOD PIZZA,"20491 Alton Pkwy, Suite B, Lake Forest, CA 92630",DoorDash,$48.97,-$19.29,$0.00,$3.23,,,$32.91,
Delivery,7/3/21,#ed63ab1d,F*CKING GOOD PIZZA,"20491 Alton Pkwy, Suite B, Lake Forest, CA 92630",DoorDash,$20.99,-$8.40,$0.00,$1.63,,,$14.22,
Delivery,7/3/21,#560d944b,Brooklyn Calzones,"20491 Alton Pkwy, Suite B, Lake Forest, CA 92630",DoorDash,$13.95,-$5.58,$0.00,$1.08,,,$9.45,
Delivery,7/3/21,#14251e7b,Cupid's Wings,"20491 Alton Pkwy, Suite B, Lake Forest, CA 92630",DoorDash,$20.95,-$8.38,$0.00,$1.62,,,$14.19,
Delivery,7/3/21,#121d7442,Brooklyn Calzones,"20491 Alton Pkwy, Suite B, Lake Forest, CA 92630",DoorDash,$13.95,-$5.58,$0.00,$1.08,,,$9.45,
Delivery,7/3/21,#02EB0,Killer Wings,"20491 Alton Pkwy, Suite B, Lake Forest, CA 92630",Uber Eats,$23.95,-$9.58,$0.00,$0.00,,,$14.37,
Delivery,7/3/21,#42397,Fusilli Fusilli,"20491 Alton Pkwy, Suite B, Lake Forest, CA 92630",Uber Eats,$31.97,-$12.79,$0.00,$0.00,,,$19.18,
Delivery,7/3/21,#C4EF1,Philly Fresh Cheesesteaks,"20491 Alton Pkwy, Suite B, Lake Forest, CA 92630",Uber Eats,$17.98,-$7.19,$0.00,$0.00,,,$10.79,
Delivery,7/3/21,#937CF,F*CKING GOOD PIZZA,"20491 Alton Pkwy, Suite B, Lake Forest, CA 92630",Uber Eats,$45.97,-$18.39,$0.00,$0.00,,,$27.58,
Delivery,7/3/21,#58cd7d17,Killer Wings,"20491 Alton Pkwy, Suite B, Lake Forest, CA 92630",DoorDash,$31.89,-$12.45,$0.00,$2.10,,,$21.54,
Delivery,7/3/21,#5cf6d8d0,Just Wing It.,"20491 Alton Pkwy, Suite B, Lake Forest, CA 92630",DoorDash,$33.96,-$13.28,$0.00,$2.24,,,$22.92,
Delivery,7/3/21,#530e78b3,Fusilli Fusilli,"20491 Alton Pkwy, Suite B, Lake Forest, CA 92630",DoorDash,$38.97,-$15.29,$0.00,$2.57,,,$26.25,
Delivery,7/3/21,#163f48af,Mothership Pizza,"20491 Alton Pkwy, Suite B, Lake Forest, CA 92630",DoorDash,$41.00,-$8.44,$0.00,$2.70,,,$35.27,
Delivery,7/3/21,#511815724809877,F*CKING GOOD PIZZA,"20491 Alton Pkwy, Suite B, Lake Forest, CA 92630",Grubhub,$26.48,-$10.44,$0.00,$1.66,,,$17.70,
Delivery,7/3/21,#6067f798,Ma's Meatballs,"20491 Alton Pkwy, Suite B, Lake Forest, CA 92630",DoorDash,$19.99,-$8.00,$0.00,$1.55,,,$13.54,
Delivery,7/3/21,#a5fe50c6,F*CKING GOOD PIZZA,"20491 Alton Pkwy, Suite B, Lake Forest, CA 92630",DoorDash,$53.97,-$21.29,$0.00,$3.56,,,$36.24,
Delivery,7/3/21,#49a66e57,Mothership Pizza,"20491 Alton Pkwy, Suite B, Lake Forest, CA 92630",DoorDash,$21.00,-$8.40,$0.00,$1.63,,,$14.23,
Delivery,7/3/21,#8248a075,Ma's Meatballs,"20491 Alton Pkwy, Suite B, Lake Forest, CA 92630",DoorDash,$15.49,-$6.20,$0.00,$1.20,,,$10.49,
Delivery,7/3/21,#20ACD,Mothership Pizza,"20491 Alton Pkwy, Suite B, Lake Forest, CA 92630",Uber Eats,$28.99,-$11.60,$0.00,$0.00,,,$17.39,
Delivery,7/3/21,#6B0E6,Killer Wings,"20491 Alton Pkwy, Suite B, Lake Forest, CA 92630",Uber Eats,$59.99,-$24.00,$0.00,$0.00,,,$35.99,
Delivery,7/3/21,#DF070,Fusilli Fusilli,"20491 Alton Pkwy, Suite B, Lake Forest, CA 92630",Uber Eats,$21.48,-$8.59,$0.00,$0.00,,,$12.89,
Delivery,7/3/21,#286E9,Philly Fresh Cheesesteaks,"20491 Alton Pkwy, Suite B, Lake Forest, CA 92630",Uber Eats,$15.49,-$6.20,$0.00,$0.00,,,$9.29,
Delivery,7/3/21,#F7D12,Mothership Pizza,"20491 Alton Pkwy, Suite B, Lake Forest, CA 92630",Uber Eats,$79.00,-$31.60,$0.00,$0.00,,,$47.40,
Delivery,7/3/21,#8404efeb,Mothership Pizza,"20491 Alton Pkwy, Suite B, Lake Forest, CA 92630",DoorDash,$20.00,-$8.00,$0.00,$1.55,,,$13.55,
Delivery,7/3/21,#7c8088b5,Brooklyn Calzones,"20491 Alton Pkwy, Suite B, Lake Forest, CA 92630",DoorDash,$13.95,-$5.58,$0.00,$1.08,,,$9.45,
Delivery,7/2/21,#F69FF,Killer Wings,"20491 Alton Pkwy, Suite B, Lake Forest, CA 92630",Uber Eats,$23.95,-$9.58,$0.00,$0.00,,,$14.37,
Delivery,7/2/21,#656007b9,The Hot Italian,"20491 Alton Pkwy, Suite B, Lake Forest, CA 92630",DoorDash,$31.97,-$12.49,$0.00,$2.11,,,$21.59,
Delivery,7/2/21,#b7f2cca1,Ma's Meatballs,"20491 Alton Pkwy, Suite B, Lake Forest, CA 92630",DoorDash,$21.00,-$8.40,$0.00,$1.63,,,$14.23,
Delivery,7/2/21,#0c2ec1d8,Philly Fresh Cheesesteaks,"20491 Alton Pkwy, Suite B, Lake Forest, CA 92630",DoorDash,$12.99,-$5.20,$0.00,$1.01,,,$8.80,
Delivery,7/2/21,#E0742,Philly Fresh Cheesesteaks,"20491 Alton Pkwy, Suite B, Lake Forest, CA 92630",Uber Eats,$17.98,-$7.19,$0.00,$0.00,,,$10.79,
Delivery,7/2/21,#99E00,Mothership Pizza,"20491 Alton Pkwy, Suite B, Lake Forest, CA 92630",Uber Eats,$30.99,-$12.40,$0.00,$0.00,,,$18.59,
Delivery,7/2/21,#229815719993286,The United Pepperonis of Pizza,"20491 Alton Pkwy, Suite B, Lake Forest, CA 92630",Grubhub,$30.98,-$12.39,$0.00,$2.40,,,$20.99,
Delivery,7/2/21,#076615719542721,The Hot Italian,"20491 Alton Pkwy, Suite B, Lake Forest, CA 92630",Grubhub,$12.99,-$5.20,$0.00,$1.01,,,$8.80,
Delivery,7/2/21,#5373198e,F*CKING GOOD PIZZA,"20491 Alton Pkwy, Suite B, Lake Forest, CA 92630",DoorDash,$23.99,-$9.60,$0.00,$1.86,,,$16.25,
Delivery,7/2/21,#1c59d29e,Fusilli Fusilli,"20491 Alton Pkwy, Suite B, Lake Forest, CA 92630",DoorDash,$20.98,-$8.39,$0.00,$1.63,,,$14.22,
Delivery,7/2/21,#da2e3055,F*CKING GOOD PIZZA,"20491 Alton Pkwy, Suite B, Lake Forest, CA 92630",DoorDash,$40.97,-$16.09,$0.00,$2.70,,,$27.58,
Delivery,7/2/21,#12430,Mothership Pizza,"20491 Alton Pkwy, Suite B, Lake Forest, CA 92630",Uber Eats,$20.00,-$8.00,$0.00,$0.00,,,$12.00,
Delivery,7/2/21,#90B6E,Ma's Meatballs,"20491 Alton Pkwy, Suite B, Lake Forest, CA 92630",Uber Eats,$42.97,-$17.19,$0.00,$0.00,,,$25.78,
Delivery,7/2/21,#cb696d2e,Mothership Pizza,"20491 Alton Pkwy, Suite B, Lake Forest, CA 92630",DoorDash,$44.00,-$17.60,$0.00,$3.41,,,$29.81,
Delivery,7/2/21,#c0ffbe6a,Cupid's Wings,"20491 Alton Pkwy, Suite B, Lake Forest, CA 92630",DoorDash,$20.95,-$8.38,$0.00,$1.62,,,$14.19,
Delivery,7/2/21,#25e6c42f,F*CKING GOOD PIZZA,"20491 Alton Pkwy, Suite B, Lake Forest, CA 92630",DoorDash,$19.74,-$7.89,$0.00,$1.53,,,$13.38,
Delivery,7/2/21,#f603cb5a,Brooklyn Calzones,"20491 Alton Pkwy, Suite B, Lake Forest, CA 92630",DoorDash,$12.95,-$5.18,$0.00,$1.00,,,$8.77,
Delivery,7/2/21,#9de598c3,Philly Fresh Cheesesteaks,"20491 Alton Pkwy, Suite B, Lake Forest, CA 92630",DoorDash,$17.98,-$7.19,$0.00,$1.39,,,$12.18,
Delivery,7/2/21,#0f676aa6,Brooklyn Calzones,"20491 Alton Pkwy, Suite B, Lake Forest, CA 92630",DoorDash,$12.95,-$5.18,$0.00,$1.00,,,$8.77,
Delivery,7/2/21,#0ee85b86,Brooklyn Calzones,"20491 Alton Pkwy, Suite B, Lake Forest, CA 92630",DoorDash,$26.90,-$10.76,$0.00,$2.08,,,$18.22,
Delivery,7/2/21,#f42787e7,Just Wing It.,"20491 Alton Pkwy, Suite B, Lake Forest, CA 92630",DoorDash,$20.98,-$8.39,$0.00,$1.63,,,$14.22,
Delivery,7/2/21,#431115701845242,Brooklyn Calzones,"20491 Alton Pkwy, Suite B, Lake Forest, CA 92630",Grubhub,$14.95,-$5.98,$0.00,$1.16,,,$10.13,
Delivery,7/2/21,#D065F,F*CKING GOOD PIZZA,"20491 Alton Pkwy, Suite B, Lake Forest, CA 92630",Uber Eats,$24.98,-$9.99,$0.00,$0.00,,,$14.99,
Delivery,7/2/21,#0B5BA,F*CKING GOOD PIZZA,"20491 Alton Pkwy, Suite B, Lake Forest, CA 92630",Uber Eats,$17.99,-$7.20,$0.00,$0.00,,,$10.79,
Delivery,7/2/21,#500016e0,Brooklyn Calzones,"20491 Alton Pkwy, Suite B, Lake Forest, CA 92630",DoorDash,$55.80,-$17.67,-$11.63,$3.70,,,$30.20,
Delivery,7/2/21,#a7df8808,F*CKING GOOD PIZZA,"20491 Alton Pkwy, Suite B, Lake Forest, CA 92630",DoorDash,$13.99,-$5.60,$0.00,$1.08,,,$9.47,
Delivery,7/2/21,#D8A2C,The Hot Italian,"20491 Alton Pkwy, Suite B, Lake Forest, CA 92630",Uber Eats,$51.96,-$20.78,$0.00,$0.00,,,$31.18,
Delivery,7/2/21,#94b13637,Brooklyn Calzones,"20491 Alton Pkwy, Suite B, Lake Forest, CA 92630",DoorDash,$12.95,-$5.18,$0.00,$1.00,,,$8.77,
Delivery,7/1/21,#0a16ef08,Mothership Pizza,"20491 Alton Pkwy, Suite B, Lake Forest, CA 92630",DoorDash,$20.00,-$8.00,$0.00,$1.55,,,$13.55,
Delivery,7/1/21,#fdd356a5,Mothership Pizza,"20491 Alton Pkwy, Suite B, Lake Forest, CA 92630",DoorDash,$21.00,-$8.40,$0.00,$1.63,,,$14.23,
Delivery,7/1/21,#844857ec,Brooklyn Calzones,"20491 Alton Pkwy, Suite B, Lake Forest, CA 92630",DoorDash,$12.95,-$5.18,$0.00,$1.00,,,$8.77,
Delivery,7/1/21,#c8ed3445,F*CKING GOOD PIZZA,"20491 Alton Pkwy, Suite B, Lake Forest, CA 92630",DoorDash,$20.99,-$8.40,$0.00,$1.63,,,$14.22,
Delivery,7/1/21,#98C94,F*CKING GOOD PIZZA,"20491 Alton Pkwy, Suite B, Lake Forest, CA 92630",Uber Eats,$52.96,-$21.18,$0.00,$0.00,,,$31.78,
Delivery,7/1/21,#8319f500,Brooklyn Calzones,"20491 Alton Pkwy, Suite B, Lake Forest, CA 92630",DoorDash,$30.65,-$12.26,$0.00,$2.38,,,$20.77,
Delivery,7/1/21,#6e549d70,Brooklyn Calzones,"20491 Alton Pkwy, Suite B, Lake Forest, CA 92630",DoorDash,$12.95,-$5.18,$0.00,$1.00,,,$8.77,
Delivery,7/1/21,#8bc1cc78,Ma's Meatballs,"20491 Alton Pkwy, Suite B, Lake Forest, CA 92630",DoorDash,$32.99,-$12.89,$0.00,$2.17,,,$22.27,
Delivery,7/1/21,#BEBA6,Ma's Meatballs,"20491 Alton Pkwy, Suite B, Lake Forest, CA 92630",Uber Eats,$19.99,-$8.00,$0.00,$0.00,,,$11.99,
Delivery,7/1/21,#71c55243,Mothership Pizza,"20491 Alton Pkwy, Suite B, Lake Forest, CA 92630",DoorDash,$16.00,-$6.40,$0.00,$1.24,,,$10.84,
Delivery,7/1/21,#A19EA,Philly Fresh Cheesesteaks,"20491 Alton Pkwy, Suite B, Lake Forest, CA 92630",Uber Eats,$25.98,-$10.39,$0.00,$0.00,,,$15.59,
Delivery,7/1/21,#d560afa3,F*CKING GOOD PIZZA,"20491 Alton Pkwy, Suite B, Lake Forest, CA 92630",DoorDash,$22.98,-$9.19,$0.00,$1.78,,,$15.57,
Delivery,7/1/21,#eecf784d,Mothership Pizza,"20491 Alton Pkwy, Suite B, Lake Forest, CA 92630",DoorDash,$46.00,-$18.10,$0.00,$3.03,,,$30.93,
Delivery,7/1/21,#3a3f9b28,Brooklyn Calzones,"20491 Alton Pkwy, Suite B, Lake Forest, CA 92630",DoorDash,$31.90,-$12.46,$0.00,$2.10,,,$21.54,
Delivery,7/1/21,#06a18732,F*CKING GOOD PIZZA,"20491 Alton Pkwy, Suite B, Lake Forest, CA 92630",DoorDash,$35.98,-$14.09,$0.00,$2.37,,,$24.26,
Delivery,7/1/21,#fa3cdf2f,Fusilli Fusilli,"20491 Alton Pkwy, Suite B, Lake Forest, CA 92630",DoorDash,$12.99,-$5.20,$0.00,$1.01,,,$8.80,
Delivery,7/1/21,#B4A5E,Fusilli Fusilli,"20491 Alton Pkwy, Suite B, Lake Forest, CA 92630",Uber Eats,$44.46,-$17.78,$0.00,$0.00,,,$26.68,
Delivery,7/1/21,#04e29856,Ma's Meatballs,"20491 Alton Pkwy, Suite B, Lake Forest, CA 92630",DoorDash,$24.00,-$9.60,$0.00,$1.86,,,$16.26,
