STYLE,DESCRIPTION,UPC,QTY,AMOUNT,already_exists,quantity received,Total Received
PBS133 DP,STOCKING-DOGGIE PAWS,659839764579,6,$6.38,TRUE,6,TRUE
PBS113 SA,STOCKING - SANTA,659839751333,6,$6.38,TRUE,6,TRUE
PBS105 RG,STOCKING - RED AND GREEN,659839746704,6,$6.38,TRUE,6,TRUE
PBS149 SF,STOCKING- NEW SNOWFLAKE,659839774219,6,$6.38,FALSE,6,TRUE
PBS150 BR,STOCKING- BABY'S 1ST(RED),659839779061,6,$6.38,TRUE,6,TRUE
OR1575-B,BABY'S FIRST- Teddy Bear - Blue,659839703127,1,$12.00,TRUE,1,TRUE
OR1595,OCCUPATION- ARMED SERVICE UNIFORM- DARK GREEN,659839703349,1,$12.00,TRUE,1,TRUE
OR1041,CHILD-BACK HOE,659839765644,1,$36.75,TRUE,1,TRUE
OR1229,CHILD-DUMPTRUCK,659839775865,1,$38.25,TRUE,1,TRUE
OR1346,CHILD- GARBAGE TRUCK,659839779313,1,$40.50,TRUE,1,TRUE
OR1652,CHILD- BABY UNICORN-,659839707552,1,$40.50,TRUE,1,TRUE
OR1661,CHILD- PINK TUTU,659839707682,1,$38.25,TRUE,1,TRUE
OR1907,CHILD- GREEN DINOSAUR,659839714161,2,$40.50,TRUE,2,TRUE
OR2246,CHILD- NEW MONSTER TRUCK,659839726355,2,$41.25,TRUE,2,TRUE
OR2356,CHILD- EXCAVATOR,659839727550,1,$39.75,TRUE,1,TRUE
OR2820-G,CHILD- Green Backpack,659839741495,1,$38.25,TRUE,1,TRUE
OR2818,CHILD - Rainbow Castle,659839741488,1,$42.00,FALSE,1,TRUE
OR2940-P,Child- First Bike- Pink,659839742638,1,$40.50,FALSE,1,TRUE
OR2940-B,Child- First Bike- Blue,659839742621,1,$40.50,FALSE,1,TRUE
OR2936,Child- School Bus,659839742584,1,$40.50,FALSE,1,TRUE
OR813,CHILD-UNICORN,659839763046,1,$36.75,TRUE,1,TRUE
OR641-RED,CHILD- RED MONSTER TRUCK,659839702441,1,$36.75,TRUE,1,TRUE
OR906,CHILD-FAIRY,659839769536,1,$40.50,TRUE,1,TRUE
OR816-RED,CHILD- RED T-REX DINOSAUR,659839706920,1,$36.75,TRUE,1,TRUE
OR1330-RG,BABY'S FIRST- BABY IN PRESENT- RED + GREEN,659839706937,1,$38.25,TRUE,1,TRUE
OR1331-B,BABY'S FIRST-BABY BOY IN MITTEN,659839778170,1,$40.50,TRUE,1,TRUE
OR1643-P,BABY'S FIRST- NEW BABY CARRIAGE- GIRL,659839707378,1,$38.25,TRUE,1,TRUE
OR1738-RG,BABY'S FIRST- BABY SNOWMAN IN STOCKING-RED&GREEN,659839708825,1,$38.25,TRUE,1,TRUE
OR1742-P,BABY'S FIRST- SNOWBABY ON SLED- PINK,659839709181,1,$40.50,TRUE,1,TRUE
OR1742-B,BABY'S FIRST- SNOWBABY ON SLED- BLUE,659839709174,1,$40.50,TRUE,1,TRUE
OR2182,WE'RE EXPECTING- AVOCADO FAMILY EXPECTING,659839722333,1,$40.50,TRUE,1,TRUE
OR2182-1,WE'RE EXPECTING- AVOCADO FAMILY EXPECTING W/1 CHILD,659839722340,1,$40.50,TRUE,1,TRUE
OR2487-P,BABY'S FIRST- BABY IN BASKET-PINK,659839729950,1,$42.00,TRUE,1,TRUE
OR2920-RG,Baby's First- Baby Snowman- Red & Green,659839742379,1,$39.75,FALSE,1,TRUE
OR2922-B,Child- Note to Santa Wishing For Big Brother,659839742393,1,$40.50,FALSE,1,TRUE
OR2922-G,Child- Note to Santa Wishing For Big Sister,659839742409,1,$40.50,FALSE,1,TRUE
OR2924,We're Expecting- We're Expecting Peanut Couple,659839742430,2,$40.50,FALSE,2,TRUE
OR2931,We're Expecting- New Snowman Couple w/Heart Expecting,659839742522,3,$42.00,FALSE,3,TRUE
OR807,We're Expecting- We're Expecting Snowman Couple,659839762988,1,$40.50,TRUE,1,TRUE
OR807-1,We're Expecting- We're Expecting Snowman Couple w/Child,659839772079,3,$40.50,TRUE,3,TRUE
OR807-3,We're Expecting- We're Expecting Snowman Couple w/ 3 Children,659839772093,1,$42.00,TRUE,1,TRUE
PF600-B,PICTURE FRAME- BABY'S FIRST PICTURE FRAME- BLUE,659839787950,2,$40.50,TRUE,2,TRUE
PF600-P,PICTURE FRAME- BABY'S FIRST PICTURE FRAME- PINK,659839787967,2,$40.50,TRUE,2,TRUE
PF600-RG,PICTURE FRAME- CHRISTMAS BABY FRAME- RED & GREEN,659839706326,2,$38.25,TRUE,2,TRUE
OR1447,COUPLES- TUXEDO AND DRESS..,659839784768,2,$40.50,TRUE,2,TRUE
OR2345,COUPLES- MR MRS HOT COCOA,659839727420,3,$39.75,TRUE,3,TRUE
OR2348,COUPLES- BETTER TOGETHER MILK COOKIES,659839727451,1,$39.75,TRUE,1,TRUE
OR2432,Couples - Engagement Ring,659839729332,1,$42.00,TRUE,1,TRUE
OR2512,COUPLES- Snowman Engagement,659839730147,2,$42.00,TRUE,2,TRUE
OR2709,HOLIDAY THEMED- Candy Cane Heart,659839741525,1,$36.75,TRUE,1,TRUE
OR2950,"Couples- ""Olive"" You",659839742744,1,$40.50,FALSE,1,TRUE
OR2959,Couples- Gold Engagment Ring w/She said Yes Sentiment,659839742829,1,$40.50,FALSE,1,TRUE
OR361,COUPLES-REINDEER LOVE,659839748708,2,$40.50,TRUE,2,TRUE
OR792,COUPLES-MOTORCYCLE MR. & MRS. CLAUSE,659839761578,2,$40.50,TRUE,2,TRUE
OR821,COUPLES- MR. AND MRS.,659839763121,3,$36.75,TRUE,3,TRUE
OR888,COUPLES- WEDDING,659839764319,2,$40.50,TRUE,2,TRUE
OR946,COUPLES-NAUGHTY OR NICE(no stamping),659839767136,2,$38.25,TRUE,2,TRUE
OR1621,GENERAL- BIG SCREEN TV,659839704070,1,$38.25,TRUE,1,TRUE
OR2264,GENERAL- RED ELECTRIC CAR,659839726799,1,$39.75,TRUE,1,TRUE
OR2495,GENERAL- PIG,659839730062,1,$42.00,TRUE,1,TRUE
OR2779,GENERAL- Crochrocket Motorcycle,659839742010,1,$40.50,FALSE,1,TRUE
OR2735,GENERAL- White Off Roading/Mudding Truck,659839741952,1,$42.00,FALSE,1,TRUE
OR2725,GENERAL- Wine Tasting Is My Favorite Sport,659839741600,1,$40.50,FALSE,1,TRUE
OR2780-S,GENERAL- NEW CELL PHONE- SILVER,659839742027,1,$40.50,FALSE,1,TRUE
OR2781,GENERAL- Key Fob w/Dangling Snowflake,659839742041,1,$36.75,TRUE,1,TRUE
OR2789-P,GENERAL- Cowboy Boot- Pink,659839742096,1,$36.75,TRUE,1,TRUE
OR2789-B,GENERAL- Cowboy Boot- Brown,659839742102,1,$36.75,TRUE,1,TRUE
OR2791,GENERAL- Espresso Yourself Espressso Maker,659839742119,1,$40.50,FALSE,1,TRUE
OR3011,Holiday Themed- Christmas Cactus,659839743215,1,$40.50,FALSE,1,TRUE
OR3015,General- Retirement Road Sign,659839743253,1,$40.50,FALSE,1,TRUE
OR587,GENERAL- DRIVERS LICENSE,659839768560,3,$38.25,TRUE,3,TRUE
OR1029,HOBBIES/ACTIVITIES-ARTIST,659839765521,1,$36.75,TRUE,1,TRUE
OR1052,HOBBIES/ACTIVITES-WEIGHT LIFTER,659839765750,1,$38.25,TRUE,1,TRUE
OR1174,HOBBIES/ACTIVITIES- ACOUSTIC GUITAR,659839771577,1,$36.75,TRUE,1,TRUE
OR1475,HOBBIES/ACTIVITIES- CAMPING TENT,659839785215,1,$38.25,TRUE,1,TRUE
OR1535,HOBBIES/ACTIVITIES- NEW VIDEO GAMER,659839700768,1,$38.25,TRUE,1,TRUE
OR1538,HOBBIES/ACTIVITIES- ORCHESTRA,659839700799,1,$42.00,FALSE,1,TRUE
OR2247,"HOBBIES/ACTIVITIES- EAT, SLEEP, GAME",659839726362,1,$36.00,TRUE,1,TRUE
OR2219-F,HOBBIES/ACTIVITIES- STATIONARY BIKE- FEMALE,659839725846,1,$12.00,FALSE,1,TRUE
OR2283,HOBBIES/ACTIVITIES- HIKING BACK PACK,659839726980,1,$39.75,TRUE,1,TRUE
OR2294,HOBBIES/ACTIVITIES- NEW SKATE BOARD,659839727086,2,$41.25,TRUE,2,TRUE
OR2295,HOBBIES/ACTIVITIES- NEW SURF BOARD,659839727093,1,$39.75,TRUE,1,TRUE
OR2563-B,HOBBIES/ACTIVITIES- Black Controller,659839730321,2,$42.00,TRUE,2,TRUE
OR2574,HOBBIES/ACTIVITIES- Eat Sleep Hunt Repeat,659839730413,1,$42.00,FALSE,1,TRUE
OR2962,HOBBY/ACTIVITIES- Microphone,659839742850,2,$40.50,FALSE,2,TRUE
OR2968,Occupation- Chef's Uniform,659839742911,1,$39.00,FALSE,1,TRUE
OR2970,Holiday Themed- Christmas Mixer,659839742935,1,$42.00,FALSE,1,TRUE
OR2973,General- Beauty is Pain,659839742966,1,$40.50,FALSE,1,TRUE
OR2974,Travel- Camera w/Mounain Scene,659839742973,1,$39.75,FALSE,1,TRUE
OR640,HOBBIES/ACTIVITIES-DRUM SET,659839760533,1,$40.50,TRUE,1,TRUE
OR1370,HOLIDAY THEMED - DEER TANGLED IN LIGHTS,659839779795,1,$40.50,TRUE,1,TRUE
OR1310,HOLIDAY THEMED - PENGUIN CHARACTER,659839776886,1,$36.75,TRUE,1,TRUE
OR1430,HOLIDAY THEMED - SNOWMAN W/SNOWFLAKE,659839780425,1,$36.75,TRUE,1,TRUE
OR1434-A,HOLIDAY THEMED - CHRISTMAS BALL ASSORTMENT(4 OF EACH),659839780500,2,$38.25,TRUE,2,TRUE
OR2397,HOLIDAY THEMED- NOSTALGIC TRAIN,659839728427,1,$41.25,TRUE,1,TRUE
OR2993,Holiday Themed-Single Hot Cocoa Mug,659839743123,1,$40.50,FALSE,1,TRUE
OR3046,Holiday Themed- Whimsy Snowman,659839743567,2,$40.50,FALSE,2,TRUE
OR3047,Holiday Themed- Reindeer Sitting on Ornament,659839743574,2,$40.50,FALSE,2,TRUE
OR654,HOLIDAY THEMED-CHRISTMAS MOOSE,659839760663,1,$40.50,TRUE,1,TRUE
OR2999,Holiday Themed- Holiday Penguin in Hot Cocoa Mug,659839743161,1,$40.50,FALSE,1,TRUE
OR023,HOME-DOOR WITH WREATH,659839169008,2,$36.75,TRUE,2,TRUE
OR1308,HOME-DOOR WITH STEPS,659839776862,1,$42.00,TRUE,1,TRUE
OR1374,HOME- RUSTIC COUNTRY DOOR,659839779832,2,$40.50,TRUE,2,TRUE
OR1478-H,HOME- OUR NEW HOME DOOR,659839785376,2,$40.50,TRUE,2,TRUE
OR1697,HOME- CHRISTMAS DOOR,659839708283,1,$40.50,TRUE,1,TRUE
OR1698,HOME- NEW DOOR,659839708290,1,$40.50,TRUE,1,TRUE
OR1699,HOME- HISTORIC HOUSE DOOR,659839708306,1,$40.50,TRUE,1,TRUE
OR229-G,HOME-GREEN DOOR,659839778392,2,$40.50,TRUE,2,TRUE
OR3016,HOME- PLAID MERRY CHRISTMAS DOOR,659839743260,2,$40.50,FALSE,2,TRUE
OR835,HOME- NEW FROM OUR HOUSE TO YOURS,659839763824,2,$40.50,TRUE,2,TRUE
OR3018,HOME- HOHOHO DOOR,659839743284,2,$40.50,FALSE,2,TRUE
OR836,HOME-ELEGANT BLACK DOOR,659839763831,2,$40.50,TRUE,2,TRUE
OR2394,HOME- GINGERBREAD OUR FIRST HOME,659839728397,1,$41.25,TRUE,1,TRUE
OR1038,OCCUPATION-BLOWDRYER,659839765613,1,$38.25,TRUE,1,TRUE
OR1390,OCCUPATION-BEST TEACHER MUG,659839779993,1,$38.25,TRUE,1,TRUE
OR1398,OCCUPATION-CHEF,659839780074,1,$36.75,TRUE,1,TRUE
OR1401,OCCUPATION-DENTIST,659839780104,1,$38.25,TRUE,1,TRUE
OR1711,OCCUPATION- NEW FIRETRUCK,659839787790,2,$40.50,TRUE,2,TRUE
OR2542,OCCUPATION-LAB COAT VET,659839730727,1,$42.00,TRUE,1,TRUE
OR2739,OCCUPATION- Christmas White Board for Teacher,659839741761,1,$40.50,TRUE,1,TRUE
OR434,OCCUPATION-POLICE CAR,659839750091,1,$40.50,FALSE,1,TRUE
OR811,OCCUPATION-KINDERGARTEN,659839763022,1,$36.75,TRUE,1,TRUE
OR921,OCCUPATION-I LOVE MAKEUP-NAIL POLISH,659839766894,1,$40.50,TRUE,1,TRUE
PF1435,PICTURE FRAME- ARMED FORCES PICTURE FRAME ORNAMENT,659839780609,1,$42.00,TRUE,1,TRUE
OR022,PETS-DOG BONE WITH HOLLY,659839168001,2,$36.75,TRUE,2,TRUE
OR1221,PETS-GINGERBREAD CAT,659839775797,2,$36.75,TRUE,2,TRUE
OR1222,PETS-GINGERBREAD DOG,659839775803,2,$36.75,TRUE,2,TRUE
OR1438,PETS- SANTA DOG BONE,659839780531,2,$36.75,TRUE,2,TRUE
OR1439,PETS- PRINCESS DOG BONE,659839780548,2,$36.75,TRUE,2,TRUE
OR1482,PETS- R.I.P MEMORIAL,659839785284,2,$38.25,TRUE,2,TRUE
OR2760,PETS- I BELIEVE IN SANTA PAWS DOG HOUSE,659839741846,2,$36.75,FALSE,2,TRUE
OR2767,PETS- GINGERBREAD PAW PRINT,659839741921,2,$38.25,TRUE,2,TRUE
OR2989,PETS- Dog Mom,659839743093,2,$39.75,FALSE,1,FALSE
OR2990,PETS- Dog Dad,659839743109,2,$39.75,FALSE,2,TRUE
OR2992,PETS- Dog in Red Car,659839743116,2,$40.50,FALSE,2,TRUE
OR3043,Pets- I Woof You Red Ornament,659839743536,2,$40.50,FALSE,2,TRUE
OR712-A,"PETS-DOG PAW(4-BLACK,4-TAN, 4-BROWN)",659839768430,1,$36.75,TRUE,1,TRUE
OR719,PETS-DOGGY STOCKING,659839768454,2,$36.75,TRUE,2,TRUE
OR788,PETS-DOG BONE W/BOW,659839761547,3,$38.25,TRUE,2,FALSE
PF1404,PICTURE FRAME- CHRISTMAS DOG FRAME,659839780586,2,$40.50,TRUE,2,TRUE
PF1423,PICTURE FRAME- CHRISTMAS CAT FRAME,659839780593,2,$40.50,TRUE,2,TRUE
PF1048,PICTURE FRAME-PET FRAME-CAT,659839769826,1,$40.50,TRUE,1,TRUE
PF1713,PICTURE FRAME- WHO SAVED WHO,659839708894,1,$38.25,FALSE,1,TRUE
PF2138,PICTURE FRAME- You left paw prints on our heart,659839724337,2,$38.25,TRUE,2,TRUE
OR1612,PETS- PUPPY'S FIRST CHRISTMAS,659839703974,2,$40.50,TRUE,2,TRUE
OR1613,PETS- KITTY'S FIRST CHRISTMAS,659839703981,1,$40.50,TRUE,1,TRUE
PF1145,PICTURE FRAME- REST IN PEACE FRAME/ PETS,659839771775,2,$40.50,TRUE,2,TRUE
PF3005,Picture Frame- Merry Woofmas,659839743727,2,$39.00,FALSE,2,TRUE
OR1383,TRAVEL- RV CAMPER,659839779924,1,$36.75,TRUE,1,TRUE
OR1440,TRAVEL- WORLD TRAVEL TRUNK,659839780555,1,$38.25,TRUE,1,TRUE
OR1725,TRAVEL- NEW CRUISE SHIP,659839708573,1,$38.25,TRUE,0,FALSE
OR2799,TRAVEL- Passport,659839742201,1,$40.50,FALSE,1,TRUE
OR3021,Travel- Silver Rollaway Suitcase,659839743314,1,$36.75,FALSE,1,TRUE
OR3024,Travel- Postcard from California,659839743345,1,$36.75,FALSE,1,TRUE
OR3022,Travel- Postcard from Las Vegas,659839743321,1,$36.75,FALSE,1,TRUE
OR1053,SPORTS- BASEBALL GLOVE,659839765767,1,$40.50,TRUE,1,TRUE
OR1619,SPORTS- SWIMMING,659839704056,1,$38.25,TRUE,1,TRUE
OR1818,SPORTS- Coach w/Whistle and Clipboard,659839710194,1,$38.25,TRUE,1,TRUE
OR2144,SPORTS- GYMNAST SILHOUETTE,659839722159,2,$40.50,FALSE,2,TRUE
OR2521,SPORTS- NEW FOOTBALL SHIELD,659839730178,1,$42.00,TRUE,1,TRUE
OR2522,SPORTS- NEW SOCCER SHIELD,659839730185,3,$42.00,TRUE,3,TRUE
OR2523,SPORTS- NEW BASEBALL SHIELD,659839730802,1,$42.00,TRUE,1,TRUE
OR2528,SPORTS- NEW BASKETBALL SHIELD,659839730680,1,$42.00,TRUE,1,TRUE
OR2526,GNOMES- GNOME SOCCER PLAYER,659839730215,1,$42.00,FALSE,1,TRUE
OR2581,SPORTS- NEW VOLLEYBALL SHIELD,659839730246,1,$42.00,TRUE,1,TRUE
OR2744,SPORTS- Martial Arts Badge,659839741792,1,$39.75,TRUE,1,TRUE
OR2981,SPORTS- Playing Pickleball,659839743031,2,$42.00,FALSE,2,TRUE
OR2834,SPORTS- TRACK SHIELD ORNAMENT,659839739393,2,$39.00,FALSE,2,TRUE
OR2986,SPORTS- Ballet Shield,659839743062,2,$42.00,FALSE,2,TRUE
OR2988,SPORTS- Golfball Snowman,659839743086,1,$40.50,FALSE,1,TRUE
OR484,SPORTS-KARATE JACKET,659839755188,1,$36.75,TRUE,1,TRUE
OR873,SPORTS-SOCCER BALL,659839764166,3,$36.75,TRUE,3,TRUE
OR471,RELIGIOUS/MEMORIAL-MEMORIAL CROSS,659839754341,1,$36.75,TRUE,1,TRUE
OR782,RELIGIOUS/MEMORIAL-IN OUR HEARTS FOREVER,659839761424,3,$38.25,TRUE,3,TRUE
OR858,"STICK ON-DOG ADD ON(4-BLACK, 4-BROWN, 4-YELLOW)",659839764012,10,$13.50,TRUE,10,TRUE
OR1213-8,FAMILY-HOT CHOCOLATE FAMILY OF 8,659839728908,3,$39.00,TRUE,3,TRUE
OR1213-7,FAMILY-HOT CHOCOLATE FAMILY OF 7,659839728892,3,$39.00,TRUE,3,TRUE
OR1345-2,FAMILY SERIES- MADE W/LOVE FAMILY OF 2,659839779269,2,$40.50,TRUE,2,TRUE
OR1470-4,FAMILY SERIES- PAJAMA FAMILY OF 4,659839785109,2,$40.50,TRUE,2,TRUE
OR1470-5,FAMILY SERIES- PAJAMA FAMILY OF 5,659839785116,2,$42.00,TRUE,2,TRUE
OR1527-2,FAMILY SERIES- NEW REINDEER FAMILY COUPLE,659839700614,2,$40.50,TRUE,2,TRUE
OR1527-7,FAMILY SERIES- NEW REINDEER FAMILY OF 7,659839700669,2,$42.00,TRUE,2,TRUE
OR1527-5,FAMILY SERIES- NEW REINDEER FAMILY OF 5,659839700645,2,$42.00,TRUE,2,TRUE
OR1527-3,FAMILY SERIES- NEW REINDEER FAMILY OF 3,659839700621,2,$40.50,TRUE,2,TRUE
OR1602-3,FAMILY SERIES- Ugly Sweater Family of 3,659839703509,1,$40.50,TRUE,1,TRUE
OR1611-3,FAMILY SERIES- FAMILY OF 3 W/DOG,659839703936,3,$42.00,TRUE,3,TRUE
OR1611-4,FAMILY SERIES- FAMILY OF 4 W/DOG,659839703943,3,$42.00,TRUE,3,TRUE
OR1611-6,FAMILY SERIES- FAMILY OF 6 W/DOG,659839703967,1,$42.00,TRUE,1,TRUE
OR1674-3,FAMILY SERIES- SINGLE PARENT W/ 3 CHILD,659839707897,1,$40.50,TRUE,1,TRUE
OR1789-7,FAMILY SERIES- Family Peeking Family of 7,659839709730,2,$42.00,TRUE,2,TRUE
OR1789-8,FAMILY SERIES- Family Peeking Family of 8,659839709747,2,$42.00,TRUE,2,TRUE
OR1789-9,FAMILY SERIES- Family Peeking Family of 9,659839709754,2,$42.00,TRUE,2,TRUE
OR1872-2,FAMILY SERIES- GINGERBREAD HOUSE COUPLE,659839713225,2,$40.50,TRUE,2,TRUE
OR1872-3,FAMILY SERIES- GINGERBREAD HOUSE FAMILY OF 3,659839713232,2,$40.50,TRUE,2,TRUE
OR1872-4,FAMILY SERIES- GINGERBREAD HOUSE FAMILY OF 4,659839713249,2,$42.00,TRUE,2,TRUE
OR1909-4,FAMILY SERIES- FAMILY OF 4 W/DOG,659839714246,3,$40.50,TRUE,3,TRUE
OR1909-5,FAMILY SERIES- FAMILY OF 5 W/DOG,659839714253,3,$42.00,TRUE,3,TRUE
OR1909-6,FAMILY SERIES- FAMILY OF 5 W/DOG,659839714260,2,$42.00,TRUE,2,TRUE
OR2025-3,FAMILY SERIES- READING IN BED FAMILY OF 3,659839723071,2,$42.00,TRUE,2,TRUE
OR2025-4,FAMILY SERIES- READING IN BED FAMILY OF 4,659839723088,2,$42.00,TRUE,2,TRUE
OR2025-5,FAMILY SERIES- READING IN BED FAMILY OF 5,659839723095,2,$42.00,TRUE,2,TRUE
OR2025-6,FAMILY SERIES- READING IN BED FAMILY OF 6,659839723101,1,$42.00,TRUE,1,TRUE
OR2026-2,FAMILY SERIES- FARM HOUSE FAMILY OF 2,659839723118,2,$42.00,TRUE,2,TRUE
OR2026-4,FAMILY SERIES- FARM HOUSE FAMILY OF 4,659839723132,2,$42.00,TRUE,2,TRUE
OR2026-5,FAMILY SERIES- FARM HOUSE FAMILY OF 5,659839723149,2,$42.00,TRUE,2,TRUE
OR2026-6,FAMILY SERIES- FARM HOUSE FAMILY OF 6,659839723156,1,$42.00,TRUE,1,TRUE
OR2030-10,FAMILY SERIES- FIREPLACE MANTLE FAMILY OF 10,659839728595,3,$42.00,TRUE,3,TRUE
OR2030-11,FAMILY SERIES- FIREPLACE MANTLE FAMILY OF 11,659839728601,3,$42.00,TRUE,3,TRUE
OR2030-2,FAMILY SERIES- FIREPLACE MANTLE FAMILY OF 2,659839723316,2,$42.00,TRUE,2,TRUE
OR2030-7,FAMILY SERIES- FIREPLACE MANTLE FAMILY OF 7,659839728564,3,$42.00,TRUE,3,TRUE
OR2030-8,FAMILY SERIES- FIREPLACE MANTLE FAMILY OF 8,659839728571,3,$42.00,TRUE,3,TRUE
OR2030-9,FAMILY SERIES- FIREPLACE MANTLE FAMILY OF 9,659839728588,2,$42.00,TRUE,2,TRUE
OR2255-2,FAMILY SERIES- NEW SNOWMAN FAMILY OF 2,659839726430,2,$39.75,TRUE,2,TRUE
OR2255-3,FAMILY SERIES- NEW SNOWMAN FAMILY OF 3,659839726447,2,$41.25,TRUE,2,TRUE
OR2255-4,FAMILY SERIES- NEW SNOWMAN FAMILY OF 4,659839726454,2,$41.25,TRUE,2,TRUE
OR2256-2,FAMILY SERIES- MR. & MRS. REINDEER COUPLE,659839726485,2,$41.25,TRUE,2,TRUE
OR2261-3,FAMILY SERIES- HEDGEHOG FAMILY OF 3,659839726737,2,$41.25,TRUE,2,TRUE
OR2261-4,FAMILY SERIES- HEDGEHOG FAMILY OF 4,659839726744,2,$41.25,TRUE,2,TRUE
OR2261-6,FAMILY SERIES- HEDGEHOG FAMILY OF 6,659839726768,1,$41.25,TRUE,1,TRUE
OR2461-2,FAMILY SERIES- FAMILY OF 2 SITTING IN FRONT OF FIREPLACE,659839729356,4,$42.00,TRUE,4,TRUE
OR2461-3,FAMILY SERIES- FAMILY OF 3 SITTING IN FRONT OF FIREPLACE,659839729363,4,$42.00,TRUE,4,TRUE
OR2461-4,FAMILY SERIES- FAMILY OF 4 SITTING IN FRONT OF FIREPLACE,659839729370,4,$42.00,FALSE,4,TRUE
OR2461-6,FAMILY SERIES- FAMILY OF 6 SITTING IN FRONT OF FIREPLACE,659839729394,2,$42.00,TRUE,2,TRUE
OR2467-5,FAMILY SERIES- Cutesy Moose Family of 5,659839730963,2,$42.00,TRUE,2,TRUE
OR2467-3,FAMILY SERIES- Cutesy Moose Family of 3,659839730949,2,$42.00,TRUE,2,TRUE
OR2663-2,FAMILY SERIES- Arctic Seal Family of 2,659839740702,2,$42.00,TRUE,2,TRUE
OR2663-3,FAMILY SERIES- Arctic Seal Family of 3,659839740719,2,$42.00,FALSE,2,TRUE
OR2663-4,FAMILY SERIES- Arctic Seal Family of 4,659839740726,2,$42.00,FALSE,2,TRUE
OR2663-5,FAMILY SERIES- Arctic Seal Family of 5,659839740733,2,$42.00,TRUE,2,TRUE
OR2672-2,FAMILY SERIES- Cat in Christmas Tree Family of 2,659839741006,2,$42.00,FALSE,2,TRUE
OR2672-3,FAMILY SERIES- Cat in Christmas Tree Family of 3,659839741013,2,$42.00,FALSE,2,TRUE
OR2672-4,FAMILY SERIES- Cat in Christmas Tree Family of 4,659839741020,2,$42.00,TRUE,2,TRUE
OR2672-5,FAMILY SERIES- Cat in Christmas Tree Family of 5,659839741037,2,$42.00,FALSE,2,TRUE
OR2672-6,FAMILY SERIES- Cat in Christmas Tree Family of 6,659839741044,1,$42.00,FALSE,1,TRUE
OR2719-3,Family Series- GINGERBREAD FAMILY of 3,659839743734,2,$40.50,FALSE,0,FALSE
OR2719-4,Family Series- GINGERBREAD FAMILY of 4,659839743741,3,$42.00,FALSE,0,FALSE
OR2719-5,Family Series- GINGERBREAD FAMILY of 5,659839743758,3,$42.00,FALSE,3,TRUE
OR2719-6,Family Series- GINGERBREAD FAMILY of 6,659839743765,2,$42.00,FALSE,2,TRUE
OR2870-10,FAMILY SERIES- NEW MITTEN FAMILY OF 10,659839731656,2,$42.00,FALSE,2,TRUE
OR2870-11,FAMILY SERIES- NEW MITTEN FAMILY OF 11,659839731663,2,$42.00,FALSE,2,TRUE
OR2870-12,FAMILY SERIES- NEW MITTEN FAMILY OF 12,659839731670,2,$42.00,FALSE,2,TRUE
OR2870-2,FAMILY SERIES- NEW MITTEN FAMILY OF 2,659839731687,2,$42.00,FALSE,2,TRUE
OR2870-7,FAMILY SERIES- NEW MITTEN FAMILY OF 7,659839731731,2,$42.00,FALSE,2,TRUE
OR2908-2,Family Series- Santa's Sleigh Flying with Reindeer Family of 2,659839740078,2,$42.00,FALSE,2,TRUE
OR2908-3,Family Series- Santa's Sleigh Flying with Reindeer Family of 3,659839740085,2,$42.00,FALSE,2,TRUE
OR2908-4,Family Series- Santa's Sleigh Flying with Reindeer Family of 4,659839740092,2,$42.00,FALSE,2,TRUE
OR2909-3,Family Series-Polar Bears in Car Family of 3,659839740115,2,$42.00,FALSE,2,TRUE
OR2909-4,Family Series-Polar Bears in Car Family of 4,659839740122,3,$42.00,FALSE,3,TRUE
OR2909-5,Family Series-Polar Bears in Car Family of 5,659839740139,2,$42.00,FALSE,2,TRUE
OR2909-6,Family Series-Polar Bears in Car Family of 6,659839740146,1,$42.00,FALSE,1,TRUE
OR2910-2,Family Series- Dalmation Puppys in Basket Family of 2,659839740153,3,$42.00,FALSE,3,TRUE
OR2910-3,Family Series- Dalmation Puppys in Basket Family of 3,659839740160,3,$42.00,FALSE,3,TRUE
OR2910-4,Family Series- Dalmation Puppys in Basket Family of 4,659839740177,4,$42.00,FALSE,4,TRUE
OR2910-5,Family Series- Dalmation Puppys in Basket Family of 5,659839740184,4,$42.00,FALSE,4,TRUE
OR2910-6,Family Series- Dalmation Puppys in Basket Family of 6,659839740191,2,$42.00,FALSE,2,TRUE
OR2915,Family General- Penguin Mom,659839742300,1,$40.50,FALSE,1,TRUE
OR3040,Family General- Grandma Bear,659839743505,1,$40.50,FALSE,1,TRUE
OR3041,Family General- Grandpa Bear,659839743512,1,$40.50,FALSE,1,TRUE
OR967-2,FAMILY SERIES- NORTH POLE FAMILY OF 2,659839767273,2,$40.50,TRUE,2,TRUE
OR967-7,FAMILY SERIES-NORTH POLE FAMILY OF 7,659839772130,2,$42.00,TRUE,2,TRUE
OR967-9,FAMILY SERIES-NORTH POLE FAMILY OF 9,659839772154,2,$42.00,TRUE,2,TRUE
OR967-3,FAMILY SERIES- NORTH POLE FAMILY OF 3,659839767426,2,$40.50,TRUE,2,TRUE
OR967-4,FAMILY SERIES-NORTH POLE FAMILY OF 4,659839767433,3,$40.50,TRUE,3,TRUE
OR967-5,FAMILY SERIES-NORTH POLE FAMILY OF 5,659839767440,3,$40.50,TRUE,3,TRUE
OR2902-2,Family Series- New House Family of 2,659839739768,2,$42.00,FALSE,2,TRUE
OR2902-3,Family Series- New House Family of 3,659839739775,2,$42.00,FALSE,2,TRUE
OR2902-4,Family Series- New House Family of 4,659839739782,3,$42.00,FALSE,3,TRUE
OR2902-5,Family Series- New House Family of 5,659839739799,3,$42.00,FALSE,3,TRUE
OR2902-6,Family Series- New House Family of 6,659839739805,1,$42.00,FALSE,1,TRUE
OR2907-2,Family Series- Penguins Building a Snowman Family of 2,659839740023,2,$42.00,FALSE,2,TRUE
OR2907-3,Family Series- Penguins Building a Snowman Family of 3,659839740030,2,$42.00,FALSE,2,TRUE
OR2907-4,Family Series- Penguins Building a Snowman Family of 4,659839740047,3,$42.00,FALSE,3,TRUE
OR2907-5,Family Series- Penguins Building a Snowman Family of 5,659839740054,2,$42.00,FALSE,2,TRUE
OR2907-6,Family Series- Penguins Building a Snowman Family of 6,659839740061,1,$42.00,FALSE,1,TRUE
OR2906-3,Family Series- Cute Christmas Characters Family of 3,659839739980,3,$42.00,FALSE,3,TRUE
OR2906-5,Family Series- Cute Christmas Characters Family of 5,659839740009,3,$42.00,FALSE,2,FALSE
OR3048-3,Family Series- Ski Lift Family W/Dangling Legs-3,659839743598,2,$42.00,FALSE,2,TRUE
OR3048-4,Family Series- Ski Lift Family W/Dangling Legs-4,659839743604,2,$42.00,FALSE,2,TRUE
OR3048-5,Family Series- Ski Lift Family W/Dangling Legs-5,659839743611,2,$42.00,FALSE,2,TRUE
OR3048-6,Family Series- Ski Lift Family W/Dangling Legs-6,659839743628,1,$42.00,FALSE,1,TRUE
OR2467-4,FAMILY SERIES- Cutesy Moose Family of 4,659839730956,2,$42.00,TRUE,2,TRUE
OR2467-2,FAMILY SERIES- Cutesy Moose Family of 2,659839730932,2,$42.00,TRUE,2,TRUE
OR2467-6,FAMILY SERIES- Cutesy Moose Family of 6,659839730970,2,$42.00,TRUE,2,TRUE
OR2469-5,FAMILY SERIES- ARCTIC FOX FAMILY OF 5,659839729684,2,$42.00,FALSE,2,TRUE
OR2469-6,FAMILY SERIES- ARCTIC FOX FAMILY OF 6,659839729691,2,$42.00,FALSE,2,TRUE
OR2788,GENERAL- G.O.A.T,659839742089,1,$40.50,FALSE,1,TRUE
OR998,HOME-LOG CABIN,659839768249,1,$40.50,FALSE,1,TRUE
OR2906-6,Family Series- Cute Christmas Characters Family of 6,659839740016,2,$42.00,FALSE,2,TRUE
NFL-LAC SHIELD,Los Angeles Chargers Personlaized Shield Ornament,659839744076,1,$72.00,FALSE,1,TRUE
NFL-LAR SHIELD,Los Angeles Rams Personalized Shield Ornament,659839744083,1,$72.00,FALSE,1,TRUE
NFL-SF SHIELD,San Francisco 49ers Personalized Shield Ornament,659839744175,1,$72.00,FALSE,1,TRUE
NFL-LAS SHIELD,Las Vegas Raiders Personalized Shield Ornament,659839744069,2,$72.00,FALSE,2,TRUE
NFL-KC SHIELD,Kansas City Chiefs Personalized Shield Ornament,659839744052,1,$72.00,FALSE,1,TRUE
NFL-DAL SHIELD,Dallas Cowboys Personalized Shield Ornament,659839743987,2,$72.00,FALSE,2,TRUE
OR2176-A,STICK ON- DOG W/SANTA CAP ADD ON ASSORTMENT(3 OF EACH),659839723897,10,$13.50,TRUE,10,TRUE
OR2239,CHILD- DANCE TEAM,659839726287,1,$39.75,TRUE,1,TRUE
OR610,CHILD-PRINCESS HEART,659839760274,1,$40.50,TRUE,1,TRUE
OR1846-P,BABY'S FIRST- SNOWBABY W/CANDY CANE- PINK,659839710545,1,$38.25,TRUE,1,TRUE
OR1618,HOBBIES/ACTIVITIES- New Piano,659839704049,1,$42.00,TRUE,1,TRUE
OR1816,OCCUPATION- Tool Chest,659839710170,1,$38.25,TRUE,1,TRUE
OR488,OCCUPATION-HAIR STYLIST,659839755225,1,$40.50,TRUE,1,TRUE
OR2306,SPORTS- BASKETBALL BACKBOARD & BALL,659839727208,1,$39.75,TRUE,1,TRUE
OR863,SPORTS-FIGURE SKATES,659839764067,1,$38.25,TRUE,1,TRUE
OR2461-5,FAMILY SERIES- FAMILY OF 5 SITTING IN FRONT OF FIREPLACE,659839729387,1,$42.00,TRUE,1,TRUE
OR2662-2,FAMILY SERIES- New Hot Cocoa Family of 2,659839740658,1,$42.00,TRUE,1,TRUE
OR807-2,We're Expecting- We're Expecting Snowman Couple w/ 2Children,659839772086,2,$40.50,TRUE,2,TRUE
OR1183-A,COUPLES-PENGUIN COUPLE W/HEART ASSORTMENT(4 of each),659839772208,2,$40.50,TRUE,2,TRUE
OR2382,COUPLES- NAME IN SAND HEART,659839728250,2,$42.00,TRUE,2,TRUE
OR2391,COUPLES- MR.AND MRS. CLAUSE KISSING,659839728359,2,$41.25,TRUE,2,TRUE
OR1168,GENERAL- COFFEE LOVER CUP,659839771522,2,$36.75,TRUE,2,TRUE
OR2766,PETS- Dog with Reindeer Antlers,659839741907,2,$38.25,TRUE,2,TRUE
OR2255-5,FAMILY SERIES- NEW SNOWMAN FAMILY OF 5,659839726461,2,$41.25,TRUE,2,TRUE
OR2905-2,Family Series- People in Wreath Family of 2,659839739911,2,$42.00,FALSE,2,TRUE
OR2904-5,Family Series- Sleigh w/ Gold Rails Family of 5,659839739898,2,$42.00,FALSE,2,TRUE
OR2904-6,Family Series- Sleigh w/ Gold Rails Family of 6,659839739904,2,$42.00,FALSE,2,TRUE
OR2469-4,FAMILY SERIES- ARCTIC FOX FAMILY OF 4,659839729677,2,$42.00,FALSE,2,TRUE
OR2030-12,FAMILY SERIES- FIREPLACE MANTLE FAMILY OF 12,659839728618,3,$42.00,TRUE,3,TRUE
OR2905-3,Family Series- People in Wreath Family of 3,659839739928,3,$42.00,FALSE,3,TRUE
OR2905-5,Family Series- People in Wreath Family of 5,659839739942,3,$42.00,FALSE,3,TRUE
OR2905-4,Family Series- People in Wreath Family of 4,659839739935,4,$42.00,FALSE,4,TRUE
OR2177-A,STICK ON- CAT W/SCARF ADD ON ASSORTMENT,659839723903,10,$13.50,TRUE,10,TRUE