"902 Broadway New York, NY 10010",,Aroma Pizza & Pasta,,
"Activity Period: Fri Oct 1, 2021 to Sun Oct 31, 2021",,"20491 Alton Pkwy, Lake Forest CA, 92630",,
,,Account ID: 15639,,
W-9 form reminder,,,,
"For legal reasons, we need your W-9 form and Slice Agreement Acknowledgement. If you haven’t already, return them asap. Talk to your Account Manager or email",,,,
Partner@SliceLife.com,,,,
Summary of Your Activity,,,,
,,,"From October 1, 2021 to October 31, 2021, your restaurant",
Orders,,"$6,032.77","made $6,135.38 with Slice.",
165 online orders,,"$7,173.41",Activity Details,
Processing fee,,-$287.22,,
Slice partnership fee,,-$369.00,"Net Sales
Taxes","$5,878.63
$485.43"
Sales tax withholding,,-$484.42,"Sales Tax Withholding
Cust. Delivery fee","-$484.42
$231.32"
12 Slice Adjustments,,$102.61,Tips,$593.42
TOTAL OF 165 ORDERS,$0.00,"$6,135.38","Slice Adjustments
Slice Fees","$102.61
-$656.22"
,Paid directly by,Total Earnings,,
,your customers,,Total Earnings,"$6,135.38"
Slice spent $152.96,,,,
in funding promotions,,,,
for your customers! *,,,,
Order Activity Report Reminder,,,,
The order activity report is not a statement and it does not correspond to a,,,,
payment. The amounts on this report are for your reference and reporting needs.,,,,
Please refer to your official statement on the Owner’s Portal for the finalized,,,,
reporting.,,,,

Online Orders,,,,,,,,,,,
Date & Time,Order ID,"Order
Type","Pickup
Delivery",Subtotal,"Cust.
Delivery
Fee","Order
Adjust.",Tax,Tips,"Order
Total","P'ship
Fee","Proc.
Fee"
"Oct 01, 2021
Friday
11:32am",54482466,Credit,Pickup,$115.65,$0.00,$0.00,$8.96,$17.35,$141.96,-$2.25,-$5.68
"Oct 01, 2021
Friday
2:51pm",54512477,Credit,Delivery,$27.76,$4.99,$0.00,$2.54,$4.16,$39.45,-$2.25,-$1.38
"Oct 01, 2021
Friday
3:09pm",54518026,Credit,Delivery,$42.73,$1.99,$0.00,$3.47,$7.00,$55.19,-$2.25,-$2.21
"Oct 01, 2021
Friday
4:49pm",54544481,Credit,Pickup,$37.96,$0.00,$0.00,$2.94,$7.59,$48.49,-$2.25,-$1.94
"Oct 01, 2021
Friday
5:33pm",54551774,Credit,Pickup,$37.76,$0.00,$0.00,$2.93,$5.00,$45.69,-$2.25,-$1.83
"Oct 01, 2021
Friday
6:22pm",54556762,Credit,Pickup,$32.97,$0.00,$0.00,$2.56,$0.00,$35.53,-$2.25,-$1.42
"Oct 01, 2021
Friday
6:37pm",54557848,Credit,Pickup,$30.98,$0.00,$0.00,$2.40,$0.00,$33.38,-$2.25,-$1.34
"Oct 01, 2021
Friday
6:40pm",54558056,Credit,Pickup,$21.99,$0.00,$0.00,$1.70,$0.00,$23.69,-$2.25,-$0.95
"Oct 01, 2021
Friday
7:02pm",54559324,Credit,Delivery,$19.98,$4.99,$0.00,$1.94,$3.00,$29.91,-$2.25,-$1.20
"Oct 01, 2021
Friday
7:23pm",54560291,Credit,Delivery,$32.55,$4.99,$0.00,$2.91,$4.88,$45.33,-$2.25,-$1.81
"Oct 01, 2021
Friday
8:10pm",54561634,Credit,Delivery,$31.97,$2.99,$0.00,$2.71,$4.80,$42.47,-$2.25,-$1.58
"Oct 01, 2021
Friday
8:37pm",54562131,Credit,Delivery,$34.72,$8.99,$0.00,$3.39,$5.20,$52.30,-$2.25,-$2.09
"Oct 02, 2021
Saturday
3:04pm",54599768,Credit,Delivery,$16.00,$1.99,-$0.01,$1.39,$1.60,$20.97,-$2.25,-$0.84
"Oct 02, 2021
Saturday
4:54pm",54621426,Credit,Delivery,$17.95,$1.99,$0.00,$1.55,$2.69,$24.18,-$2.25,-$0.97
"Oct 02, 2021
Saturday
6:28pm",54631328,Credit,Pickup,$45.76,$0.00,$0.00,$3.55,$4.00,$53.31,-$2.25,-$2.13
"Oct 02, 2021
Saturday
6:39pm",54631989,Credit,Delivery,$40.97,$1.99,$0.00,$3.33,$6.15,$52.44,-$2.25,-$2.10
"Oct 02, 2021
Saturday
7:11pm",54633564,Credit,Pickup,$22.98,$0.00,$0.00,$1.78,$0.00,$24.76,-$2.25,-$0.99
"Oct 02, 2021
Saturday
8:33pm",54635781,Credit,Delivery,$40.76,$2.99,$0.00,$3.39,$8.15,$55.29,-$2.25,-$2.21
"Oct 03, 2021
Sunday
12:30pm",54653405,Credit,Delivery,$16.00,$1.99,-$0.01,$1.39,$2.40,$21.77,-$2.25,-$0.87
"Oct 03, 2021
Sunday
12:44pm",54654505,Credit,Delivery,$31.71,$1.99,$0.00,$2.61,$4.76,$41.07,-$2.25,-$1.04
"Oct 03, 2021
Sunday
1:47pm",54661119,Credit,Delivery,$27.98,$1.99,$0.00,$2.32,$4.20,$36.49,-$2.25,-$1.46
"Oct 03, 2021
Sunday
1:56pm",54662439,Credit,Delivery,$46.87,$4.99,$0.00,$4.02,$7.03,$62.91,-$2.25,-$2.52
"Oct 03, 2021
Sunday
4:59pm",54689586,Credit,Pickup,$52.25,$0.00,$0.00,$4.05,$0.00,$56.30,-$2.25,-$2.25
"Oct 03, 2021
Sunday
5:22pm",54691431,Credit,Pickup,$39.74,$0.00,$0.00,$3.08,$0.00,$42.82,-$2.25,-$1.72
"Oct 03, 2021
Sunday
5:31pm",54692073,Credit,Pickup,$34.30,$0.00,$0.00,$2.66,$5.00,$41.96,-$2.25,-$1.68

"Oct 03, 2021
Sunday
5:55pm",54693459,Credit,Delivery,$43.43,$2.99,$0.00,$3.60,$10.86,$60.88,-$2.25,-$2.44
"Oct 03, 2021
Sunday
6:04pm",54693949,Credit,Pickup,$30.47,$0.00,$0.00,$2.36,$4.57,$37.40,-$2.25,-$1.50
"Oct 05, 2021
Tuesday
11:41am",54741102,Credit,Pickup,$35.77,$0.00,$0.00,$2.77,$0.00,$38.54,-$2.25,-$1.54
"Oct 05, 2021
Tuesday
1:35pm",54745492,Credit,Pickup,$12.99,$0.00,$0.00,$1.01,$0.00,$14.00,-$2.25,-$0.56
"Oct 05, 2021
Tuesday
5:11pm",54767016,Credit,Pickup,$88.91,$0.00,$0.00,$6.89,$10.00,$105.80,-$2.25,-$3.63
"Oct 06, 2021
Wednesday
12:04pm",54782181,Credit,Pickup,$27.48,$0.00,$0.00,$2.13,$0.00,$29.61,-$2.25,-$1.19
"Oct 06, 2021
Wednesday
12:20pm",54782658,Credit,Delivery,$27.00,$2.99,-$0.01,$2.32,$4.05,$36.35,-$2.25,-$0.45
"Oct 06, 2021
Wednesday
5:14pm",54810590,Credit,Delivery,$77.96,$1.99,$0.00,$6.20,$11.69,$97.84,-$2.25,-$3.92
"Oct 06, 2021
Wednesday
6:46pm",54814509,Credit,Pickup,$21.98,$0.00,$0.00,$1.70,$0.00,$23.68,-$2.25,-$0.95
"Oct 06, 2021
Wednesday
7:19pm",54815238,Credit,Pickup,$31.44,$0.00,$0.00,$2.44,$4.72,$38.60,-$2.25,-$1.55
"Oct 07, 2021
Thursday
2:42pm",54839747,Credit,Delivery,$69.72,$1.99,$0.00,$5.56,$12.00,$89.27,-$2.25,-$3.57
"Oct 07, 2021
Thursday
5:32pm",54861960,Credit,Pickup,$20.98,$0.00,$0.00,$1.63,$0.00,$22.61,-$2.25,-$0.91
"Oct 07, 2021
Thursday
7:03pm",54866015,Credit,Pickup,$12.99,$0.00,$0.00,$1.01,$1.29,$15.29,-$2.25,-$0.61
"Oct 08, 2021
Friday
6:06pm",54950129,Credit,Pickup,$18.53,$0.00,$0.00,$1.44,$0.00,$19.97,-$2.25,-$0.80
"Oct 08, 2021
Friday
6:46pm",54953167,Credit,Pickup,$32.72,$0.00,$0.00,$2.54,$0.00,VOIDED,$0.00,
"Oct 08, 2021
Friday
7:46pm",54955693,Credit,Pickup,$29.75,$0.00,$0.00,$2.31,$0.00,$32.06,-$2.25,-$1.29
"Oct 08, 2021
Friday
8:04pm",54956176,Credit,Pickup,$32.97,$0.00,$0.00,$2.56,$0.00,$35.53,-$2.25,-$1.42
"Oct 09, 2021
Saturday
1:44pm",54978920,Credit,Delivery,$49.40,$2.99,$0.00,$4.06,$12.35,$68.80,-$2.25,-$2.75
"Oct 09, 2021
Saturday
4:19pm",55009678,Credit,Pickup,$22.98,$0.00,$0.00,$1.78,$2.30,$27.06,-$2.25,-$1.09
"Oct 09, 2021
Saturday
6:07pm",55023223,Credit,Pickup,$41.26,$0.00,$0.00,$3.20,$3.00,$47.46,-$2.25,-$1.90
"Oct 09, 2021
Saturday
7:30pm",55027748,Credit,Delivery,$24.08,$2.99,$0.00,$2.10,$4.00,$33.17,-$2.25,-$1.33
"Oct 09, 2021
Saturday
9:32pm",55029888,Credit,Pickup,$38.42,$0.00,$0.00,$2.98,$0.00,$41.40,-$2.25,-$1.66
"Oct 09, 2021
Saturday
10:48pm",55030460,Credit,Delivery,$97.92,$1.99,$0.00,$7.74,$14.69,$122.34,-$2.25,-$4.90
"Oct 10, 2021
Sunday
11:58am",55044165,Credit,Delivery,$16.00,$1.99,-$0.01,$1.39,$2.40,$21.77,-$2.25,-$0.87
"Oct 10, 2021
Sunday
4:59pm",55082348,Credit,Delivery,$26.49,$1.99,-$0.01,$2.21,$2.65,$33.33,-$2.25,-$1.33
"Oct 10, 2021
Sunday
5:55pm",55086232,Credit,Delivery,$59.97,$4.99,-$5.00,$4.65,$9.00,$73.61,-$2.25,-$2.95

"Oct 10, 2021
Sunday
6:46pm",55088234,Credit,Delivery,$28.47,$4.99,$0.00,$2.59,$2.85,$38.90,-$2.25,-$1.56
"Oct 11, 2021
Monday
3:58pm",55116363,Credit,Pickup,$62.06,$0.00,$0.00,$4.81,$0.00,$66.87,-$2.25,-$2.68
"Oct 11, 2021
Monday
4:54pm",55120958,Credit,Delivery,$30.35,$2.99,$0.00,$2.58,$4.55,$40.47,-$2.25,-$1.62
"Oct 11, 2021
Monday
4:57pm",55121190,Credit,Pickup,$37.47,$0.00,$0.00,$2.90,$0.00,$40.37,-$2.25,-$1.62
"Oct 11, 2021
Monday
6:01pm",55124390,Credit,Delivery,$42.29,$1.99,$0.00,$3.43,$6.34,$54.05,-$2.25,-$2.17
"Oct 11, 2021
Monday
6:01pm",55124391,Credit,Delivery,$32.98,$1.99,$0.00,$2.71,$4.95,$42.63,-$2.25,-$1.71
"Oct 11, 2021
Monday
6:25pm",55125134,Credit,Pickup,$27.98,$0.00,$0.00,$2.17,$0.00,$30.15,-$2.25,-$1.21
"Oct 12, 2021
Tuesday
11:39am",55134962,Credit,Pickup,$23.98,$0.00,$0.00,$1.86,$0.00,$25.84,-$2.25,-$1.03
"Oct 12, 2021
Tuesday
7:10pm",55163783,Credit,Pickup,$27.00,$0.00,-$0.01,$2.09,$0.00,$29.08,-$2.25,-$0.16
"Oct 13, 2021
Wednesday
5:55pm",55205350,Credit,Pickup,$13.49,$0.00,$0.00,$1.05,$0.00,$14.54,-$2.25,-$0.58
"Oct 13, 2021
Wednesday
5:56pm",55205410,Credit,Delivery,$39.49,$1.99,-$0.01,$3.21,$3.95,$48.63,-$2.25,-$1.95
"Oct 13, 2021
Wednesday
6:33pm",55206744,Credit,Delivery,$27.99,$2.99,-$0.01,$2.40,$4.20,$37.57,-$2.25,-$1.50
"Oct 14, 2021
Thursday
2:53pm",55234339,Credit,Pickup,$23.97,$0.00,$0.00,$1.86,$0.00,$25.83,-$2.25,-$1.04
"Oct 14, 2021
Thursday
4:01pm",55245702,Credit,Pickup,$19.99,$0.00,-$0.01,$1.55,$0.00,$21.53,-$2.25,-$0.86
"Oct 14, 2021
Thursday
4:45pm",55251468,Credit,Delivery,$31.00,$1.99,$0.00,$2.56,$4.65,$40.20,-$2.25,-$1.61
"Oct 14, 2021
Thursday
4:59pm",55253052,Credit,Pickup,$12.99,$0.00,$0.00,$1.01,$0.00,$14.00,-$2.25,-$0.56
"Oct 15, 2021
Friday
11:29am",55274021,Credit,Pickup,$23.71,$0.00,$0.00,$1.84,$0.00,$25.55,-$2.25,-$1.02
"Oct 15, 2021
Friday
4:56pm",55338208,Credit,Pickup,$16.00,$0.00,-$0.01,$1.24,$0.00,$17.23,-$2.25,-$0.69
"Oct 15, 2021
Friday
5:42pm",55344765,Credit,Pickup,$12.99,$0.00,$0.00,$1.01,$1.30,$15.30,-$2.25,-$0.61
"Oct 15, 2021
Friday
5:47pm",55345357,Credit,Pickup,$34.99,$0.00,-$5.00,$2.32,$4.50,$36.81,-$2.25,-$1.47
"Oct 15, 2021
Friday
6:18pm",55348349,Credit,Pickup,$41.44,$0.00,$0.00,$3.21,$8.29,$52.94,-$2.25,-$2.12
"Oct 15, 2021
Friday
6:34pm",55349588,Credit,Pickup,$35.95,$0.00,$0.00,$2.79,$0.00,$38.74,-$2.25,-$1.55
"Oct 15, 2021
Friday
7:16pm",55351933,Credit,Pickup,$25.77,$0.00,$0.00,$2.00,$0.00,$27.77,-$2.25,-$1.11
"Oct 16, 2021
Saturday
3:58pm",55405902,Credit,Delivery,$31.24,$1.99,$0.00,$2.58,$4.69,$40.50,-$2.25,-$1.62
"Oct 16, 2021
Saturday
4:54pm",55415668,Credit,Pickup,$43.45,$0.00,$0.00,$3.37,$0.00,$46.82,-$2.25,-$1.88

"Oct 16, 2021",,,,,,,,,,,
Saturday,55417890,Credit,Pickup,$26.98,$0.00,$0.00,$2.09,$0.00,$29.07,-$2.25,-$1.17
5:10pm,,,,,,,,,,,
"Oct 16, 2021",,,,,,,,,,,
Saturday,55421336,Credit,Delivery,$89.04,$2.99,$0.00,$7.13,$8.90,$108.06,-$2.25,-$4.33
5:41pm,,,,,,,,,,,
"Oct 16, 2021",,,,,,,,,,,
Saturday,55424800,Credit,Delivery,$29.98,$2.99,$0.00,$2.56,$3.00,$38.53,-$2.25,-$1.54
6:21pm,,,,,,,,,,,
"Oct 16, 2021",,,,,,,,,,,
Saturday,55426419,Credit,Pickup,$25.47,$0.00,$0.00,$1.97,$0.00,$27.44,-$2.25,-$1.10
6:48pm,,,,,,,,,,,
"Oct 17, 2021",,,,,,,,,,,
Sunday,55432347,Credit,Pickup,$143.97,$0.00,$0.00,$11.16,$5.00,$160.13,-$2.25,-$6.41
8:22am,,,,,,,,,,,
"Oct 17, 2021",,,,,,,,,,,
Sunday,55448018,Credit,Pickup,$42.96,$0.00,$0.00,$3.33,$0.00,$46.29,-$2.25,-$1.85
12:59pm,,,,,,,,,,,
"Oct 17, 2021",,,,,,,,,,,
Sunday,55460556,Credit,Pickup,$27.00,$0.00,-$0.01,$2.09,$2.70,$31.78,-$2.25,-$1.27
2:33pm,,,,,,,,,,,
"Oct 17, 2021",,,,,,,,,,,
Sunday,55474526,Credit,Delivery,$84.85,$2.99,-$0.01,$6.81,$12.73,$107.37,-$2.25,-$4.29
4:01pm,,,,,,,,,,,
"Oct 17, 2021",,,,,,,,,,,
Sunday,55483415,Credit,Pickup,$48.95,$0.00,$0.00,$3.79,$9.79,$62.53,-$2.25,-$2.50
5:30pm,,,,,,,,,,,
"Oct 17, 2021",,,,,,,,,,,
Sunday,55485265,Credit,Delivery,$22.85,$1.99,$0.00,$1.93,$3.43,$30.20,-$2.25,-$0.61
6:03pm,,,,,,,,,,,
"Oct 17, 2021",,,,,,,,,,,
Sunday,55488634,Credit,Pickup,$11.78,$0.00,$0.00,$0.91,$0.00,$12.69,-$2.25,-$0.51
9:25pm,,,,,,,,,,,
"Oct 18, 2021",,,,,,,,,,,
Monday,55498896,Credit,Delivery,$16.00,$1.99,-$0.01,$1.39,$2.40,$21.77,-$2.25,-$0.87
1:15pm,,,,,,,,,,,
"Oct 18, 2021",,,,,,,,,,,
Monday,55523392,Credit,Pickup,$12.99,$0.00,$0.00,$1.01,$1.00,$15.00,-$2.25,
7:57pm,,,,,,,,,,,
"Oct 19, 2021",,,,,,,,,,,
Tuesday,55533377,Credit,Pickup,$10.99,$0.00,$0.00,$0.85,$0.00,$11.84,-$2.25,-$0.48
12:14pm,,,,,,,,,,,
"Oct 19, 2021",,,,,,,,,,,
Tuesday,55533563,Credit,Pickup,$9.74,$0.00,$0.00,$0.75,$0.00,$10.49,-$2.25,-$0.42
12:20pm,,,,,,,,,,,
"Oct 19, 2021",,,,,,,,,,,
Tuesday,55534489,Credit,Pickup,$41.43,$0.00,$0.00,$3.21,$0.00,$44.64,-$2.25,-$1.79
12:50pm,,,,,,,,,,,
"Oct 19, 2021",,,,,,,,,,,
Tuesday,55534493,Credit,Pickup,$21.98,$0.00,$0.00,$1.70,$0.00,$23.68,-$2.25,-$0.95
12:50pm,,,,,,,,,,,
"Oct 19, 2021",,,,,,,,,,,
Tuesday,55558243,Credit,Delivery,$44.98,$1.99,-$0.01,$3.64,$6.75,$57.35,-$2.25,-$2.29
5:11pm,,,,,,,,,,,
"Oct 19, 2021",,,,,,,,,,,
Tuesday,55558498,Credit,Pickup,$22.98,$0.00,$0.00,$1.78,$3.45,$28.21,-$2.25,-$1.13
5:15pm,,,,,,,,,,,
"Oct 19, 2021",,,,,,,,,,,
Tuesday,55560687,Credit,Delivery,$32.49,$2.99,-$0.01,$2.75,$4.87,$43.09,-$2.25,-$0.72
6:00pm,,,,,,,,,,,
"Oct 19, 2021",,,,,,,,,,,
Tuesday,55562352,Credit,Delivery,$15.47,$4.99,$0.00,$1.59,$2.32,$24.37,-$2.25,-$0.98
6:56pm,,,,,,,,,,,
"Oct 19, 2021",,,,,,,,,,,
Tuesday,55563766,Credit,Pickup,$21.22,$0.00,$0.00,$1.64,$0.00,$22.86,-$2.25,-$0.92
9:22pm,,,,,,,,,,,
"Oct 20, 2021",,,,,,,,,,,
Wednesday,55572158,Credit,Pickup,$10.99,$0.00,$0.00,$0.85,$5.00,$16.84,-$2.25,-$0.68
11:12am,,,,,,,,,,,
"Oct 20, 2021",,,,,,,,,,,
Wednesday,55586405,Credit,Delivery,$74.72,$1.99,$0.00,$5.95,$12.00,$94.66,-$2.25,-$3.79
2:51pm,,,,,,,,,,,
"Oct 20, 2021",,,,,,,,,,,
Wednesday,55607967,Credit,Pickup,$12.99,$0.00,$0.00,$1.01,$0.00,$14.00,-$2.25,-$0.56
7:16pm,,,,,,,,,,,

"Oct 21, 2021
Thursday
2:47pm",55634299,Credit,Delivery,$189.99,$2.99,$0.00,$14.96,$19.00,$226.94,-$2.25,-$9.08
"Oct 21, 2021
Thursday
5:15pm",55654247,Credit,Pickup,$34.99,$0.00,-$5.00,$2.32,$0.00,$32.31,-$2.25,-$1.30
"Oct 21, 2021
Thursday
6:06pm",55657347,Credit,Pickup,$24.08,$0.00,$0.00,$1.87,$0.00,$25.95,-$2.25,-$1.04
"Oct 21, 2021
Thursday
6:07pm",55657404,Credit,Pickup,$9.99,$0.00,$0.00,$0.77,$0.00,$10.76,-$2.25,-$0.43
"Oct 21, 2021
Thursday
6:35pm",55658534,Credit,Delivery,$22.71,$2.99,$0.00,$1.99,$5.68,$33.37,-$2.25,-$1.34
"Oct 22, 2021
Friday
1:14pm",55680429,Credit,Pickup,$10.99,$0.00,$0.00,$0.85,$1.65,$13.49,-$2.25,-$0.54
"Oct 22, 2021
Friday
5:06pm",55737661,Credit,Pickup,$28.97,$0.00,$0.00,$2.25,$0.00,$31.22,-$2.25,-$1.25
"Oct 22, 2021
Friday
5:16pm",55739097,Credit,Pickup,$32.31,$0.00,$0.00,$2.50,$4.85,$39.66,-$2.25,-$1.39
"Oct 22, 2021
Friday
5:31pm",55741102,Credit,Delivery,$33.98,$8.99,$0.00,$3.33,$5.10,$51.40,-$2.25,-$2.06
"Oct 22, 2021
Friday
6:08pm",55744962,Credit,Pickup,$32.86,$0.00,$0.00,$2.55,$0.00,$35.41,-$2.25,-$1.42
"Oct 22, 2021
Friday
6:10pm",55745152,Credit,Pickup,$14.99,$0.00,$0.00,$1.16,$1.50,$17.65,-$2.25,-$0.71
"Oct 22, 2021
Friday
6:36pm",55747221,Credit,Pickup,$22.73,$0.00,$0.00,$1.76,$2.27,$26.76,-$2.25,-$1.07
"Oct 22, 2021
Friday
6:38pm",55747293,Credit,Delivery,$20.96,$4.99,$0.00,$2.01,$3.14,$31.10,-$2.25,-$1.24
"Oct 22, 2021
Friday
9:36pm",55752062,Credit,Pickup,$19.96,$0.00,$0.00,$1.55,$0.00,$21.51,-$2.25,-$0.86
"Oct 23, 2021
Saturday
12:43pm",55767338,Credit,Delivery,$75.76,$4.99,-$5.00,$5.87,$10.00,$91.62,-$2.25,-$3.67
"Oct 23, 2021
Saturday
1:08pm",55769343,Credit,Delivery,$34.86,$4.99,$0.00,$3.09,$5.22,$48.16,-$2.25,-$1.93
"Oct 23, 2021
Saturday
5:03pm",55812738,Credit,Pickup,$37.98,$0.00,$0.00,$2.94,$5.00,$45.92,-$2.25,-$1.84
"Oct 23, 2021
Saturday
5:27pm",55815570,Credit,Pickup,$27.98,$0.00,$0.00,$2.17,$0.00,$30.15,-$2.25,-$1.21
"Oct 23, 2021
Saturday
5:50pm",55817941,Credit,Pickup,$40.46,$0.00,$0.00,$3.14,$3.00,$46.60,-$2.25,-$1.86
"Oct 24, 2021
Sunday
4:24pm",55874190,Credit,Delivery,$23.48,$2.99,$0.00,$2.05,$3.52,$32.04,-$2.25,-$1.28
"Oct 24, 2021
Sunday
6:23pm",55882484,Credit,Pickup,$18.53,$0.00,$0.00,$1.44,$0.00,$19.97,-$2.25,-$0.80
"Oct 25, 2021
Monday
4:53pm",55913786,Credit,Delivery,$51.96,$1.99,$0.00,$4.18,$7.79,$65.92,-$2.25,-$2.64
"Oct 25, 2021
Monday
5:25pm",55915638,Credit,Pickup,$19.98,$0.00,$0.00,$1.55,$0.00,$21.53,-$2.25,-$0.86
"Oct 25, 2021
Monday
7:33pm",55919225,Credit,Pickup,$30.98,$0.00,$0.00,$2.40,$0.00,$33.38,-$2.25,-$1.34
"Oct 26, 2021
Tuesday
11:45am",55928945,Credit,Pickup,$79.67,$0.00,$0.00,$6.17,$0.00,$85.84,-$2.25,-$3.44
"Oct 26, 2021
Tuesday
12:36pm",55930516,Credit,Delivery,$39.97,$8.99,$0.00,$3.79,$3.99,$56.74,-$2.25,-$2.27

"Oct 26, 2021
Tuesday
5:06pm",55955120,Credit,Pickup,$49.42,$0.00,$0.00,$3.83,$0.00,$53.25,-$2.25,-$2.13
"Oct 26, 2021
Tuesday
7:10pm",55959640,Credit,Delivery,$45.84,$2.99,$0.00,$3.78,$6.88,$59.49,-$2.25,-$2.38
"Oct 26, 2021
Tuesday
7:22pm",55959817,Credit,Pickup,$23.45,$0.00,$0.00,$1.82,$0.00,$25.27,-$2.25,-$1.01
"Oct 26, 2021
Tuesday
7:31pm",55959961,Credit,Pickup,$14.97,$0.00,$0.00,$1.16,$0.00,$16.13,-$2.25,-$0.65
"Oct 26, 2021
Tuesday
7:53pm",55960237,Credit,Delivery,$22.58,$2.99,$0.00,$1.98,$3.38,$30.93,-$2.25,-$1.24
"Oct 27, 2021
Wednesday
5:58pm",56002026,Credit,Pickup,$20.97,$0.00,$0.00,$1.63,$3.15,$25.75,-$2.25,-$1.03
"Oct 27, 2021
Wednesday
7:22pm",56004400,Credit,Pickup,$34.99,$0.00,-$5.00,$2.32,$0.00,$32.31,-$2.25,-$1.29
"Oct 28, 2021
Thursday
11:08am",56014455,Credit,Pickup,$37.99,$0.00,-$0.01,$2.94,$0.00,$40.92,-$2.25,-$1.64
"Oct 28, 2021
Thursday
3:25pm",56037740,Credit,Pickup,$109.95,$0.00,$0.00,$8.52,$0.00,$118.47,-$2.25,-$4.74
"Oct 28, 2021
Thursday
4:05pm",56043982,Credit,Delivery,$47.22,$4.99,$4.99,$4.44,$8.00,$69.64,-$2.25,-$2.79
"Oct 28, 2021
Thursday
4:42pm",56048638,Credit,Delivery,$54.12,$2.99,$0.00,$4.43,$5.00,$66.54,-$2.25,-$2.66
"Oct 28, 2021
Thursday
5:03pm",56050709,Credit,Delivery,$56.97,$1.99,-$5.00,$4.18,$7.80,$65.94,-$2.25,-$2.64
"Oct 28, 2021
Thursday
5:48pm",56053977,Credit,Delivery,$24.70,$2.99,$0.00,$2.15,$6.17,$36.01,-$2.25,-$1.44
"Oct 29, 2021
Friday
8:35am",56062893,Credit,Delivery,$37.98,$2.99,$0.00,$3.18,$5.69,$49.84,-$2.25,-$2.00
"Oct 29, 2021
Friday9:56am",56067697,Credit,Pickup,$21.12,$0.00,$0.00,$1.64,$0.00,$22.76,-$2.25,-$0.91
"Oct 29, 2021
Friday
2:10pm",56092643,Credit,Delivery,$20.47,$4.99,$0.00,$1.97,$3.07,$30.50,-$2.25,-$1.22
"Oct 29, 2021
Friday
5:15pm",56141934,Credit,Delivery,$35.97,$1.99,$0.00,$2.94,$5.40,$46.30,-$2.25,-$1.85
"Oct 29, 2021
Friday
6:25pm",56149344,Credit,Delivery,$18.99,$4.99,$0.00,$1.86,$2.85,$28.69,-$2.25,-$1.15
"Oct 29, 2021
Friday
6:27pm",56149500,Credit,Pickup,$37.94,$0.00,$0.00,$2.94,$0.00,$40.88,-$2.25,-$1.64
"Oct 29, 2021
Friday
6:39pm",56150352,Credit,Pickup,$18.99,$0.00,$0.00,$1.47,$0.00,$20.46,-$2.25,-$0.82
"Oct 29, 2021
Friday
7:26pm",56152538,Credit,Delivery,$21.57,$1.99,$0.00,$1.83,$3.24,$28.63,-$2.25,-$1.15
"Oct 29, 2021
Friday
8:10pm",56153738,Credit,Delivery,$35.85,$2.99,$0.00,$3.01,$4.00,$45.85,-$2.25,-$1.83
"Oct 30, 2021
Saturday
2:07pm",56182972,Credit,Delivery,$41.55,$1.99,$0.00,$3.37,$6.23,$53.14,-$2.25,-$1.53
"Oct 30, 2021
Saturday
5:31pm",56219957,Credit,Pickup,$27.00,$0.00,-$0.01,$2.09,$2.70,$31.78,-$2.25,-$1.27
"Oct 30, 2021
Saturday
6:10pm",56223446,Credit,Pickup,$21.99,$0.00,$0.00,$1.70,$2.20,$25.89,-$2.25,-$0.84

"Oct 30, 2021
Saturday
7:40pm",56227715,Credit,Pickup,$16.98,$0.00,$0.00,$1.32,$0.00,$18.30,-$2.25,-$0.73
"Oct 31, 2021
Sunday
10:24am",56240397,Credit,Pickup,$176.69,$0.00,$0.00,$13.69,$26.50,$216.88,-$2.25,-$8.68
"Oct 31, 2021
Sunday
10:35am",56241173,Credit,Pickup,$43.98,$0.00,$0.00,$3.41,$4.40,$51.79,-$2.25,-$2.07
"Oct 31, 2021
Sunday
12:58pm",56255400,Credit,Delivery,$43.43,$2.99,$0.00,$3.60,$10.86,$60.88,-$2.25,-$2.44
"Oct 31, 2021
Sunday
1:57pm",56265790,Credit,Pickup,$12.99,$0.00,$0.00,$1.01,$0.00,$14.00,-$2.25,-$0.56
"Oct 31, 2021
Sunday
2:30pm",56271735,Credit,Pickup,$149.99,$0.00,$0.00,$11.62,$22.50,$184.11,-$2.25,-$7.37
"Oct 31, 2021
Sunday
4:29pm",56292549,Credit,Delivery,$31.97,$2.99,$0.00,$2.71,$4.80,$42.47,-$2.25,-$1.70
"Oct 31, 2021
Sunday
5:13pm",56297715,Credit,Pickup,$21.57,$0.00,$0.00,$1.67,$4.31,$27.55,-$2.25,-$1.10
"Oct 31, 2021
Sunday
5:33pm",56299498,Credit,Delivery,$33.98,$8.99,$0.00,$3.33,$5.10,$51.40,-$2.25,-$2.06
"Oct 31, 2021
Sunday
5:44pm",56300250,Credit,Delivery,$35.57,$4.99,$0.00,$3.14,$5.34,$49.04,-$2.25,-$1.96
"Oct 31, 2021
Sunday
6:37pm",56302888,Credit,Pickup,$33.96,$0.00,$0.00,$2.63,$0.00,$36.59,-$2.25,-$1.47
"Oct 31, 2021
Sunday
6:43pm",56303100,Credit,Pickup,$39.95,$0.00,$0.00,$3.10,$0.00,$43.05,-$2.25,-$1.72
"Oct 31, 2021
Sunday
6:45pm",56303152,Credit,Delivery,$42.98,$4.99,$0.00,$3.72,$4.00,$55.69,-$2.25,-$2.23
Slice Adjustments,,,,,,,,,,,
Date & Time,ID,Adjustment Value,,Description,,,,,,,
"Oct 13, 2021
Wednesday
10:24pm",50523780,-$50.35,,Chargeback Dispute,,,,,,,
"Oct 01, 2021
Friday
8:10pm",54561634,$3.00,,Credit Slice Promo Code,,,,,,,
"Oct 06, 2021
Wednesday
12:20pm",54782658,$25.00,,Credit Slice Promo Code,,,,,,,
"Oct 12, 2021
Tuesday
7:10pm",55163783,$25.00,,Credit Slice Promo Code,,,,,,,
"Oct 19, 2021
Tuesday
6:00pm",55560687,$25.00,,Credit Slice Promo Code,,,,,,,
"Oct 22, 2021
Friday
5:16pm",55739097,$5.00,,Credit Slice Promo Code,,,,,,,
"Oct 30, 2021
Saturday
6:10pm",56223446,$5.00,,Credit Slice Promo Code,,,,,,,
"Oct 03, 2021
Sunday
12:44pm",54654505,$14.99,,credit loyalty reward amount for order #54654505,,,,,,,
"Oct 05, 2021
Tuesday
5:11pm",54767016,$14.99,,credit loyalty reward amount for order #54767016,,,,,,,
"Oct 17, 2021
Sunday
6:03pm",55485265,$14.99,,Slice Rewards Credit,,,,,,,
"Oct 30, 2021
Saturday
2:07pm",56182972,$14.99,,Slice Rewards Credit,,,,,,,

"Oct 01, 2021",,,
Friday,54512477,$5.00,credit slicecredit amount for order #54512477
2:51pm,,,

FAQ,Questions? Feedback?
How is the Slice Partnership Fee Charged?,We’re here to help! Call us at 855-237-4992 or email us at
The Slice Partnership Fee is a per order charge and is charged on the pre-tax,Partner@SliceLife.com
amount of the total product sold.,
When is payment authorized for each order?,
Payment is authorized at the time the order is accepted and set with a prep time.,
"If the order cannot be confirmed, we will not authorize payment for it.",
Have you checked your Pizzeria Score?,We got you 40% off printed menus!
"Find your Pizzeria Score, plus tips on how to improve it, in your Owner's Portal.","Want 25,000 printed menus for $897? Contact your account manager today and"
"Remember, the higher your score, the more orders you can expect.","save on professionally-designed, full-color menus."
