"ID","Restaurant","Type","Description","Date","Time","Subtotal","Service","Delivery","Tax","Tip","Restaurant Total","Commission","Delivery Commission","Processing Fee","Withheld Tax"
"O-377015312488959","Aroma Pizza & Pasta - Alton Pkwy","Prepaid Order",,"5/23/21","7:01 PM","19.98","0","6.99","2.09","5.81","34.87","-6.74","0","-1.36","0"
"O-229315267310554","Aroma Pizza & Pasta - Alton Pkwy","Prepaid Order",,"5/19/21","5:42 PM","50.87","0","6.99","4.48","6.23","68.57","-14.47","0","-2.39","0"
"O-524515271748898","Aroma Pizza & Pasta - Alton Pkwy","Prepaid Order",,"5/20/21","11:15 AM","199.96","0","19.99","17.05","35.55","272.55","-38.49","0","-8.61","0"
"O-299715249300538","Aroma Pizza & Pasta - Alton Pkwy","Prepaid Order",,"5/16/21","6:48 PM","42.97","0","0.00","3.33","6.94","53.24","-10.74","0","-1.92","0"
"O-994915282602337","Aroma Pizza & Pasta - Alton Pkwy","Prepaid Order",,"5/20/21","7:07 PM","28.85","0","1.99","2.39","5.00","38.23","-7.71","0","-1.47","0"
"O-951615128403784","Aroma Pizza & Pasta - Alton Pkwy","Prepaid Order",,"5/5/21","12:56 PM","26.77","0","1.99","2.22","4.65","35.63","-7.19","0","-1.39","0"
"O-030915200105777","Aroma Pizza & Pasta - Alton Pkwy","Prepaid Order",,"5/12/21","7:36 PM","34.76","0","6.99","3.23","7.49","52.47","-10.44","0","-1.90","0"
"O-492015298436860","Aroma Pizza & Pasta - Alton Pkwy","Prepaid Order",,"5/21/21","6:31 PM","35.93","0","4.99","3.17","6.61","50.70","-10.23","0","-1.85","0"
"O-051315367886237","Aroma Pizza & Pasta - Alton Pkwy","Prepaid Order",,"5/29/21","12:05 PM","27.21","0","6.99","2.65","4.40","41.25","-8.55","0","-1.56","0"
"O-070415185338128","Aroma Pizza & Pasta - Alton Pkwy","Prepaid Order",,"5/11/21","1:25 PM","16.98","0","6.99","1.86","4.58","30.41","-5.99","0","-1.23","0"
"O-525215179436264","Aroma Pizza & Pasta - Alton Pkwy","Prepaid Order",,"5/10/21","2:11 PM","33.46","0","4.99","2.98","7.21","48.64","-9.61","0","-1.78","0"
"O-541515145828386","Aroma Pizza & Pasta - Alton Pkwy","Prepaid Order",,"5/7/21","1:30 PM","46.94","0","1.99","3.79","10.12","62.84","-12.23","0","-2.22","0"
"O-198915224761046","Aroma Pizza & Pasta - Alton Pkwy","Prepaid Order",,"5/15/21","1:25 PM","30.56","0","4.99","2.76","7.50","45.81","-8.89","0","-1.70","0"
"O-661915313197430","Aroma Pizza & Pasta - Alton Pkwy","Prepaid Order",,"5/23/21","9:29 PM","26.99","0","6.99","2.63","7.32","43.93","-8.50","0","-1.64","0"
"O-911015267275209","Aroma Pizza & Pasta - Alton Pkwy","Prepaid Order",,"5/18/21","8:25 PM","29.29","0","2.99","2.50","5.22","40.00","-8.07","0","-1.52","0"
"O-740215208235800","Aroma Pizza & Pasta - Alton Pkwy","Prepaid Order",,"5/12/21","8:55 PM","48.34","0","4.99","4.14","5.21","62.68","-13.33","0","-2.21","0"
"O-227315144229419","Aroma Pizza & Pasta - Alton Pkwy","Cash Order",,"5/6/21","8:09 PM","27.98","0","1.99","2.32","0","32.29","-7.49","0","0","0"
"O-305715371866274","Aroma Pizza & Pasta - Alton Pkwy","Prepaid Order",,"5/30/21","4:53 PM","16.98","0","1.99","1.47","3.07","23.51","-4.74","0","-1.02","0"
"O-075415166765645","Aroma Pizza & Pasta - Alton Pkwy","Prepaid Order",,"5/8/21","9:20 PM","16.78","0","1.99","1.45","2.02","22.24","-4.69","0","-0.98","0"
"O-427515165767083","Aroma Pizza & Pasta - Alton Pkwy","Prepaid Order",,"5/8/21","8:37 PM","26.85","0","2.99","2.31","3.22","35.37","-7.46","0","-1.38","0"
"O-874115249260149","Aroma Pizza & Pasta - Alton Pkwy","Prepaid Order",,"5/16/21","7:49 PM","20.98","0","2.99","1.86","0","25.83","-5.99","0","-1.09","0"
"O-854415366486700","Aroma Pizza & Pasta - Alton Pkwy","Prepaid Order",,"5/29/21","1:15 PM","60.61","0","6.99","5.24","10.93","83.77","-16.90","0","-2.85","0"
"O-525215209454430","Aroma Pizza & Pasta - Alton Pkwy","Prepaid Order",,"5/12/21","8:13 PM","17.47","0","6.99","1.89","2.82","29.17","-6.12","0","-1.19","0"
"O-256315179158652","Aroma Pizza & Pasta - Alton Pkwy","Prepaid Order",,"5/9/21","7:17 PM","54.94","0","1.99","4.41","11.84","73.18","-14.23","0","-2.53","0"
"O-383915125883950","Aroma Pizza & Pasta - Alton Pkwy","Prepaid Order",,"5/4/21","8:01 PM","11.99","0","0.00","0.93","0","12.92","-3.00","0","-0.69","0"
"O-265615162771340","Aroma Pizza & Pasta - Alton Pkwy","Prepaid Order",,"5/8/21","8:13 PM","34.97","0","4.99","3.10","4.00","47.06","-9.99","0","-1.74","0"
"O-274815143985727","Aroma Pizza & Pasta - Alton Pkwy","Prepaid Order",,"5/7/21","5:30 PM","42.06","0","0.00","3.26","1.68","47.00","-10.52","0","-1.73","0"
"O-925215324031868","Aroma Pizza & Pasta - Alton Pkwy","Prepaid Order",,"5/25/21","12:59 PM","11.99","0","0.00","0.93","0","12.92","-3.00","0","-0.69","0"
"O-038715174862607","Aroma Pizza & Pasta - Alton Pkwy","Prepaid Order",,"5/9/21","6:20 PM","19.77","0","4.99","1.92","3.20","29.88","-6.19","0","-1.21","0"
"O-123715178790843","Aroma Pizza & Pasta - Alton Pkwy","Prepaid Order",,"5/10/21","3:54 PM","16.99","0","6.99","1.86","2.00","27.84","-6.00","0","-1.15","0"
"O-296815222027221","Aroma Pizza & Pasta - Alton Pkwy","Prepaid Order",,"5/14/21","8:46 PM","24.73","0","2.99","2.15","4.48","34.35","-6.93","0","-1.35","0"
"O-259915375075705","Aroma Pizza & Pasta - Alton Pkwy","Prepaid Order",,"5/29/21","6:30 PM","72.89","0","8.99","6.35","1.00","89.23","-20.47","0","-3.02","0"
"O-661515153343928","Aroma Pizza & Pasta - Alton Pkwy","Prepaid Order",,"5/8/21","5:30 PM","39.96","0","2.99","3.33","6.94","53.22","-10.74","0","-1.92","0"
"O-265615162780297","Aroma Pizza & Pasta - Alton Pkwy","Prepaid Order",,"5/9/21","4:45 PM","15.57","0","0.00","1.21","0","16.78","-3.89","0","-0.81","0"
"O-523915156022843","Aroma Pizza & Pasta - Alton Pkwy","Prepaid Order",,"5/8/21","5:32 PM","47.15","0","1.99","3.80","7.94","60.88","-12.29","0","-2.16","0"
"O-071515160541328","Aroma Pizza & Pasta - Alton Pkwy","Prepaid Order",,"5/9/21","3:59 PM","31.96","0","4.99","2.87","9.96","49.78","-9.24","0","-1.82","0"
"O-127115265991135","Aroma Pizza & Pasta - Alton Pkwy","Prepaid Order",,"5/18/21","6:03 PM","39.96","0","8.99","3.80","2.00","54.75","-12.24","0","-1.97","0"
"O-812115145537284","Aroma Pizza & Pasta - Alton Pkwy","Prepaid Order",,"5/6/21","7:50 PM","38.96","0","2.99","3.25","4.00","49.20","-10.49","0","-1.80","0"
"O-461815086618523","Aroma Pizza & Pasta - Alton Pkwy","Prepaid Order",,"5/1/21","12:54 PM","27.76","0","2.99","2.38","4.97","38.10","-7.69","0","-1.46","0"
"O-274815173933591","Aroma Pizza & Pasta - Alton Pkwy","Prepaid Order",,"5/9/21","6:27 PM","39.01","0","4.99","3.41","4.00","51.41","-11.00","0","-1.87","0"
"O-673115144389616","Aroma Pizza & Pasta - Alton Pkwy","Prepaid Order",,"5/6/21","7:49 PM","70.69","0","0.00","5.48","4.00","80.17","-17.67","0","-2.75","0"
"O-497815388067961","Aroma Pizza & Pasta - Alton Pkwy","Prepaid Order",,"5/30/21","8:30 PM","21.36","0","2.99","1.89","2.30","28.54","-6.09","0","-1.17","0"
"O-023815390868834","Aroma Pizza & Pasta - Alton Pkwy","Prepaid Order",,"5/31/21","8:40 PM","79.62","0","0.00","6.17","12.86","98.65","-19.91","0","-3.31","0"
"O-047415313136808","Aroma Pizza & Pasta - Alton Pkwy","Prepaid Order",,"5/23/21","6:06 PM","39.55","0","1.99","3.22","6.71","51.47","-10.39","0","-1.87","0"
"O-739015153980336","Aroma Pizza & Pasta - Alton Pkwy","Prepaid Order",,"5/7/21","9:17 PM","26.99","0","1.99","2.24","4.36","35.58","-7.25","0","-1.39","0"
"O-345615374438985","Aroma Pizza & Pasta - Alton Pkwy","Prepaid Order",,"5/30/21","5:02 PM","44.92","0","4.99","3.87","8.07","61.85","-12.48","0","-2.19","0"
"O-673115114358374","Aroma Pizza & Pasta - Alton Pkwy","Prepaid Order",,"5/4/21","5:38 PM","15.98","0","2.99","1.47","4.09","24.53","-4.74","0","-1.05","0"
"O-229315297366257","Aroma Pizza & Pasta - Alton Pkwy","Prepaid Order",,"5/21/21","9:48 PM","27.76","0","6.99","2.69","7.49","44.93","-8.69","0","-1.67","0"
"O-857715370275112","Aroma Pizza & Pasta - Alton Pkwy","Adjustment of O-857715370275112","MISSING_ITEM - Refund requested by diner via help interaction","5/29/21","8:14 PM","-9.98","0","0.00","-0.77","0","-10.75","0","0","0","0"
"O-457815261302638","Aroma Pizza & Pasta - Alton Pkwy","Prepaid Order",,"5/18/21","7:45 PM","54.03","0","1.99","4.34","9.05","69.41","-14.01","0","-2.42","0"
"O-272915178671382","Aroma Pizza & Pasta - Alton Pkwy","Prepaid Order",,"5/9/21","6:01 PM","53.91","0","4.99","4.57","5.00","68.47","-14.73","0","-2.39","0"
"O-071515140590509","Aroma Pizza & Pasta - Alton Pkwy","Prepaid Order",,"5/6/21","8:51 PM","29.75","0","1.99","2.46","5.13","39.33","-7.94","0","-1.50","0"
"O-008615191350586","Aroma Pizza & Pasta - Alton Pkwy","Prepaid Order",,"5/11/21","9:30 PM","49.47","0","8.99","4.53","5.00","67.99","-14.62","0","-2.37","0"
"O-251215335625197","Aroma Pizza & Pasta - Alton Pkwy","Prepaid Order",,"5/26/21","3:34 PM","15.74","0","0.00","1.22","0","16.96","-3.94","0","-0.82","0"
"O-947315093148622","Aroma Pizza & Pasta - Alton Pkwy","Prepaid Order",,"5/2/21","3:38 PM","21.98","0","1.99","1.85","3.87","29.69","-5.99","0","-1.21","0"
"O-248015387761787","Aroma Pizza & Pasta - Alton Pkwy","Prepaid Order",,"5/30/21","5:50 PM","52.96","0","6.99","4.64","3.00","67.59","-14.99","0","-2.36","0"
"O-438915083517785","Aroma Pizza & Pasta - Alton Pkwy","Prepaid Order",,"5/1/21","1:49 PM","16.98","0","6.99","1.86","4.58","30.41","-5.99","0","-1.23","0"
"O-911015287267444","Aroma Pizza & Pasta - Alton Pkwy","Prepaid Order",,"5/21/21","3:23 PM","21.99","0","8.99","2.40","4.74","38.12","-7.75","0","-1.46","0"
"O-803415366463073","Aroma Pizza & Pasta - Alton Pkwy","Prepaid Order",,"5/28/21","9:27 PM","13.99","0","0.00","1.08","0","15.07","-3.50","0","-0.76","0"
"O-303115091997524","Aroma Pizza & Pasta - Alton Pkwy","Prepaid Order",,"5/2/21","4:19 PM","40.85","0","0.00","3.17","6.60","50.62","-10.21","0","-1.84","0"
"O-123715238767916","Aroma Pizza & Pasta - Alton Pkwy","Prepaid Order",,"5/15/21","6:12 PM","20.56","0","8.99","2.29","3.18","35.02","-7.39","0","-1.37","0"
"O-023815390868475","Aroma Pizza & Pasta - Alton Pkwy","Prepaid Order",,"5/31/21","8:49 PM","17.36","0","2.99","1.58","3.29","25.22","-5.09","0","-1.07","0"
"O-852415101293349","Aroma Pizza & Pasta - Alton Pkwy","Prepaid Order",,"5/2/21","6:26 PM","22.98","0","4.99","2.17","0","30.14","-6.99","0","-1.22","0"
"O-033115164892475","Aroma Pizza & Pasta - Alton Pkwy","Prepaid Order",,"5/8/21","7:25 PM","54.93","0","4.99","4.65","8.88","73.45","-14.98","0","-2.54","0"
"O-673115144385554","Aroma Pizza & Pasta - Alton Pkwy","Prepaid Order",,"5/6/21","8:06 PM","90.99","0","4.99","7.44","15.51","118.93","-24.00","0","-3.93","0"
"O-272915158660954","Aroma Pizza & Pasta - Alton Pkwy","Prepaid Order",,"5/8/21","2:52 PM","21.97","0","4.99","2.09","0","29.05","-6.74","0","-1.19","0"
"O-229315297361984","Aroma Pizza & Pasta - Alton Pkwy","Prepaid Order",,"5/21/21","8:32 PM","26.99","0","4.99","2.48","5.82","40.28","-8.00","0","-1.53","0"
"O-881415160378838","Aroma Pizza & Pasta - Alton Pkwy","Prepaid Order",,"5/9/21","4:58 PM","56.24","0","1.99","4.51","6.27","69.01","-14.56","0","-2.40","0"
"O-925215274038124","Aroma Pizza & Pasta - Alton Pkwy","Prepaid Order",,"5/20/21","2:53 PM","22.95","0","4.99","2.17","4.51","34.62","-6.99","0","-1.36","0"
"O-117015111993135","Aroma Pizza & Pasta - Alton Pkwy","Prepaid Order",,"5/3/21","8:39 PM","28.31","0","0.00","2.19","3.05","33.55","-7.08","0","-1.32","0"
"O-075415156765087","Aroma Pizza & Pasta - Alton Pkwy","Prepaid Order",,"5/7/21","8:19 PM","33.03","0","2.99","2.79","6.19","45.00","-9.01","0","-1.67","0"
"O-274815163906352","Aroma Pizza & Pasta - Alton Pkwy","Prepaid Order",,"5/8/21","9:36 PM","38.97","0","0.00","3.02","0","41.99","-9.74","0","-1.58","0"
"O-173515177092943","Aroma Pizza & Pasta - Alton Pkwy","Prepaid Order",,"5/9/21","6:20 PM","53.45","0","6.99","4.68","0","65.12","-15.11","0","-2.29","0"
"O-928515309251666","Aroma Pizza & Pasta - Alton Pkwy","Prepaid Order",,"5/23/21","5:35 PM","15.98","0","2.99","1.47","4.09","24.53","-4.74","0","-1.05","0"
"O-198915184758731","Aroma Pizza & Pasta - Alton Pkwy","Prepaid Order",,"5/11/21","4:47 PM","50.96","0","0.00","3.95","8.23","63.14","-12.74","0","-2.23","0"
"O-305715341870712","Aroma Pizza & Pasta - Alton Pkwy","Prepaid Order",,"5/27/21","1:21 PM","10.99","0","0.00","0.85","0","11.84","-2.75","0","-0.66","0"
"O-265615132789990","Aroma Pizza & Pasta - Alton Pkwy","Prepaid Order",,"5/6/21","5:43 PM","60.74","0","1.99","4.86","12.00","79.59","-15.68","0","-2.73","0"
"O-615215102709314","Aroma Pizza & Pasta - Alton Pkwy","Prepaid Order",,"5/2/21","8:03 PM","44.32","0","1.99","3.58","7.48","57.37","-11.58","0","-2.05","0"
"O-427515155762635","Aroma Pizza & Pasta - Alton Pkwy","Prepaid Order",,"5/7/21","7:03 PM","22.77","0","2.99","1.99","4.16","31.91","-6.44","0","-1.27","0"
"O-854415386497711","Aroma Pizza & Pasta - Alton Pkwy","Prepaid Order",,"5/31/21","5:32 PM","19.28","0","1.99","1.64","3.07","25.98","-5.32","0","-1.09","0"
"O-283015219953518","Aroma Pizza & Pasta - Alton Pkwy","Prepaid Order",,"5/13/21","8:43 PM","76.49","0","4.99","6.32","13.17","100.97","-20.37","0","-3.38","0"
"O-541515135873732","Aroma Pizza & Pasta - Alton Pkwy","Prepaid Order",,"5/5/21","9:17 PM","16.98","0","4.99","1.71","3.55","27.23","-5.49","0","-1.13","0"
"O-296815232036664","Aroma Pizza & Pasta - Alton Pkwy","Prepaid Order",,"5/15/21","7:19 PM","38.97","0","1.99","3.17","4.41","48.54","-10.24","0","-1.78","0"
"O-055815331328680","Aroma Pizza & Pasta - Alton Pkwy","Prepaid Order",,"5/25/21","7:37 PM","10.98","0","0.00","0.85","1.77","13.60","-2.75","0","-0.71","0"
"O-127115285999294","Aroma Pizza & Pasta - Alton Pkwy","Prepaid Order",,"5/20/21","7:04 PM","30.95","0","6.99","2.94","5.00","45.88","-9.49","0","-1.70","0"
"O-854415386483754","Aroma Pizza & Pasta - Alton Pkwy","Prepaid Order",,"5/31/21","4:19 PM","18.48","0","4.99","1.82","3.49","28.78","-5.87","0","-1.18","0"
"O-715115276644064","Aroma Pizza & Pasta - Alton Pkwy","Prepaid Order",,"5/20/21","11:15 AM","279.99","0","14.99","22.86","45.00","362.84","-51.62","0","-11.37","0"
"O-265615162736540","Aroma Pizza & Pasta - Alton Pkwy","Prepaid Order",,"5/9/21","12:35 PM","21.57","0","6.99","2.21","5.00","35.77","-7.14","0","-1.39","0"
"O-136415243440595","Aroma Pizza & Pasta - Alton Pkwy","Prepaid Order",,"5/17/21","4:51 PM","25.69","0","8.99","2.69","5.61","42.98","-8.67","0","-1.61","0"
"O-227315164276704","Aroma Pizza & Pasta - Alton Pkwy","Prepaid Order",,"5/8/21","9:51 PM","27.76","0","6.99","2.69","7.49","44.93","-8.69","0","-1.67","0"
"O-903015117264951","Aroma Pizza & Pasta - Alton Pkwy","Prepaid Order",,"5/3/21","6:20 PM","31.15","0","2.99","2.64","4.67","41.45","-8.54","0","-1.56","0"
"O-911015307261720","Aroma Pizza & Pasta - Alton Pkwy","Prepaid Order",,"5/23/21","12:08 PM","104.27","0","4.99","8.47","17.65","135.38","-27.32","0","-4.43","0"
"O-123715248760072","Aroma Pizza & Pasta - Alton Pkwy","Prepaid Order",,"5/16/21","6:50 PM","34.96","0","0.00","2.71","0","37.67","-8.74","0","-1.45","0"
"O-854415386463277","Aroma Pizza & Pasta - Alton Pkwy","Prepaid Order",,"5/30/21","7:59 PM","90.43","0","6.99","7.55","15.75","120.72","-24.36","0","-3.98","0"
"T-AwEAAAAAAA9OopE98sDBURHrsbkLiORZeII","Aroma Pizza & Pasta - Alton Pkwy","Account Adjustment"," 85771537-0275112 LU","5/30/21","7:16 AM","0","0","0.00","0.00","0","9.98","0","0","0","0"
"O-777815230055448","Aroma Pizza & Pasta - Alton Pkwy","Prepaid Order",,"5/15/21","8:56 PM","68.43","0","2.99","5.53","11.54","88.49","-17.86","0","-3.00","0"
"O-492015298491462","Aroma Pizza & Pasta - Alton Pkwy","Prepaid Order",,"5/22/21","5:31 PM","42.34","0","6.99","3.82","7.97","61.12","-12.33","0","-2.16","0"
"O-304015365010946","Aroma Pizza & Pasta - Alton Pkwy","Prepaid Order",,"5/28/21","7:49 PM","50.74","0","1.99","4.08","8.20","65.01","-13.18","0","-2.28","0"
"O-994915292655010","Aroma Pizza & Pasta - Alton Pkwy","Prepaid Order",,"5/22/21","2:01 PM","14.99","0","0.00","1.16","0","16.15","-3.75","0","-0.79","0"
"O-615215102727716","Aroma Pizza & Pasta - Alton Pkwy","Prepaid Order",,"5/3/21","4:53 PM","24.47","0","0.00","1.90","0","26.37","-6.12","0","-1.10","0"
"O-857715350278883","Aroma Pizza & Pasta - Alton Pkwy","Prepaid Order",,"5/27/21","7:36 PM","16.98","0","6.99","1.86","4.58","30.41","-5.99","0","-1.23","0"
"O-185015099795678","Aroma Pizza & Pasta - Alton Pkwy","Prepaid Order",,"5/1/21","7:58 PM","45.33","0","2.99","3.74","4.00","56.06","-12.08","0","-2.01","0"
"O-947315103125396","Aroma Pizza & Pasta - Alton Pkwy","Prepaid Order",,"5/2/21","7:26 PM","42.96","0","0.00","3.33","8.00","54.29","-10.74","0","-1.96","0"
"O-673115144387683","Aroma Pizza & Pasta - Alton Pkwy","Prepaid Order",,"5/6/21","7:07 PM","32.93","0","4.99","2.94","6.13","46.99","-9.48","0","-1.73","0"
"O-030915220107725","Aroma Pizza & Pasta - Alton Pkwy","Prepaid Order",,"5/14/21","7:52 PM","43.16","0","1.99","3.49","6.98","55.62","-11.29","0","-2.00","0"
"O-643915092336190","Aroma Pizza & Pasta - Alton Pkwy","Prepaid Order",,"5/2/21","1:00 PM","29.46","0","0.00","2.28","0","31.74","-7.37","0","-1.27","0"
"O-156215169489563","Aroma Pizza & Pasta - Alton Pkwy","Prepaid Order",,"5/9/21","3:35 PM","15.98","0","1.99","1.39","3.00","22.36","-4.49","0","-0.98","0"
"O-259915365049072","Aroma Pizza & Pasta - Alton Pkwy","Prepaid Order",,"5/28/21","8:57 PM","18.48","0","4.99","1.82","3.49","28.78","-5.87","0","-1.18","0"
"O-030915210108021","Aroma Pizza & Pasta - Alton Pkwy","Prepaid Order",,"5/13/21","8:13 PM","40.76","0","2.99","3.39","9.43","56.57","-10.94","0","-2.03","0"
"O-038715154800384","Aroma Pizza & Pasta - Alton Pkwy","Prepaid Order",,"5/8/21","4:53 PM","57.69","0","1.99","4.62","5.00","69.30","-14.92","0","-2.41","0"
"O-679115262807549","Aroma Pizza & Pasta - Alton Pkwy","Prepaid Order",,"5/19/21","1:58 PM","33.43","0","0.00","2.59","0","36.02","-8.36","0","-1.40","0"
"O-186215327831850","Aroma Pizza & Pasta - Alton Pkwy","Prepaid Order",,"5/24/21","5:50 PM","24.97","0","8.99","2.64","5.49","42.09","-8.49","0","-1.58","0"
"O-191415356067236","Aroma Pizza & Pasta - Alton Pkwy","Prepaid Order",,"5/28/21","1:51 PM","32.14","0","0.00","2.49","0","34.63","-8.04","0","-1.36","0"
"O-492015288438674","Aroma Pizza & Pasta - Alton Pkwy","Prepaid Order",,"5/20/21","6:31 PM","64.69","0","4.99","5.40","0","75.08","-17.42","0","-2.59","0"
"O-821215305783062","Aroma Pizza & Pasta - Alton Pkwy","Prepaid Order",,"5/23/21","2:54 PM","48.24","0","6.99","4.28","1.00","60.51","-13.81","0","-2.15","0"
"O-030915220108507","Aroma Pizza & Pasta - Alton Pkwy","Prepaid Order",,"5/14/21","7:25 PM","44.72","0","4.99","3.86","9.64","63.21","-12.43","0","-2.23","0"
"O-488915187973161","Aroma Pizza & Pasta - Alton Pkwy","Prepaid Order",,"5/11/21","12:00 PM","29.97","0","2.99","2.55","5.33","40.84","-8.24","0","-1.55","0"
"O-029415255974620","Aroma Pizza & Pasta - Alton Pkwy","Prepaid Order",,"5/17/21","8:27 PM","42.92","0","4.99","3.72","6.94","58.57","-11.98","0","-2.09","0"
"T-AwEAAAAAAA9OogS4o_CuwhHruVB9Eln0VQg","Aroma Pizza & Pasta - Alton Pkwy","Account Adjustment","83871509-5610574 MG","5/6/21","4:23 PM","0","0","0.00","0.00","0","25.48","0","0","0","0"
"O-030915170103425","Aroma Pizza & Pasta - Alton Pkwy","Prepaid Order",,"5/10/21","1:10 PM","34.97","0","4.99","3.10","6.46","49.52","-9.99","0","-1.81","0"
"O-777815210064930","Aroma Pizza & Pasta - Alton Pkwy","Prepaid Order",,"5/14/21","11:57 AM","19.74","0","0.00","1.53","0","21.27","-4.94","0","-0.95","0"
"O-227315154263083","Aroma Pizza & Pasta - Alton Pkwy","Prepaid Order",,"5/8/21","5:21 PM","38.97","0","6.99","3.56","9.90","59.42","-11.49","0","-2.11","0"
"O-992315351414063","Aroma Pizza & Pasta - Alton Pkwy","Prepaid Order",,"5/28/21","12:25 PM","63.91","0","8.99","5.65","7.86","86.41","-18.23","0","-2.94","0"
"O-383915155807204","Aroma Pizza & Pasta - Alton Pkwy","Prepaid Order",,"5/8/21","12:30 PM","94.93","0","4.99","7.75","16.15","123.82","-24.98","0","-4.08","0"
"O-079015345329304","Aroma Pizza & Pasta - Alton Pkwy","Prepaid Order",,"5/26/21","9:49 PM","27.98","0","8.99","2.87","3.02","42.86","-9.24","0","-1.61","0"
"O-740215208236701","Aroma Pizza & Pasta - Alton Pkwy","Prepaid Order",,"5/12/21","7:08 PM","32.26","0","8.99","3.20","6.67","51.12","-10.31","0","-1.86","0"
"O-995915298104614","Aroma Pizza & Pasta - Alton Pkwy","Prepaid Order",,"5/21/21","8:30 PM","50.93","0","2.99","4.18","10.98","69.08","-13.48","0","-2.41","0"
"O-488915197907800","Aroma Pizza & Pasta - Alton Pkwy","Cash Order",,"5/11/21","8:38 PM","32.72","0","8.99","3.24","0","44.95","-10.43","0","0","0"
"O-186215297834361","Aroma Pizza & Pasta - Alton Pkwy","Prepaid Order",,"5/21/21","5:53 PM","13.78","0","0.00","1.07","0","14.85","-3.45","0","-0.75","0"
"O-014615108620116","Aroma Pizza & Pasta - Alton Pkwy","Prepaid Order",,"5/2/21","6:36 PM","21.99","0","4.99","2.09","4.74","33.81","-6.75","0","-1.33","0"
"O-122715290013608","Aroma Pizza & Pasta - Alton Pkwy","Prepaid Order",,"5/22/21","4:26 PM","16.99","0","4.99","1.71","2.37","26.06","-5.50","0","-1.09","0"
"O-008615191324021","Aroma Pizza & Pasta - Alton Pkwy","Prepaid Order",,"5/12/21","12:30 PM","42.01","0","1.99","3.41","12.00","59.41","-11.00","0","-2.11","0"
"O-873515111216234","Aroma Pizza & Pasta - Alton Pkwy","Prepaid Order",,"5/3/21","7:15 PM","29.25","0","0.00","2.27","3.15","34.67","-7.31","0","-1.36","0"
"O-272915178676382","Aroma Pizza & Pasta - Alton Pkwy","Prepaid Order",,"5/9/21","6:51 PM","37.95","0","2.99","3.17","3.50","47.61","-10.24","0","-1.75","0"
"O-994915292604892","Aroma Pizza & Pasta - Alton Pkwy","Prepaid Order",,"5/21/21","5:54 PM","29.98","0","0.00","2.32","0","32.30","-7.50","0","-1.29","0"
"O-345615394468149","Aroma Pizza & Pasta - Alton Pkwy","Prepaid Order",,"5/31/21","6:31 PM","22.95","0","1.99","1.93","4.03","30.90","-6.24","0","-1.24","0"
"O-901615235213275","Aroma Pizza & Pasta - Alton Pkwy","Prepaid Order",,"5/15/21","6:08 PM","27.57","0","4.99","2.53","4.91","40.00","-8.14","0","-1.52","0"
"O-156215159439926","Aroma Pizza & Pasta - Alton Pkwy","Prepaid Order",,"5/8/21","12:45 PM","62.53","0","4.99","5.24","8.00","80.76","-16.88","0","-2.76","0"
"O-437115272767997","Aroma Pizza & Pasta - Alton Pkwy","Prepaid Order",,"5/20/21","5:00 PM","28.98","0","0.00","2.25","0","31.23","-7.25","0","-1.25","0"
"O-029415245986112","Aroma Pizza & Pasta - Alton Pkwy","Prepaid Order",,"5/17/21","1:04 PM","30.56","0","1.99","2.52","3.51","38.58","-8.14","0","-1.48","0"
"O-304015365031901","Aroma Pizza & Pasta - Alton Pkwy","Prepaid Order",,"5/28/21","9:04 PM","21.97","0","1.99","1.85","3.87","29.68","-5.99","0","-1.21","0"
"O-385215119398082","Aroma Pizza & Pasta - Alton Pkwy","Prepaid Order",,"5/3/21","6:36 PM","18.99","0","2.99","1.70","3.55","27.23","-5.50","0","-1.13","0"
"O-296815172025077","Aroma Pizza & Pasta - Alton Pkwy","Prepaid Order",,"5/10/21","4:12 PM","21.97","0","4.99","2.09","0","29.05","-6.74","0","-1.19","0"
"O-063615228497066","Aroma Pizza & Pasta - Alton Pkwy","Prepaid Order",,"5/14/21","5:50 PM","18.99","0","0.00","1.47","0.54","21.00","-4.75","0","-0.94","0"
"O-857715370275112","Aroma Pizza & Pasta - Alton Pkwy","Prepaid Order",,"5/29/21","6:48 PM","71.52","0","4.99","5.93","21.00","103.44","-19.13","0","-3.45","0"
"O-838715095610574","Aroma Pizza & Pasta - Alton Pkwy","Prepaid Order",,"5/1/21","7:21 PM","25.48","0","0.00","1.97","0","27.45","-6.37","0","-1.14","0"
"O-185015099792372","Aroma Pizza & Pasta - Alton Pkwy","Prepaid Order",,"5/1/21","6:43 PM","55.95","0","0.00","4.34","0","60.29","-13.99","0","-2.14","0"
"O-008615231336807","Aroma Pizza & Pasta - Alton Pkwy","Prepaid Order",,"5/16/21","2:52 PM","45.33","0","2.99","3.74","4.00","56.06","-12.08","0","-2.01","0"
"O-838715095662958","Aroma Pizza & Pasta - Alton Pkwy","Prepaid Order",,"5/2/21","1:43 PM","56.97","0","1.99","4.57","5.00","68.53","-14.74","0","-2.39","0"
"O-679115292872841","Aroma Pizza & Pasta - Alton Pkwy","Prepaid Order",,"5/22/21","4:52 PM","37.42","0","2.99","3.13","6.53","50.07","-10.10","0","-1.83","0"
"O-438915083511095","Aroma Pizza & Pasta - Alton Pkwy","Prepaid Order",,"5/1/21","2:11 PM","39.15","0","0.00","3.03","4.00","46.18","-9.79","0","-1.71","0"
"O-535915356397021","Aroma Pizza & Pasta - Alton Pkwy","Prepaid Order",,"5/27/21","6:08 PM","16.98","0","4.99","1.71","5.92","29.60","-5.49","0","-1.20","0"
"O-911015287228586","Aroma Pizza & Pasta - Alton Pkwy","Prepaid Order",,"5/21/21","5:01 PM","11.99","0","0.00","0.93","0","12.92","-3.00","0","-0.69","0"
"O-173515157061996","Aroma Pizza & Pasta - Alton Pkwy","Prepaid Order",,"5/7/21","8:22 PM","26.72","0","2.99","2.30","4.80","36.81","-7.43","0","-1.42","0"
"O-716015193263320","Aroma Pizza & Pasta - Alton Pkwy","Prepaid Order",,"5/12/21","1:15 PM","218.91","0","19.99","18.52","5.00","262.42","-41.81","0","-8.30","0"
"O-424415273851832","Aroma Pizza & Pasta - Alton Pkwy","Prepaid Order",,"5/19/21","6:46 PM","39.55","0","0.00","3.07","6.39","49.01","-9.89","0","-1.79","0"
"O-173515157095077","Aroma Pizza & Pasta - Alton Pkwy","Prepaid Order",,"5/7/21","6:21 PM","18.98","0","0.00","1.47","2.05","22.50","-4.75","0","-0.99","0"
"O-274815173939529","Aroma Pizza & Pasta - Alton Pkwy","Prepaid Order",,"5/9/21","5:55 PM","33.98","0","1.99","2.78","5.00","43.75","-8.99","0","-1.63","0"
"O-438915093583537","Aroma Pizza & Pasta - Alton Pkwy","Cash Order",,"5/1/21","6:10 PM","22.15","0","4.99","2.11","0","33.63","-6.79","0","0","0"
"O-928515289253793","Aroma Pizza & Pasta - Alton Pkwy","Prepaid Order",,"5/21/21","5:08 PM","15.98","0","0.00","1.24","0","17.22","-4.00","0","-0.83","0"
"O-191415356001228","Aroma Pizza & Pasta - Alton Pkwy","Prepaid Order",,"5/28/21","5:42 PM","19.77","0","4.99","1.92","3.20","29.88","-6.19","0","-1.21","0"
"O-047415283137476","Aroma Pizza & Pasta - Alton Pkwy","Prepaid Order",,"5/20/21","8:00 PM","48.83","0","4.99","4.17","8.70","66.69","-13.46","0","-2.33","0"
"O-661915323192955","Aroma Pizza & Pasta - Alton Pkwy","Prepaid Order",,"5/24/21","7:04 PM","23.98","0","2.99","2.09","2.00","31.06","-6.74","0","-1.25","0"
"O-523915146032560","Aroma Pizza & Pasta - Alton Pkwy","Prepaid Order",,"5/6/21","8:30 PM","33.97","0","1.99","2.78","7.32","46.06","-8.99","0","-1.70","0"
"O-576515124034417","Aroma Pizza & Pasta - Alton Pkwy","Prepaid Order",,"5/5/21","12:20 PM","20.48","0","6.99","2.13","1.00","30.60","-6.87","0","-1.23","0"
"O-488915227904675","Aroma Pizza & Pasta - Alton Pkwy","Prepaid Order",,"5/14/21","6:17 PM","21.98","0","4.99","2.09","2.91","31.97","-6.74","0","-1.28","0"
"O-383915175886578","Aroma Pizza & Pasta - Alton Pkwy","Prepaid Order",,"5/9/21","6:41 PM","26.98","0","8.99","2.79","5.81","44.57","-8.99","0","-1.66","0"
"O-857715360272383","Aroma Pizza & Pasta - Alton Pkwy","Prepaid Order",,"5/28/21","8:04 PM","23.56","0","8.99","2.53","5.92","41.00","-8.14","0","-1.55","0"
"O-402415357707246","Aroma Pizza & Pasta - Alton Pkwy","Prepaid Order",,"5/27/21","6:59 PM","20.48","0","1.99","1.74","3.63","27.84","-5.62","0","-1.15","0"
"O-248015377764708","Aroma Pizza & Pasta - Alton Pkwy","Prepaid Order",,"5/29/21","6:43 PM","45.95","0","0.00","3.56","5.00","54.51","-11.49","0","-1.96","0"
"O-881415160398021","Aroma Pizza & Pasta - Alton Pkwy","Prepaid Order",,"5/9/21","12:00 PM","23.70","0","4.99","2.23","4.63","35.55","-7.17","0","-1.38","0"
"O-055815281341676","Aroma Pizza & Pasta - Alton Pkwy","Prepaid Order",,"5/21/21","4:51 PM","25.97","0","6.99","2.55","5.32","40.83","-8.24","0","-1.55","0"
"O-679115332840655","Aroma Pizza & Pasta - Alton Pkwy","Prepaid Order",,"5/25/21","9:29 PM","26.95","0","6.99","2.63","2.90","39.47","-8.49","0","-1.50","0"
"O-803415386449302","Aroma Pizza & Pasta - Alton Pkwy","Prepaid Order",,"5/31/21","4:52 PM","37.98","0","4.99","3.33","0","46.30","-10.74","0","-1.71","0"
"O-519215341665657","Aroma Pizza & Pasta - Alton Pkwy","Prepaid Order",,"5/27/21","2:47 PM","16.98","0","4.99","1.71","0","23.68","-5.49","0","-1.02","0"
"O-539815159703993","Aroma Pizza & Pasta - Alton Pkwy","Prepaid Order",,"5/8/21","3:36 PM","20.98","0","2.99","1.86","3.87","29.70","-5.99","0","-1.21","0"
"O-198915184748513","Aroma Pizza & Pasta - Alton Pkwy","Prepaid Order",,"5/10/21","5:41 PM","15.74","0","0.00","1.22","0","16.96","-3.94","0","-0.82","0"
"O-838715095610574","Aroma Pizza & Pasta - Alton Pkwy","Adjustment of O-838715095610574","Change of Plans","5/1/21","7:26 PM","-25.48","0","0.00","-1.97","0","-27.45","6.37","0","1.14","0"
"O-296815222031123","Aroma Pizza & Pasta - Alton Pkwy","Prepaid Order",,"5/14/21","6:29 PM","30.56","0","1.99","2.52","3.51","38.58","-8.14","0","-1.48","0"
"O-362415246628868","Aroma Pizza & Pasta - Alton Pkwy","Prepaid Order",,"5/16/21","7:18 PM","31.71","0","4.99","2.85","5.93","45.48","-9.18","0","-1.69","0"
"O-517015362765615","Aroma Pizza & Pasta - Alton Pkwy","Prepaid Order",,"5/29/21","4:46 PM","60.72","0","1.99","4.86","13.09","80.66","-15.68","0","-2.76","0"
"O-604515395289814","Aroma Pizza & Pasta - Alton Pkwy","Prepaid Order",,"5/31/21","7:30 PM","27.98","0","0.00","2.17","0","30.15","-7.00","0","-1.22","0"
"O-008615221331764","Aroma Pizza & Pasta - Alton Pkwy","Prepaid Order",,"5/15/21","11:53 AM","47.32","0","2.99","3.90","8.13","62.34","-12.58","0","-2.20","0"
"O-117015101998695","Aroma Pizza & Pasta - Alton Pkwy","Cash Order",,"5/2/21","8:26 PM","16.78","0","0.00","1.30","0","18.08","-4.20","0","0","0"
"O-051315347881473","Aroma Pizza & Pasta - Alton Pkwy","Prepaid Order",,"5/27/21","12:32 PM","12.99","0","0.00","1.01","0","14.00","-3.25","0","-0.73","0"
"O-673115154357883","Aroma Pizza & Pasta - Alton Pkwy","Prepaid Order",,"5/8/21","1:34 PM","36.73","0","1.99","3.00","0","41.72","-9.68","0","-1.57","0"
"O-821215255711937","Aroma Pizza & Pasta - Alton Pkwy","Prepaid Order",,"5/18/21","12:39 PM","33.96","0","6.99","3.17","6.00","50.12","-10.24","0","-1.83","0"
"O-994915252647337","Aroma Pizza & Pasta - Alton Pkwy","Prepaid Order",,"5/18/21","1:38 PM","16.98","0","6.99","1.86","4.58","30.41","-5.99","0","-1.23","0"
"O-305715381857929","Aroma Pizza & Pasta - Alton Pkwy","Prepaid Order",,"5/30/21","7:15 PM","37.92","0","4.99","3.33","6.94","53.18","-10.73","0","-1.92","0"
"O-777815220024540","Aroma Pizza & Pasta - Alton Pkwy","Prepaid Order",,"5/14/21","9:08 PM","15.51","0","2.99","1.43","4.07","24.00","-4.63","0","-1.03","0"
"O-777815200053986","Aroma Pizza & Pasta - Alton Pkwy","Prepaid Order",,"5/12/21","8:19 PM","27.48","0","0.00","2.13","2.50","32.11","-6.87","0","-1.28","0"
"O-283015239931506","Aroma Pizza & Pasta - Alton Pkwy","Prepaid Order",,"5/16/21","4:12 PM","41.70","0","6.99","3.77","8.99","61.45","-12.17","0","-2.17","0"
"O-777815200058829","Aroma Pizza & Pasta - Alton Pkwy","Prepaid Order",,"5/12/21","8:15 PM","58.40","0","6.99","5.07","5.00","75.46","-16.35","0","-2.60","0"
"O-156215159414113","Aroma Pizza & Pasta - Alton Pkwy","Prepaid Order",,"5/7/21","8:40 PM","15.21","0","1.99","1.33","2.78","21.31","-4.30","0","-0.95","0"
"O-038715144865445","Aroma Pizza & Pasta - Alton Pkwy","Prepaid Order",,"5/6/21","8:41 PM","23.49","0","2.99","2.05","4.27","32.80","-6.62","0","-1.30","0"
"O-517015342796680","Aroma Pizza & Pasta - Alton Pkwy","Prepaid Order",,"5/26/21","9:09 PM","36.72","0","2.99","3.08","6.41","49.20","-9.93","0","-1.80","0"
"O-029415245976826","Aroma Pizza & Pasta - Alton Pkwy","Prepaid Order",,"5/16/21","5:51 PM","15.32","0","2.99","1.42","3.95","23.68","-4.58","0","-1.02","0"
"O-925215314015699","Aroma Pizza & Pasta - Alton Pkwy","Prepaid Order",,"5/23/21","9:08 PM","32.96","0","2.99","2.78","5.81","44.54","-8.99","0","-1.66","0"
"O-911015277275517","Aroma Pizza & Pasta - Alton Pkwy","Prepaid Order",,"5/19/21","8:03 PM","23.98","0","2.99","2.09","4.36","33.42","-6.74","0","-1.32","0"
"O-523915126096144","Aroma Pizza & Pasta - Alton Pkwy","Prepaid Order",,"5/5/21","3:04 PM","18.99","0","2.99","1.70","3.55","27.23","-5.50","0","-1.13","0"
"O-305715351867395","Aroma Pizza & Pasta - Alton Pkwy","Prepaid Order",,"5/28/21","4:28 PM","54.13","0","1.99","4.35","6.05","66.52","-14.03","0","-2.33","0"
"O-008615221323794","The Wing Stop - Alton Pkwy","Prepaid Order",,"5/14/21","9:37 PM","16.49","0","0.00","1.28","0","17.77","-3.30","-1.65","-0.84","0"
"O-901615225265304","The Wing Stop - Alton Pkwy","Prepaid Order",,"5/15/21","2:55 PM","37.23","0","0.00","2.89","0","40.12","-7.45","-3.72","-1.52","0"
"T-AwEAAAAAABLIK3fUNnC3ExHruVB9Eln0VQg","The Wing Stop - Alton Pkwy","Account Adjustment","00861522-1323794
MC","5/17/21","6:26 AM","0","0","0.00","0.00","0","16.48","0","0","0","0"
"O-679115332840595","The Wing Stop - Alton Pkwy","Prepaid Order",,"5/25/21","9:14 PM","30.73","0","0.00","2.38","0","33.11","-6.15","-3.07","-1.31","0"
"O-008615221323794","The Wing Stop - Alton Pkwy","Adjustment of O-008615221323794","MISSING_ITEM","5/15/21","1:24 AM","-16.49","0","0.00","-1.28","0","-17.77","0","0","0","0"
"O-136415213434358","The Wing Stop - Alton Pkwy","Prepaid Order",,"5/14/21","4:36 PM","13.24","0","0.00","1.03","0","14.27","-2.65","-1.32","-0.74","0"
"O-812115175530245","The Wing Stop - Alton Pkwy","Prepaid Order",,"5/9/21","10:00 PM","24.96","0","0.00","1.93","0","26.89","-4.99","-2.50","-1.12","0"
"O-122715270044963","The Wing Stop - Alton Pkwy","Prepaid Order",,"5/19/21","8:52 PM","28.97","0","0.00","2.25","0","31.22","-5.79","-2.90","-1.25","0"
"O-907615226367188","The Wing Stop - Alton Pkwy","Prepaid Order",,"5/14/21","9:09 PM","16.49","0","0.00","1.28","0","17.77","-3.30","-1.65","-0.84","0"
"O-857715380219261","The Wing Stop - Alton Pkwy","Prepaid Order",,"5/31/21","3:00 PM","59.70","0","0.00","4.63","0","64.33","-11.94","-5.97","-2.26","0"
"O-539815129713795","The Wing Stop - Alton Pkwy","Prepaid Order",,"5/5/21","12:49 PM","15.99","0","0.00","1.24","0","17.23","-3.20","-1.60","-0.83","0"
"O-023815380867240","The Wing Stop - Alton Pkwy","Prepaid Order",,"5/30/21","7:59 PM","32.98","0","0.00","2.56","0","35.54","-6.60","-3.30","-1.38","0"
"O-256315129157500","The Wing Stop - Alton Pkwy","Adjustment of O-256315129157500","Refund due to order adjustment
Issue. Diner received an incorrect order.

instead of Family Wing Combo
they received Kung pao chicken.","5/4/21","10:22 PM","-27.99","0","0.00","-2.17","0","-30.16","0","0","0","0"
"O-071515160565580","The Wing Stop - Alton Pkwy","Prepaid Order",,"5/9/21","5:44 PM","39.44","0","0.00","3.06","0","42.50","-7.89","-3.94","-1.60","0"
"O-377015282484797","The Wing Stop - Alton Pkwy","Prepaid Order",,"5/20/21","9:38 PM","39.98","0","0.00","3.10","0","43.08","-8.00","-4.00","-1.61","0"
"T-AwEAAAAAABLIK2epdcC3FBHru1xrMQ2g_RA","The Wing Stop - Alton Pkwy","Account Adjustment","90761522-6367188,CF","5/17/21","6:33 AM","0","0","0.00","0.00","0","16.48","0","0","0","0"
"O-907615246384791","The Wing Stop - Alton Pkwy","Prepaid Order",,"5/16/21","6:30 PM","25.98","0","0.00","2.01","0","27.99","-5.20","-2.60","-1.15","0"
"O-895215352597452","The Wing Stop - Alton Pkwy","Prepaid Order",,"5/27/21","9:44 PM","30.74","0","0.00","2.38","0","33.12","-6.15","-3.07","-1.31","0"
"O-038715154800193","The Wing Stop - Alton Pkwy","Prepaid Order",,"5/8/21","4:57 PM","34.73","0","0.00","2.69","0","37.42","-6.95","-3.47","-1.44","0"
"O-201115335587269","The Wing Stop - Alton Pkwy","Prepaid Order",,"5/25/21","8:04 PM","14.49","0","0.00","1.12","0","15.61","-2.90","-1.45","-0.78","0"
"O-994915262608524","The Wing Stop - Alton Pkwy","Adjustment of O-994915262608524","Tip increased by diner via self-service - Tip updated by diner via help interaction","5/18/21","7:48 PM","0","0","0.00","0.00","0","0.00","0","0","0","0"
"O-274815153906222","The Wing Stop - Alton Pkwy","Prepaid Order",,"5/7/21","8:42 PM","14.99","0","0.00","1.16","0","16.15","-3.00","-1.50","-0.79","0"
"O-268715281471175","The Wing Stop - Alton Pkwy","Prepaid Order",,"5/21/21","3:54 PM","16.49","0","0.00","1.28","0","17.77","-3.30","-1.65","-0.84","0"
"O-095615264442409","The Wing Stop - Alton Pkwy","Prepaid Order",,"5/18/21","8:23 PM","15.74","0","0.00","1.22","0","16.96","-3.15","-1.57","-0.82","0"
"O-590215238427123","The Wing Stop - Alton Pkwy","Prepaid Order",,"5/16/21","5:22 PM","48.98","0","0.00","3.80","0","52.78","-9.80","-4.90","-1.91","0"
"O-256315149184443","The Wing Stop - Alton Pkwy","Prepaid Order",,"5/7/21","11:15 AM","10.74","0","0.00","0.83","0","11.57","-2.15","-1.07","-0.65","0"
"O-881415150392743","The Wing Stop - Alton Pkwy","Prepaid Order",,"5/7/21","9:17 PM","20.99","0","0.00","1.63","0","22.62","-4.20","-2.10","-0.99","0"
"O-854415396462048","The Wing Stop - Alton Pkwy","Prepaid Order",,"5/31/21","9:26 PM","23.98","0","0.00","1.86","0","25.84","-4.80","-2.40","-1.09","0"
"O-911015287224304","The Wing Stop - Alton Pkwy","Prepaid Order",,"5/21/21","4:19 PM","30.99","0","0.00","2.40","0","33.39","-6.20","-3.10","-1.32","0"
"O-038715154863499","The Wing Stop - Alton Pkwy","Prepaid Order",,"5/7/21","7:20 PM","35.94","0","0.00","2.79","0","38.73","-7.19","-3.59","-1.48","0"
"O-628715108456615","The Wing Stop - Alton Pkwy","Prepaid Order",,"5/2/21","7:50 PM","28.22","0","0.00","2.19","0","30.41","-5.64","-2.82","-1.23","0"
"O-661515113330509","The Wing Stop - Alton Pkwy","Prepaid Order",,"5/4/21","12:30 PM","58.98","0","0.00","4.57","0","63.55","-11.80","-5.90","-2.24","0"
"O-117015091993474","The Wing Stop - Alton Pkwy","Prepaid Order",,"5/1/21","7:21 PM","25.48","0","0.00","1.97","0","27.45","-5.10","-2.55","-1.14","0"
"O-812115175530245","The Wing Stop - Alton Pkwy","Adjustment of O-812115175530245","","5/9/21","10:15 PM","0","0","0.00","0.00","0","0.00","0","0","0","0"
"O-535915346395249","The Wing Stop - Alton Pkwy","Prepaid Order",,"5/26/21","9:49 PM","23.98","0","0.00","1.86","0","25.84","-4.80","-2.40","-1.09","0"
"O-201115275514481","The Wing Stop - Alton Pkwy","Prepaid Order",,"5/20/21","11:48 AM","14.99","0","0.00","1.16","0","16.15","-3.00","-1.50","-0.79","0"
"O-445615173265292","The Wing Stop - Alton Pkwy","Adjustment of O-445615173265292","Tip increased by diner via self-service - Tip updated by diner via help interaction","5/10/21","5:32 PM","0","0","0.00","0.00","0","0.00","0","0","0","0"
"O-095615304439704","The Wing Stop - Alton Pkwy","Prepaid Order",,"5/22/21","9:31 PM","36.96","0","0.00","2.86","0","39.82","-7.39","-3.70","-1.51","0"
"O-519215361638039","The Wing Stop - Alton Pkwy","Prepaid Order",,"5/28/21","7:59 PM","27.99","0","0.00","2.17","0","30.16","-5.60","-2.80","-1.22","0"
"O-259915375042305","The Wing Stop - Alton Pkwy","Prepaid Order",,"5/30/21","11:46 AM","22.96","0","0.00","1.78","0","24.74","-4.59","-2.30","-1.05","0"
"O-055815251325636","The Wing Stop - Alton Pkwy","Prepaid Order",,"5/19/21","11:15 AM","12.74","0","0.00","0.99","0","13.73","-2.55","-1.27","-0.72","0"
"O-854415336489641","The Wing Stop - Alton Pkwy","Prepaid Order",,"5/26/21","5:37 PM","23.98","0","0.00","1.86","0","25.84","-4.80","-2.40","-1.09","0"
"O-994915262608524","The Wing Stop - Alton Pkwy","Prepaid Order",,"5/18/21","7:32 PM","23.73","0","0.00","1.84","0","25.57","-4.75","-2.37","-1.08","0"
"O-907615226367188","The Wing Stop - Alton Pkwy","Adjustment of O-907615226367188","Restaurant cannot fulfill order","5/14/21","9:09 PM","-16.49","0","0.00","-1.28","0","-17.77","3.30","1.65","0.84","0"
"O-383915125884783","The Wing Stop - Alton Pkwy","Prepaid Order",,"5/4/21","9:34 PM","17.53","0","0.00","1.36","0","18.89","-3.51","-1.75","-0.88","0"
"O-127115265981060","The Wing Stop - Alton Pkwy","Prepaid Order",,"5/19/21","5:20 PM","26.96","0","0.00","2.09","0","29.05","-5.39","-2.70","-1.19","0"
"O-029415225971431","The Wing Stop - Alton Pkwy","Prepaid Order",,"5/14/21","6:31 PM","20.99","0","0.00","1.63","0","22.62","-4.20","-2.10","-0.99","0"
"O-256315129157500","The Wing Stop - Alton Pkwy","Prepaid Order",,"5/4/21","9:58 PM","27.99","0","0.00","2.17","0","30.16","-5.60","-2.80","-1.22","0"
"O-437115302797628","The Wing Stop - Alton Pkwy","Prepaid Order",,"5/23/21","5:23 PM","57.93","0","0.00","4.49","0","62.42","-11.59","-5.79","-2.20","0"
"O-296815242076091","The Wing Stop - Alton Pkwy","Prepaid Order",,"5/17/21","4:50 PM","39.42","0","0.00","3.06","0","42.48","-7.88","-3.94","-1.60","0"
"O-029415175977259","The Wing Stop - Alton Pkwy","Prepaid Order",,"5/10/21","12:07 PM","21.74","0","0.00","1.68","0","23.42","-4.35","-2.17","-1.01","0"
"O-437115302797628","The Wing Stop - Alton Pkwy","Adjustment of O-437115302797628","Tip increased by diner via self-service - Tip updated by diner via help interaction","5/23/21","5:23 PM","0","0","0.00","0.00","0","0.00","0","0","0","0"
"T-AwEAAAAAABLIKxadQiCt2xHrjMOt5Odkq60","The Wing Stop - Alton Pkwy","Account Adjustment"," 25631512-9157500, EC","5/5/21","12:50 PM","0","0","0.00","0.00","0","27.99","0","0","0","0"
"O-445615173265292","The Wing Stop - Alton Pkwy","Prepaid Order",,"5/10/21","5:26 PM","33.73","0","0.00","2.61","0","36.34","-6.75","-3.37","-1.41","0"
"O-519215381631187","The Wing Stop - Alton Pkwy","Prepaid Order",,"5/30/21","7:52 PM","16.99","0","0.00","1.32","0","18.31","-3.40","-1.70","-0.86","0"
"O-127115285994066","The Wing Stop - Alton Pkwy","Prepaid Order",,"5/20/21","5:55 PM","15.73","0","0.00","1.22","0","16.95","-3.15","-1.57","-0.82","0"
"O-492015288435286","The Wing Stop - Alton Pkwy","Prepaid Order",,"5/20/21","6:56 PM","9.99","0","0.00","0.77","0","10.76","-2.00","-1.00","-0.63","0"
"O-402415367720631","The Wing Stop - Alton Pkwy","Prepaid Order",,"5/28/21","8:56 PM","23.72","0","0.00","1.84","0","25.56","-4.74","-2.37","-1.08","0"
"O-925215334015074","Trattoria Contadina - Alton Pkwy","Prepaid Order",,"5/25/21","9:25 PM","10.99","0","0.00","0.85","0","11.84","-2.20","-1.10","-0.66","0"
"O-029415245976171","Trattoria Contadina - Alton Pkwy","Prepaid Order",,"5/16/21","5:47 PM","37.70","0","0.00","2.92","0","40.62","-7.54","-3.77","-1.54","0"
"O-539815179734287","Trattoria Contadina - Alton Pkwy","Prepaid Order",,"5/9/21","8:36 PM","26.95","0","0.00","2.09","0","29.04","-5.39","-2.70","-1.19","0"
"O-123715228765903","Trattoria Contadina - Alton Pkwy","Prepaid Order",,"5/14/21","7:21 PM","53.94","0","0.00","4.18","0","58.12","-10.79","-5.39","-2.07","0"
"O-881415120301533","Trattoria Contadina - Alton Pkwy","Prepaid Order",,"5/4/21","9:26 PM","25.97","0","0.00","2.01","0","27.98","-5.19","-2.60","-1.15","0"
"O-079015385323673","Trattoria Contadina - Alton Pkwy","Prepaid Order",,"5/30/21","8:12 PM","47.44","0","0.00","3.68","0","51.12","-9.49","-4.74","-1.86","0"
"O-643915092352052","Trattoria Contadina - Alton Pkwy","Prepaid Order",,"5/1/21","6:24 PM","28.47","0","0.00","2.21","0","30.68","-5.69","-2.85","-1.24","0"
"O-274815143933498","Trattoria Contadina - Alton Pkwy","Prepaid Order",,"5/6/21","6:31 PM","29.44","0","0.00","2.28","0","31.72","-5.89","-2.94","-1.27","0"
"W-023815340863663","Trattoria Contadina - Alton Pkwy","Prepaid Order",,"5/26/21","6:52 PM","36.45","0","0.00","2.82","0","39.27","-7.29","-3.65","-1.50","0"
"O-895215362595655","Trattoria Contadina - Alton Pkwy","Prepaid Order",,"5/28/21","7:28 PM","42.93","0","0.00","3.33","0","46.26","-8.59","-4.29","-1.71","0"
"O-628715098458052","Trattoria Contadina - Alton Pkwy","Prepaid Order",,"5/1/21","5:58 PM","36.96","0","0.00","2.86","0","39.82","-7.39","-3.70","-1.51","0"
"O-274815153934516","Trattoria Contadina - Alton Pkwy","Prepaid Order",,"5/7/21","7:49 PM","23.73","0","0.00","1.84","0","25.57","-4.75","-2.37","-1.08","0"
"O-661915323191686","Trattoria Contadina - Alton Pkwy","Prepaid Order",,"5/24/21","6:16 PM","33.71","0","0.00","2.61","0","36.32","-6.74","-3.37","-1.41","0"
"O-402415347731604","Trattoria Contadina - Alton Pkwy","Adjustment of O-402415347731604","INCORRECT_ITEM","5/27/21","3:14 PM","-8.99","0","0.00","-0.70","0","-9.69","0","0","0","0"
"O-274815153934516","Trattoria Contadina - Alton Pkwy","Adjustment of O-274815153934516","Refund for missing item, incorrect item pasta bolognese","5/7/21","8:30 PM","-12.74","0","0.00","-0.99","0","-13.73","0","0","0","0"
"O-198915224740676","Trattoria Contadina - Alton Pkwy","Prepaid Order",,"5/14/21","7:53 PM","23.98","0","0.00","1.86","0","25.84","-4.80","-2.40","-1.09","0"
"O-716015243210988","Trattoria Contadina - Alton Pkwy","Prepaid Order",,"5/16/21","8:57 PM","55.45","0","0.00","4.30","0","59.75","-11.09","-5.55","-2.12","0"
"O-136415243419829","Trattoria Contadina - Alton Pkwy","Prepaid Order",,"5/16/21","7:22 PM","38.71","0","0.00","3.00","0","41.71","-7.74","-3.87","-1.57","0"
"O-716015193295695","Trattoria Contadina - Alton Pkwy","Prepaid Order",,"5/12/21","3:09 PM","23.98","0","0.00","1.86","0","25.84","-4.80","-2.40","-1.09","0"
"O-901615205268072","Trattoria Contadina - Alton Pkwy","Prepaid Order",,"5/13/21","12:47 PM","31.71","0","0.00","2.46","0","34.17","-6.34","-3.17","-1.34","0"
"O-362415206687585","Trattoria Contadina - Alton Pkwy","Prepaid Order",,"5/13/21","6:00 PM","77.42","0","0.00","6.00","0","83.42","-15.48","-7.74","-2.84","0"
"O-198915224747943","Trattoria Contadina - Alton Pkwy","Prepaid Order",,"5/14/21","7:00 PM","11.99","0","0.00","0.93","0","12.92","-2.40","-1.20","-0.69","0"
"O-272915158670271","Trattoria Contadina - Alton Pkwy","Prepaid Order",,"5/7/21","7:52 PM","45.70","0","0.00","3.54","0","49.24","-9.14","-4.57","-1.80","0"
"O-402415347731604","Trattoria Contadina - Alton Pkwy","Prepaid Order",,"5/27/21","3:13 PM","8.99","0","0.00","0.70","0","9.69","-1.80","-0.90","-0.60","0"
"O-304015385006346","Trattoria Contadina - Alton Pkwy","Prepaid Order",,"5/31/21","4:47 PM","41.96","0","0.00","3.25","0","45.21","-8.39","-4.20","-1.68","0"
"O-377015292489848","Trattoria Contadina - Alton Pkwy","Prepaid Order",,"5/21/21","6:06 PM","16.98","0","0.00","1.32","0","18.30","-3.40","-1.70","-0.86","0"
"T-AwEAAAAAAB9bWhAL2NCxGhHrsbkLiORZeII","Trattoria Contadina - Alton Pkwy","Account Adjustment","27481515-3934516 GB","5/9/21","3:58 PM","0","0","0.00","0.00","0","12.74","0","0","0","0"
"O-124215109964957","Trattoria Contadina - Alton Pkwy","Prepaid Order",,"5/2/21","6:25 PM","23.97","0","0.00","1.86","0","25.83","-4.79","-2.40","-1.09","0"
"O-345615334486190","Trattoria Contadina - Alton Pkwy","Prepaid Order",,"5/26/21","5:12 PM","34.96","0","0.00","2.71","0","37.67","-6.99","-3.50","-1.45","0"
"O-803415346425669","Trattoria Contadina - Alton Pkwy","Prepaid Order",,"5/26/21","5:40 PM","8.99","0","0.00","0.70","0","9.69","-1.80","-0.90","-0.60","0"
"O-576515134076148","Trattoria Contadina - Alton Pkwy","Prepaid Order",,"5/5/21","6:26 PM","11.99","0","0.00","0.93","0","12.92","-2.40","-1.20","-0.69","0"
"O-256315129154001","Trattoria Contadina - Alton Pkwy","Prepaid Order",,"5/4/21","6:49 PM","16.97","0","0.00","1.32","0","18.29","-3.39","-1.70","-0.86","0"
"O-345615374460299","Trattoria Contadina - Alton Pkwy","Prepaid Order",,"5/29/21","9:41 PM","35.96","0","0.00","2.79","0","38.75","-7.19","-3.60","-1.48","0"
"O-075415126780271","Trattoria Contadina - Alton Pkwy","Prepaid Order",,"5/4/21","8:41 PM","51.94","0","0.00","4.03","0","55.97","-10.39","-5.19","-2.01","0"
"O-716015233213402","Trattoria Contadina - Alton Pkwy","Prepaid Order",,"5/15/21","5:59 PM","21.97","0","0.00","1.70","0","23.67","-4.39","-2.20","-1.02","0"
"O-424415293863572","Trattoria Contadina - Alton Pkwy","Prepaid Order",,"5/21/21","9:02 PM","22.73","0","0.00","1.76","0","24.49","-4.55","-2.27","-1.05","0"
"T-AwEAAAAAAB9bWkrnjODBUhHrhkENPsRfdNs","Trattoria Contadina - Alton Pkwy","Account Adjustment","40241534-7731604 LU","5/30/21","7:21 AM","0","0","0.00","0.00","0","8.99","0","0","0","0"
"O-402415337720590","Trattoria Contadina - Alton Pkwy","Prepaid Order",,"5/26/21","1:07 PM","16.97","0","0.00","1.32","0","18.29","-3.39","-1.70","-0.86","0"
"O-047415333135156","Trattoria Contadina - Alton Pkwy","Prepaid Order",,"5/25/21","9:17 PM","16.92","0","0.00","1.31","0","18.23","-3.38","-1.69","-0.86","0"
"O-008615211358980","Trattoria Contadina - Alton Pkwy","Prepaid Order",,"5/13/21","6:37 PM","23.98","0","0.00","1.86","0","25.84","-4.80","-2.40","-1.09","0"
"O-248015347751542","Trattoria Contadina - Alton Pkwy","Prepaid Order",,"5/27/21","4:22 PM","50.96","0","0.00","3.95","0","54.91","-10.19","-5.10","-1.97","0"
"O-995915338196521","Trattoria Contadina - Alton Pkwy","Prepaid Order",,"5/25/21","9:41 PM","39.94","0","0.00","3.10","0","43.04","-7.99","-3.99","-1.61","0"
"O-029415245976171","Trattoria Contadina - Alton Pkwy","Adjustment of O-029415245976171","Additional charge due to special instructions request  extra meat sauce. ","5/17/21","9:35 AM","1.00","0","0.00","0.08","0","1.08","0","0","0","0"
"O-716015213295837","Trattoria Contadina - Alton Pkwy","Prepaid Order",,"5/14/21","4:00 PM","35.97","0","0.00","2.79","0","38.76","-7.19","-3.60","-1.48","0"
"O-268715271462713","Trattoria Contadina - Alton Pkwy","Prepaid Order",,"5/19/21","6:41 PM","10.98","0","0.00","0.85","0","11.83","-2.20","-1.10","-0.66","0"
"O-901615235260940","Trattoria Contadina - Alton Pkwy","Prepaid Order",,"5/16/21","2:16 PM","28.96","0","0.00","2.24","0","31.20","-5.79","-2.90","-1.25","0"
"O-437115292734061","Trattoria Contadina - Alton Pkwy","Prepaid Order",,"5/25/21","11:30 AM","79.94","0","0.00","6.20","0","86.14","-15.99","-7.99","-2.93","0"
"O-911015257212944","Trattoria Contadina - Alton Pkwy","Prepaid Order",,"5/18/21","4:32 PM","25.97","0","0.00","2.01","0","27.98","-5.19","-2.60","-1.15","0"
"O-497815358066966","Trattoria Contadina - Alton Pkwy","Prepaid Order",,"5/27/21","6:51 PM","20.97","0","0.00","1.63","0","22.60","-4.19","-2.10","-0.99","0"
"O-008615221359900","Trattoria Contadina - Alton Pkwy","Prepaid Order",,"5/14/21","7:11 PM","46.44","0","0.00","3.60","0","50.04","-9.29","-4.64","-1.83","0"
"O-123715228762594","Trattoria Contadina - Alton Pkwy","Prepaid Order",,"5/14/21","7:53 PM","34.97","0","0.00","2.71","0","37.68","-6.99","-3.50","-1.45","0"
"O-947315103120478","Trattoria Contadina - Alton Pkwy","Prepaid Order",,"5/2/21","5:53 PM","19.48","0","0.00","1.51","0","20.99","-3.90","-1.95","-0.94","0"
"O-740215198227359","Trattoria Contadina - Alton Pkwy","Prepaid Order",,"5/12/21","11:57 AM","11.46","0","0.00","0.89","0","12.35","-2.29","-1.15","-0.68","0"
"O-497815338034475","Trattoria Contadina - Alton Pkwy","Prepaid Order",,"5/26/21","5:28 PM","50.94","0","0.00","3.95","0","54.89","-10.19","-5.09","-1.97","0"
"O-899715308825889","Trattoria Contadina - Alton Pkwy","Prepaid Order",,"5/22/21","6:50 PM","62.64","0","0.00","4.85","0","67.49","-12.53","-6.26","-2.36","0"
"O-127115325998241","Trattoria Contadina - Alton Pkwy","Prepaid Order",,"5/24/21","9:17 PM","21.96","0","0.00","1.70","0","23.66","-4.39","-2.20","-1.02","0"
"O-402415357705519","Trattoria Contadina - Alton Pkwy","Prepaid Order",,"5/27/21","6:22 PM","83.92","0","0.00","6.50","0","90.42","-16.78","-8.39","-3.06","0"
"O-136415183419233","Trattoria Contadina - Alton Pkwy","Prepaid Order",,"5/10/21","7:50 PM","36.69","0","0.00","2.84","0","39.53","-7.34","-3.67","-1.51","0"
"O-247115113298542","Trattoria Contadina - Alton Pkwy","Prepaid Order",,"5/3/21","8:14 PM","45.95","0","0.00","3.56","0","49.51","-9.19","-4.60","-1.81","0"
"O-604515345288103","Trattoria Contadina - Alton Pkwy","Prepaid Order",,"5/26/21","9:58 PM","32.72","0","0.00","2.54","0","35.26","-6.54","-3.27","-1.38","0"
"O-030915230106899","Trattoria Contadina - Alton Pkwy","Prepaid Order",,"5/15/21","6:32 PM","98.42","0","0.00","7.63","0","106.05","-19.68","-9.84","-3.53","0"