Store Name,Store ID,Order ID,Workflow ID,Dining Mode,Order Channel,Order Status,Order Date / Refund date,Order Accept Time,Food Sales (excluding tax),Tax on Food Sales,Food sales (including tax),Adjustments (excluding tax),Tax on Adjustments,Promo Spend on food,Tax on Promotion on Food,Special Offer - Delivery,Tax on Special Offer - Delivery,Bag Fee,Marketing Service Fee Adjustment,Total Sales after Adjustments (including tax),Uber Service Fee,Delivery Network Fee,Order Processing Fee,Merchant Fee,Tax on Merchant Fee,Gratuity,Misc Payment Description,Miscellaneous Payments,Marketplace Facilitator Tax,Backup Withholding Tax,Payout,Payout Date,Markup Amount,Markup Tax,Service Fee %,Payout reference ID
Ameci Pizza & Pasta - Lake Forest,,#21EEE,d34def0f-1512-427f-bc26-8fa719521eee,Delivery - Partner Using Uber App,Postmates iOS,Completed,2/1/22,11:13 AM,19.48,1.51,20.99,0,0,0,0,0,0,0,0,20.99,-3.7,0,0,0,0,0,,0,-1.51,0,15.78,2/8/22,0,0,19,9IU7WW0UDBCOBY5
Ameci Pizza & Pasta - Lake Forest,,#2DA3D,f2d5e95a-fc51-4ecf-8f8b-4728ec52da3d,Delivery - Partner Using Uber App,Postmates Android,Completed,2/1/22,11:46 AM,18.99,1.47,20.46,0,0,0,0,0,0,0,0,20.46,-3.61,0,0,0,0,0,,0,-1.47,0,15.38,2/8/22,0,0,19,9IU7WW0UDBCOBY5
Ameci Pizza & Pasta - Lake Forest,,,,,Unknown,,,,0,0,0,0,0,0,0,0,0,0,0,0,0,0,0,0,0,0,Restaurant refunds,33.94,0,0,33.94,2/8/22,0,0,,9IU7WW0UDBCOBY5
Ameci Pizza & Pasta - Lake Forest,,#E0BC1,aa916798-c611-4417-9e4d-dc66285e0bc1,Pickup,UberEats Android,Completed,2/1/22,3:13 PM,27.95,2.17,30.12,0,0,0,0,0,0,0,0,30.12,-1.68,0,0,0,0,0,,0,-2.17,0,26.27,2/8/22,0,0,6,9IU7WW0UDBCOBY5
Ameci Pizza & Pasta - Lake Forest,,#62E38,9d5ec69a-232f-4d7d-b00b-e19e6b362e38,Delivery - Partner Using Uber App,UberEats iOS,Completed,2/1/22,4:15 PM,15.74,1.22,16.96,0,0,0,0,0,0,0,0,16.96,-2.99,0,0,0,0,0,,0,-1.22,0,12.75,2/8/22,0,0,19,9IU7WW0UDBCOBY5
Ameci Pizza & Pasta - Lake Forest,,,,,Unknown,,,,0,0,0,0,0,0,0,0,0,0,0,0,0,0,0,0,0,0,Restaurant refunds,4.99,0,0,4.99,2/8/22,0,0,,9IU7WW0UDBCOBY5
Ameci Pizza & Pasta - Lake Forest,,#4768A,51610adc-8613-423b-8e5b-79238b74768a,Delivery - Partner Using Uber App,Postmates iOS,Completed,2/1/22,5:59 PM,14.53,1.13,15.66,0,0,0,0,0,0,0,0,15.66,-2.76,0,0,0,0,0,,0,-1.13,0,11.77,2/8/22,0,0,19,9IU7WW0UDBCOBY5
Ameci Pizza & Pasta - Lake Forest,,#D71FD,3d068a45-a2b7-4b2f-98d5-cea133fd71fd,Delivery - Partner Using Uber App,Postmates iOS,Completed,2/2/22,11:08 AM,17.98,1.39,19.37,0,0,0,0,0,0,0,0,19.37,-3.42,0,0,0,0,0,,0,-1.39,0,14.56,2/8/22,0,0,19,9IU7WW0UDBCOBY5
Ameci Pizza & Pasta - Lake Forest,,#051F5,20153204-5287-4f94-a009-5b51efd051f5,Delivery - Partner Using Uber App,Postmates iOS,Completed,2/2/22,4:15 PM,32.96,2.55,35.51,0,0,0,0,0,0,0,0,35.51,-6.26,0,0,0,0,0,,0,-2.55,0,26.7,2/8/22,0,0,19,9IU7WW0UDBCOBY5
Ameci Pizza & Pasta - Lake Forest,,#0463F,74541558-cc22-47c5-852e-45e89020463f,Delivery - Partner Using Uber App,Postmates iOS,Completed,2/2/22,5:57 PM,35.95,2.79,38.74,0,0,0,0,0,0,0,0,38.74,-6.83,0,0,0,0,0,,0,-2.79,0,29.12,2/8/22,0,0,19,9IU7WW0UDBCOBY5
Ameci Pizza & Pasta - Lake Forest,,#A0EDB,5da321e9-2536-419d-b25c-e1abc10a0edb,Delivery - Partner Using Uber App,UberEats iOS,Completed,2/2/22,6:35 PM,25.47,1.97,27.44,0,0,0,0,0,0,0,0,27.44,-4.84,0,0,0,0,0,,0,-1.97,0,20.63,2/8/22,0,0,19,9IU7WW0UDBCOBY5
Ameci Pizza & Pasta - Lake Forest,,#21F75,8ffe4023-552c-43b2-9ce3-1e4779121f75,Delivery - Partner Using Uber App,UberEats iOS,Completed,2/2/22,6:48 PM,28.27,2.19,30.46,0,0,0,0,0,0,0,0,30.46,-5.37,0,0,0,0,0,,0,-2.19,0,22.9,2/8/22,0,0,19,9IU7WW0UDBCOBY5
Ameci Pizza & Pasta - Lake Forest,,#6F6C4,3e9f5817-0592-4dd0-b420-42039b96f6c4,Delivery - Partner Using Uber App,Postmates iOS,Completed,2/2/22,6:30 PM,26.97,2.09,29.06,0,0,0,0,0,0,0,0,29.06,-5.12,0,0,0,0,0,,0,-2.09,0,21.85,2/8/22,0,0,19,9IU7WW0UDBCOBY5
Ameci Pizza & Pasta - Lake Forest,,#64189,69b5e859-13c6-4ec9-9709-51e01e964189,Delivery - Partner Using Uber App,UberEats Web,Completed,2/2/22,6:57 PM,13.97,1.08,15.05,0,0,0,0,0,0,0,0,15.05,-2.65,0,0,0,0,0,,0,-1.08,0,11.32,2/8/22,0,0,19,9IU7WW0UDBCOBY5
Ameci Pizza & Pasta - Lake Forest,,#5B721,21fcb4e6-16d8-4cc7-9cbc-da0d8d85b721,Delivery - Partner Using Uber App,UberEats iOS,Completed,2/2/22,7:01 PM,27.73,2.15,29.88,0,0,0,0,0,0,0,0,29.88,-5.27,0,0,0,0,0,,0,-2.15,0,22.46,2/8/22,0,0,19,9IU7WW0UDBCOBY5
Ameci Pizza & Pasta - Lake Forest,,#C4A20,a7ceee71-0918-4a1e-9c73-501cd4fc4a20,Delivery - Partner Using Uber App,Postmates Android,Completed,2/3/22,12:12 PM,26.48,2.05,28.53,0,0,0,0,0,0,0,0,28.53,-5.03,0,0,0,0,0,,0,-2.05,0,21.45,2/8/22,0,0,19,9IU7WW0UDBCOBY5
Ameci Pizza & Pasta - Lake Forest,,#B8B2B,0cb87856-12d2-47a1-a3cb-c87328eb8b2b,Delivery - Partner Using Uber App,Postmates iOS,Completed,2/3/22,1:02 PM,16.98,1.32,18.3,0,0,0,0,0,0,0,0,18.3,-3.23,0,0,0,0,0,,0,-1.32,0,13.75,2/8/22,0,0,19,9IU7WW0UDBCOBY5
Ameci Pizza & Pasta - Lake Forest,,#42432,6c81d1a8-1bbd-4077-b99f-d29f28f42432,Delivery - Partner Using Uber App,UberEats Android,Completed,2/3/22,4:28 PM,11.98,0.93,12.91,0,0,0,0,0,0,0,0,12.91,-2.28,0,0,0,0,0,,0,-0.93,0,9.7,2/8/22,0,0,19,9IU7WW0UDBCOBY5
Ameci Pizza & Pasta - Lake Forest,,#51A46,f0dd7b8c-a22b-4b0a-8f8e-0b5cbb851a46,Delivery - Partner Using Uber App,UberEats iOS,Completed,2/3/22,4:37 PM,35.46,2.75,38.21,0,0,0,0,0,0,0,0,38.21,-6.74,0,0,0,0,0,,0,-2.75,0,28.72,2/8/22,0,0,19,9IU7WW0UDBCOBY5
Ameci Pizza & Pasta - Lake Forest,,#1F1EB,23d2b5ba-e4ed-44eb-8127-d79c55b1f1eb,Delivery - Partner Using Uber App,Postmates iOS,Completed,2/3/22,4:42 PM,63.19,4.9,68.09,0,0,0,0,0,0,0,0,68.09,-12.01,0,0,0,0,0,,0,-4.9,0,51.18,2/8/22,0,0,19,9IU7WW0UDBCOBY5
Ameci Pizza & Pasta - Lake Forest,,#9D47D,9e5943fa-b41a-442d-9240-e9e71999d47d,Delivery - Partner Using Uber App,UberEats iOS,Completed,2/3/22,5:53 PM,22.98,1.78,24.76,0,0,0,0,0,0,0,0,24.76,-4.37,0,0,0,0,0,,0,-1.78,0,18.61,2/8/22,0,0,19,9IU7WW0UDBCOBY5
Ameci Pizza & Pasta - Lake Forest,,#19ECC,27f8d6b6-c6a1-4653-83ca-d1fcf7619ecc,Delivery - Partner Using Uber App,Postmates iOS,Completed,2/3/22,7:07 PM,27.97,2.17,30.14,0,0,0,0,0,0,0,0,30.14,-5.31,0,0,0,0,0,,0,-2.17,0,22.66,2/8/22,0,0,19,9IU7WW0UDBCOBY5
Ameci Pizza & Pasta - Lake Forest,,#B8F18,5464a376-dae1-4fcf-81f0-797f6c9b8f18,Delivery - Partner Using Uber App,UberEats iOS,Completed,2/4/22,12:00 PM,27.97,2.17,30.14,0,0,0,0,0,0,0,0,30.14,-5.31,0,0,0,0,0,,0,-2.17,0,22.66,2/8/22,0,0,19,9IU7WW0UDBCOBY5
Ameci Pizza & Pasta - Lake Forest,,#B8F18,5464a376-dae1-4fcf-81f0-797f6c9b8f18,,Unknown,Refund,2/4/22,12:00 PM,-4.99,-0.38,-5.37,0,0,0,0,0,0,0,,0,0,,,0,0,0,,0,0.38,0,-4.99,2/8/22,,,,9IU7WW0UDBCOBY5
Ameci Pizza & Pasta - Lake Forest,,#5F64D,f9408b1f-6818-4dab-a2a5-53d2a595f64d,Delivery - Partner Using Uber App,UberEats iOS,Completed,2/4/22,3:48 PM,26.73,2.07,28.8,0,0,0,0,0,0,0,0,28.8,-5.08,0,0,0,0,0,,0,-2.07,0,21.65,2/8/22,0,0,19,9IU7WW0UDBCOBY5
Ameci Pizza & Pasta - Lake Forest,,#8C46D,3b624eb7-03c6-4318-b2e4-9af71fe8c46d,Delivery - Partner Using Uber App,UberEats Web,Completed,2/4/22,5:03 PM,48.74,3.78,52.52,0,0,0,0,0,0,0,0,52.52,-9.26,0,0,0,0,0,,0,-3.78,0,39.48,2/8/22,0,0,19,9IU7WW0UDBCOBY5
Ameci Pizza & Pasta - Lake Forest,,#6971C,0249526d-3431-47d1-afa4-bc13ced6971c,Delivery - Partner Using Uber App,UberEats iOS,Completed,2/4/22,5:18 PM,31.27,2.42,33.69,0,0,0,0,0,0,0,0,33.69,-5.94,0,0,0,0,0,,0,-2.42,0,25.33,2/8/22,0,0,19,9IU7WW0UDBCOBY5
Ameci Pizza & Pasta - Lake Forest,,#7DF05,bff75334-0281-488a-8787-e26381f7df05,Delivery - Partner Using Uber App,UberEats iOS,Completed,2/4/22,6:13 PM,33.97,2.63,36.6,0,0,0,0,0,0,0,0,36.6,-6.45,0,0,0,0,0,,0,-2.63,0,27.52,2/8/22,0,0,19,9IU7WW0UDBCOBY5
Ameci Pizza & Pasta - Lake Forest,,#AE469,6a9c3b13-053f-40cd-92ef-6656b66ae469,Delivery - Partner Using Uber App,UberEats iOS,Completed,2/4/22,6:20 PM,75.96,5.89,81.85,0,0,0,0,0,0,0,0,81.85,-14.43,0,0,0,0,0,,0,-5.89,0,61.53,2/8/22,0,0,19,9IU7WW0UDBCOBY5
Ameci Pizza & Pasta - Lake Forest,,#0A954,382f172e-9d28-41b7-b2d8-abb00830a954,Delivery - Partner Using Uber App,UberEats iOS,Completed,2/4/22,6:18 PM,44.46,3.45,47.91,0,0,0,0,0,0,0,0,47.91,-8.45,0,0,0,0,0,,0,-3.45,0,36.01,2/8/22,0,0,19,9IU7WW0UDBCOBY5
Ameci Pizza & Pasta - Lake Forest,,#EC854,a30d56d8-0789-4ffa-88c5-44fc5d9ec854,Delivery - Partner Using Uber App,Postmates iOS,Completed,2/4/22,6:59 PM,40.95,3.17,44.12,0,0,0,0,0,0,0,0,44.12,-7.78,0,0,0,0,0,,0,-3.17,0,33.17,2/8/22,0,0,19,9IU7WW0UDBCOBY5
Ameci Pizza & Pasta - Lake Forest,,#CFEC7,62550244-c886-4ada-a3b4-7aafd11cfec7,Delivery - Partner Using Uber App,UberEats Android,Completed,2/4/22,7:00 PM,22.98,1.78,24.76,0,0,0,0,0,0,0,0,24.76,-4.37,0,0,0,0,0,,0,-1.78,0,18.61,2/8/22,0,0,19,9IU7WW0UDBCOBY5
Ameci Pizza & Pasta - Lake Forest,,#D14C0,41e79de0-636b-4cfa-a053-4427832d14c0,Delivery - Partner Using Uber App,UberEats iOS,Completed,2/4/22,7:45 PM,30.96,2.4,33.36,0,0,0,0,0,0,0,0,33.36,-5.88,0,0,0,0,0,,0,-2.4,0,25.08,2/8/22,0,0,19,9IU7WW0UDBCOBY5
Ameci Pizza & Pasta - Lake Forest,,#FE64C,5cb164ce-4e3b-430a-bcc3-39b2b12fe64c,Delivery - Partner Using Uber App,UberEats iOS,Completed,2/4/22,8:13 PM,22.98,1.78,24.76,0,0,0,0,0,0,0,0,24.76,-4.37,0,0,0,0,0,,0,-1.78,0,18.61,2/8/22,0,0,19,9IU7WW0UDBCOBY5
Ameci Pizza & Pasta - Lake Forest,,#C2E31,2a52909a-ffaf-43ae-ab06-6cf97a3c2e31,Delivery - Partner Using Uber App,UberEats iOS,Completed,2/4/22,9:06 PM,38.71,3,41.71,0,0,0,0,0,0,0,0,41.71,-7.35,0,0,0,0,0,,0,-3,0,31.36,2/8/22,0,0,19,9IU7WW0UDBCOBY5
Ameci Pizza & Pasta - Lake Forest,,#E01B9,50aec4e3-e9d7-4111-9009-199a959e01b9,Pickup,UberEats iOS,Completed,2/5/22,2:31 PM,10.99,0.85,11.84,0,0,0,0,0,0,0,0,11.84,-0.66,0,0,0,0,0,,0,-0.85,0,10.33,2/8/22,0,0,6,9IU7WW0UDBCOBY5
Ameci Pizza & Pasta - Lake Forest,,#8873D,e35088cf-7042-4003-9ef8-57aff958873d,Pickup,UberEats iOS,Completed,2/5/22,2:33 PM,11.99,0.93,12.92,0,0,0,0,0,0,0,0,12.92,-0.72,0,0,0,0,0,,0,-0.93,0,11.27,2/8/22,0,0,6,9IU7WW0UDBCOBY5
Ameci Pizza & Pasta - Lake Forest,,#3B5C4,6058bb4d-fc6f-45e4-82c2-84dd46b3b5c4,Delivery - Partner Using Uber App,Postmates Web,Completed,2/5/22,3:24 PM,63.26,4.9,68.16,0,0,0,0,0,0,0,0,68.16,-12.02,0,0,0,0,0,,0,-4.9,0,51.24,2/8/22,0,0,19,9IU7WW0UDBCOBY5
Ameci Pizza & Pasta - Lake Forest,,#D0C45,48d7bdc4-22a5-4c6a-84df-1b256cfd0c45,Delivery - Partner Using Uber App,UberEats Android,Completed,2/5/22,4:45 PM,23.98,1.86,25.84,0,0,0,0,0,0,0,0,25.84,-4.56,0,0,0,0,0,,0,-1.86,0,19.42,2/8/22,0,0,19,9IU7WW0UDBCOBY5
Ameci Pizza & Pasta - Lake Forest,,#C8514,bc8e995b-5d76-453a-8c36-29eae4ac8514,Delivery - Partner Using Uber App,Postmates Android,Completed,2/5/22,5:07 PM,55.48,4.3,59.78,0,0,0,0,0,0,0,0,59.78,-10.54,0,0,0,0,0,,0,-4.3,0,44.94,2/8/22,0,0,19,9IU7WW0UDBCOBY5
Ameci Pizza & Pasta - Lake Forest,,#0578C,33d0036b-d8f5-439c-9d67-047a6610578c,Delivery - Partner Using Uber App,UberEats iOS,Completed,2/5/22,5:05 PM,52.17,4.04,56.21,0,0,0,0,0,0,0,0,56.21,-9.91,0,0,0,0,0,,0,-4.04,0,42.26,2/8/22,0,0,19,9IU7WW0UDBCOBY5
Ameci Pizza & Pasta - Lake Forest,,#F44FA,155e11c0-4d2c-4140-9884-20a941af44fa,Delivery - Partner Using Uber App,UberEats Android,Completed,2/5/22,5:46 PM,38.97,3.02,41.99,0,0,0,0,0,0,0,0,41.99,-7.4,0,0,0,0,0,,0,-3.02,0,31.57,2/8/22,0,0,19,9IU7WW0UDBCOBY5
Ameci Pizza & Pasta - Lake Forest,,#54D27,29b97af2-936b-45a5-9df6-0687a1d54d27,Delivery - Partner Using Uber App,UberEats iOS,Completed,2/5/22,6:02 PM,32.71,2.54,35.25,0,0,0,0,0,0,0,0,35.25,-6.21,0,0,0,0,0,,0,-2.54,0,26.5,2/8/22,0,0,19,9IU7WW0UDBCOBY5
Ameci Pizza & Pasta - Lake Forest,,#6958A,e1f0d2a7-8283-4655-b153-3d8ee806958a,Delivery - Partner Using Uber App,UberEats iOS,Completed,2/5/22,6:20 PM,24.57,1.9,26.47,0,0,0,0,0,0,0,0,26.47,-4.67,0,0,0,0,0,,0,-1.9,0,19.9,2/8/22,0,0,19,9IU7WW0UDBCOBY5
Ameci Pizza & Pasta - Lake Forest,,#FDAB0,de50a6dd-3995-400e-92f2-9c1b91bfdab0,Delivery - Partner Using Uber App,Postmates Android,Completed,2/5/22,6:40 PM,22.73,1.76,24.49,0,0,0,0,0,0,0,0,24.49,-4.32,0,0,0,0,0,,0,-1.76,0,18.41,2/8/22,0,0,19,9IU7WW0UDBCOBY5
Ameci Pizza & Pasta - Lake Forest,,#05B87,a7bb9ea0-2ace-4749-9446-90cca1f05b87,Delivery - Partner Using Uber App,Postmates Android,Completed,2/5/22,6:35 PM,29.35,2.27,31.62,0,0,0,0,0,0,0,0,31.62,-5.58,0,0,0,0,0,,0,-2.27,0,23.77,2/8/22,0,0,19,9IU7WW0UDBCOBY5
Ameci Pizza & Pasta - Lake Forest,,#18BB1,638157cf-7407-4aec-bf55-790799d18bb1,Delivery - Partner Using Uber App,Postmates iOS,Completed,2/5/22,6:47 PM,50.49,3.91,54.4,0,0,0,0,0,0,0,0,54.4,-9.59,0,0,0,0,0,,0,-3.91,0,40.9,2/8/22,0,0,19,9IU7WW0UDBCOBY5
Ameci Pizza & Pasta - Lake Forest,,#D0237,fb0d828f-358b-4143-bded-ba0ef6dd0237,Delivery - Partner Using Uber App,UberEats Android,Completed,2/5/22,7:16 PM,19.72,1.53,21.25,0,0,0,0,0,0,0,0,21.25,-3.75,0,0,0,0,0,,0,-1.53,0,15.97,2/8/22,0,0,19,9IU7WW0UDBCOBY5
Ameci Pizza & Pasta - Lake Forest,,#83FC4,9f7b3683-d2d1-404a-b16b-4269d1c83fc4,Delivery - Partner Using Uber App,UberEats iOS,Completed,2/5/22,7:25 PM,25.77,2,27.77,0,0,0,0,0,0,0,0,27.77,-4.9,0,0,0,0,0,,0,-2,0,20.87,2/8/22,0,0,19,9IU7WW0UDBCOBY5
Ameci Pizza & Pasta - Lake Forest,,#59939,033de44b-55dd-41db-891b-6253e2a59939,Delivery - Partner Using Uber App,Postmates iOS,Completed,2/5/22,7:21 PM,45.93,3.56,49.49,0,0,0,0,0,0,0,0,49.49,-8.73,0,0,0,0,0,,0,-3.56,0,37.2,2/8/22,0,0,19,9IU7WW0UDBCOBY5
Ameci Pizza & Pasta - Lake Forest,,#517AD,906f14ed-1425-4e04-8a5a-870a638517ad,Delivery - Partner Using Uber App,Postmates iOS,Completed,2/5/22,7:22 PM,35.13,2.72,37.85,0,0,0,0,0,0,0,0,37.85,-6.67,0,0,0,0,0,,0,-2.72,0,28.46,2/8/22,0,0,19,9IU7WW0UDBCOBY5
Ameci Pizza & Pasta - Lake Forest,,#CC8BE,df898b2c-e952-4e83-aedd-69a9dd5cc8be,Delivery - Partner Using Uber App,UberEats iOS,Completed,2/5/22,8:42 PM,48.97,3.8,52.77,0,0,0,0,0,0,0,0,52.77,-9.3,0,0,0,0,0,,0,-3.8,0,39.67,2/8/22,0,0,19,9IU7WW0UDBCOBY5
Ameci Pizza & Pasta - Lake Forest,,#5FEF1,830c08c6-de47-4c3d-87d4-05cc4395fef1,Delivery - Partner Using Uber App,UberEats iOS,Completed,2/5/22,9:22 PM,14.98,1.16,16.14,0,0,0,0,0,0,0,0,16.14,-2.85,0,0,0,0,0,,0,-1.16,0,12.13,2/8/22,0,0,19,9IU7WW0UDBCOBY5
Ameci Pizza & Pasta - Lake Forest,,#2763C,5188e88c-0dcf-4738-9301-6937c582763c,Delivery - Partner Using Uber App,Postmates iOS,Completed,2/6/22,12:39 PM,22.22,1.72,23.94,0,0,0,0,0,0,0,0,23.94,-4.22,0,0,0,0,0,,0,-1.72,0,18,2/8/22,0,0,19,9IU7WW0UDBCOBY5
Ameci Pizza & Pasta - Lake Forest,,#BCB29,ed8af89c-4da0-44a4-af99-96e48ccbcb29,Delivery - Partner Using Uber App,Postmates iOS,Completed,2/6/22,3:04 PM,28.26,2.19,30.45,0,0,0,0,0,0,0,0,30.45,-5.37,0,0,0,0,0,,0,-2.19,0,22.89,2/8/22,0,0,19,9IU7WW0UDBCOBY5
Ameci Pizza & Pasta - Lake Forest,,#C3FCB,12cbaac8-9be2-4ff2-b26c-de0aac9c3fcb,Delivery - Partner Using Uber App,Postmates iOS,Completed,2/6/22,3:49 PM,12.78,0.99,13.77,0,0,0,0,0,0,0,0,13.77,-2.43,0,0,0,0,0,,0,-0.99,0,10.35,2/8/22,0,0,19,9IU7WW0UDBCOBY5
Ameci Pizza & Pasta - Lake Forest,,#9B154,7541c945-35ea-4469-bb7c-e6002269b154,Delivery - Partner Using Uber App,UberEats Web,Completed,2/6/22,4:08 PM,13.97,1.08,15.05,0,0,0,0,0,0,0,0,15.05,-2.65,0,0,0,0,0,,0,-1.08,0,11.32,2/8/22,0,0,19,9IU7WW0UDBCOBY5
Ameci Pizza & Pasta - Lake Forest,,#E1E95,26ed160b-0ddc-43b2-8ab7-f026968e1e95,Delivery - Partner Using Uber App,Postmates iOS,Completed,2/6/22,5:38 PM,31.97,2.48,34.45,0,0,0,0,0,0,0,0,34.45,-6.07,0,0,0,0,0,,0,-2.48,0,25.9,2/8/22,0,0,19,9IU7WW0UDBCOBY5
Ameci Pizza & Pasta - Lake Forest,,#4E7E2,d71a94d4-e51e-4672-9da7-f8bf8404e7e2,Delivery - Partner Using Uber App,Postmates iOS,Completed,2/6/22,5:37 PM,33.2,2.57,35.77,0,0,0,0,0,0,0,0,35.77,-6.31,0,0,0,0,0,,0,-2.57,0,26.89,2/8/22,0,0,19,9IU7WW0UDBCOBY5
Ameci Pizza & Pasta - Lake Forest,,#88E93,1a44c097-0dc9-4d2d-8fa3-c30ec5288e93,Delivery - Partner Using Uber App,Postmates iOS,Completed,2/6/22,6:44 PM,19.26,1.49,20.75,0,0,0,0,0,0,0,0,20.75,-3.66,0,0,0,0,0,,0,-1.49,0,15.6,2/8/22,0,0,19,9IU7WW0UDBCOBY5
Ameci Pizza & Pasta - Lake Forest,,#5B3FE,7d498967-2d66-4d81-98c2-21bb0895b3fe,Pickup,UberEats iOS,Completed,2/6/22,6:06 PM,20.77,1.61,22.38,0,0,0,0,0,0,0,0,22.38,-1.25,0,0,0,0,0,,0,-1.61,0,19.52,2/8/22,0,0,6,9IU7WW0UDBCOBY5
Ameci Pizza & Pasta - Lake Forest,,#3C3F2,71d22af1-2fa4-43d7-b316-09d56373c3f2,Delivery - Partner Using Uber App,UberEats iOS,Completed,2/6/22,7:09 PM,13.23,1.03,14.26,0,0,0,0,0,0,0,0,14.26,-2.51,0,0,0,0,0,,0,-1.03,0,10.72,2/8/22,0,0,19,9IU7WW0UDBCOBY5
Ameci Pizza & Pasta - Lake Forest,,#B49EC,87c24848-639f-4dec-a3f6-24f14fcb49ec,Delivery - Partner Using Uber App,Postmates Android,Completed,2/6/22,8:03 PM,19.98,1.55,21.53,0,0,0,0,0,0,0,0,21.53,-3.8,0,0,0,0,0,,0,-1.55,0,16.18,2/8/22,0,0,19,9IU7WW0UDBCOBY5
Ameci Pizza & Pasta - Lake Forest,,#BB7C2,5fbf00eb-2a3a-4be4-bf08-2be87fcbb7c2,Delivery - Partner Using Uber App,UberEats iOS,Completed,2/6/22,8:14 PM,31.97,2.48,34.45,0,0,0,0,0,0,0,0,34.45,-6.07,0,0,0,0,0,,0,-2.48,0,25.9,2/8/22,0,0,19,9IU7WW0UDBCOBY5
Ameci Pizza & Pasta - Lake Forest,,#47978,ab857f38-e2a2-4d49-8d6b-2a8fd0547978,Delivery - Partner Using Uber App,UberEats iOS,Completed,2/6/22,9:20 PM,29.47,2.28,31.75,0,0,0,0,0,0,0,0,31.75,-5.6,0,0,0,0,0,,0,-2.28,0,23.87,2/8/22,0,0,19,9IU7WW0UDBCOBY5
Ameci Pizza & Pasta - Lake Forest,,#D14C0,41e79de0-636b-4cfa-a053-4427832d14c0,,Unknown,Refund,2/4/22,7:45 PM,-30.96,-2.4,-33.36,0,0,0,0,0,0,0,,0,0,,,0,0,0,,0,2.4,0,-30.96,2/15/22,,,,HQAMCDDEOAPFTEV
Ameci Pizza & Pasta - Lake Forest,,#3C219,c9fed5f3-5a7f-41fe-8ec2-326c4263c219,Delivery - Partner Using Uber App,Postmates Web,Completed,2/7/22,11:04 AM,43.97,3.41,47.38,0,0,0,0,0,0,0,0,47.38,-8.35,0,0,0,0,0,,0,-3.41,0,35.62,2/15/22,0,0,19,HQAMCDDEOAPFTEV
Ameci Pizza & Pasta - Lake Forest,,#C7BF0,d174796e-6b21-4b33-adc2-079cfdac7bf0,Pickup,UberEats Android,Completed,2/7/22,11:22 AM,30.98,2.4,33.38,0,0,0,0,0,0,0,0,33.38,-1.86,0,0,0,0,0,,0,-2.4,0,29.12,2/15/22,0,0,6,HQAMCDDEOAPFTEV
Ameci Pizza & Pasta - Lake Forest,,#89061,5371714e-8b30-4e46-9b7a-9791ac689061,Delivery - Partner Using Uber App,UberEats iOS,Completed,2/7/22,12:11 PM,16.98,1.32,18.3,0,0,0,0,0,0,0,0,18.3,-3.23,0,0,0,0,0,,0,-1.32,0,13.75,2/15/22,0,0,19,HQAMCDDEOAPFTEV
Ameci Pizza & Pasta - Lake Forest,,#B2C89,d2e9a1ec-5401-4383-9f17-18038c7b2c89,Delivery - Partner Using Uber App,UberEats iOS,Completed,2/7/22,1:50 PM,27.97,2.17,30.14,0,0,0,0,0,0,0,0,30.14,-5.31,0,0,0,0,0,,0,-2.17,0,22.66,2/15/22,0,0,19,HQAMCDDEOAPFTEV
Ameci Pizza & Pasta - Lake Forest,,#27AF4,466dbd03-166f-4a5f-a137-f6a827627af4,Delivery - Partner Using Uber App,UberEats iOS,Completed,2/7/22,4:42 PM,41.96,3.25,45.21,0,0,0,0,0,0,0,0,45.21,-7.97,0,0,0,0,0,,0,-3.25,0,33.99,2/15/22,0,0,19,HQAMCDDEOAPFTEV
Ameci Pizza & Pasta - Lake Forest,,#BD3CA,149b9406-74bb-40d4-8216-5554a3bbd3ca,Delivery - Partner Using Uber App,UberEats Web,Completed,2/7/22,5:10 PM,16.98,1.32,18.3,0,0,0,0,0,0,0,0,18.3,-3.23,0,0,0,0,0,,0,-1.32,0,13.75,2/15/22,0,0,19,HQAMCDDEOAPFTEV
Ameci Pizza & Pasta - Lake Forest,,#EE595,ff24444d-d724-46d9-8746-2b43a0bee595,Delivery - Partner Using Uber App,UberEats iOS,Completed,2/7/22,5:45 PM,15.73,1.22,16.95,0,0,0,0,0,0,0,0,16.95,-2.99,0,0,0,0,0,,0,-1.22,0,12.74,2/15/22,0,0,19,HQAMCDDEOAPFTEV
Ameci Pizza & Pasta - Lake Forest,,#B6587,9383cb86-6d57-480f-9ffb-13e8eddb6587,Delivery - Partner Using Uber App,Postmates iOS,Completed,2/7/22,5:46 PM,52.94,4.1,57.04,0,0,0,0,0,0,0,0,57.04,-10.06,0,0,0,0,0,,0,-4.1,0,42.88,2/15/22,0,0,19,HQAMCDDEOAPFTEV
Ameci Pizza & Pasta - Lake Forest,,#B6587,9383cb86-6d57-480f-9ffb-13e8eddb6587,,Unknown,Refund,2/7/22,5:46 PM,-36.46,-2.82,-39.28,0,0,0,0,0,0,0,,0,0,,,0,0,0,,0,2.82,0,-36.46,2/15/22,,,,HQAMCDDEOAPFTEV
Ameci Pizza & Pasta - Lake Forest,,#147BD,a4120c20-e27d-4c7a-a3ba-c8c43a3147bd,Delivery - Partner Using Uber App,UberEats iOS,Canceled,2/7/22,7:10 PM,38.97,3.02,41.99,0,0,0,0,0,0,0,0,41.99,-7.4,0,0,0,0,0,,0,-3.02,0,31.57,2/15/22,0,0,19,HQAMCDDEOAPFTEV
Ameci Pizza & Pasta - Lake Forest,,#1421F,f71c146a-849f-4ffc-830d-e475a521421f,Delivery - Partner Using Uber App,UberEats iOS,Canceled,2/7/22,6:26 PM,41.21,3.19,44.4,0,0,0,0,0,0,0,0,44.4,-7.83,0,0,0,0,0,,0,-3.19,0,33.38,2/15/22,0,0,19,HQAMCDDEOAPFTEV
Ameci Pizza & Pasta - Lake Forest,,#17D46,28e3c324-0fca-47d9-a423-ce19efd17d46,Delivery - Partner Using Uber App,Postmates iOS,Completed,2/7/22,6:44 PM,35.13,2.72,37.85,0,0,0,0,0,0,0,0,37.85,-6.67,0,0,0,0,0,,0,-2.72,0,28.46,2/15/22,0,0,19,HQAMCDDEOAPFTEV
Ameci Pizza & Pasta - Lake Forest,,#E5465,2593a3f8-3d4b-4508-86c5-beb8652e5465,Delivery - Partner Using Uber App,UberEats iOS,Completed,2/7/22,6:37 PM,15.57,1.21,16.78,0,0,0,0,0,0,0,0,16.78,-2.96,0,0,0,0,0,,0,-1.21,0,12.61,2/15/22,0,0,19,HQAMCDDEOAPFTEV
Ameci Pizza & Pasta - Lake Forest,,#000FC,eed8f80b-221a-47b9-9aea-2e7d373000fc,Delivery - Partner Using Uber App,UberEats iOS,Completed,2/7/22,7:16 PM,62.7,4.86,67.56,0,0,0,0,0,0,0,0,67.56,-11.91,0,0,0,0,0,,0,-4.86,0,50.79,2/15/22,0,0,19,HQAMCDDEOAPFTEV
Ameci Pizza & Pasta - Lake Forest,,#284AA,01ec3d78-e6dc-48c5-8e40-fbf34d7284aa,Delivery - Partner Using Uber App,UberEats iOS,Completed,2/7/22,7:44 PM,22.98,1.78,24.76,0,0,0,0,0,0,0,0,24.76,-4.37,0,0,0,0,0,,0,-1.78,0,18.61,2/15/22,0,0,19,HQAMCDDEOAPFTEV
Ameci Pizza & Pasta - Lake Forest,,#0E5D2,668b41ad-df52-49d5-a064-b63e28f0e5d2,Delivery - Partner Using Uber App,Postmates iOS,Completed,2/7/22,7:46 PM,29.71,2.3,32.01,0,0,0,0,0,0,0,0,32.01,-5.64,0,0,0,0,0,,0,-2.3,0,24.07,2/15/22,0,0,19,HQAMCDDEOAPFTEV
Ameci Pizza & Pasta - Lake Forest,,#FDFD8,094226d5-8da4-40ba-9f49-11bd063fdfd8,Delivery - Partner Using Uber App,Postmates Android,Completed,2/7/22,8:14 PM,39.96,3.1,43.06,0,0,0,0,0,0,0,0,43.06,-7.59,0,0,0,0,0,,0,-3.1,0,32.37,2/15/22,0,0,19,HQAMCDDEOAPFTEV
Ameci Pizza & Pasta - Lake Forest,,#99C24,8f6aa3be-159a-4f80-922a-c780b1099c24,Delivery - Partner Using Uber App,UberEats iOS,Completed,2/7/22,9:22 PM,16.73,1.3,18.03,0,0,0,0,0,0,0,0,18.03,-3.18,0,0,0,0,0,,0,-1.3,0,13.55,2/15/22,0,0,19,HQAMCDDEOAPFTEV
Ameci Pizza & Pasta - Lake Forest,,#547B9,87691865-1715-45dc-81f8-27efb12547b9,Delivery - Partner Using Uber App,Postmates Android,Completed,2/8/22,1:09 PM,23.23,1.8,25.03,0,0,0,0,0,0,0,0,25.03,-4.41,0,0,0,0,0,,0,-1.8,0,18.82,2/15/22,0,0,19,HQAMCDDEOAPFTEV
Ameci Pizza & Pasta - Lake Forest,,#42E67,b159ddda-ac49-41d0-82aa-8d25b9142e67,Delivery - Partner Using Uber App,UberEats Android,Completed,2/8/22,12:52 PM,26.7,2.07,28.77,0,0,0,0,0,0,0,0,28.77,-5.07,0,0,0,0,0,,0,-2.07,0,21.63,2/15/22,0,0,19,HQAMCDDEOAPFTEV
Ameci Pizza & Pasta - Lake Forest,,#24479,a488b7e7-65ce-408b-9028-8e2d9cd24479,Delivery - Partner Using Uber App,UberEats iOS,Completed,2/8/22,2:28 PM,14.99,1.16,16.15,0,0,0,0,0,0,0,0,16.15,-2.85,0,0,0,0,0,,0,-1.16,0,12.14,2/15/22,0,0,19,HQAMCDDEOAPFTEV
Ameci Pizza & Pasta - Lake Forest,,,,,Unknown,,,,0,0,0,0,0,0,0,0,0,0,0,0,0,0,0,0,0,0,Restaurant refunds,5.37,0,0,5.37,2/15/22,0,0,,HQAMCDDEOAPFTEV
Ameci Pizza & Pasta - Lake Forest,,#22CB9,e3295238-340c-40a3-90e0-8b990e422cb9,Delivery - Partner Using Uber App,Postmates Android,Completed,2/8/22,4:04 PM,47.44,3.68,51.12,0,0,0,0,0,0,0,0,51.12,-9.01,0,0,0,0,0,,0,-3.68,0,38.43,2/15/22,0,0,19,HQAMCDDEOAPFTEV
Ameci Pizza & Pasta - Lake Forest,,#A2E26,c4488f05-c556-4209-b6a2-3dddf34a2e26,Delivery - Partner Using Uber App,UberEats iOS,Completed,2/8/22,5:57 PM,37.71,2.92,40.63,0,0,0,0,0,0,0,0,40.63,-7.16,0,0,0,0,0,,0,-2.92,0,30.55,2/15/22,0,0,19,HQAMCDDEOAPFTEV
Ameci Pizza & Pasta - Lake Forest,,#1160F,49fa15cc-de4b-408a-b6fe-aba5dda1160f,Delivery - Partner Using Uber App,UberEats iOS,Completed,2/8/22,6:26 PM,29.55,2.29,31.84,0,0,0,0,0,0,0,0,31.84,-5.61,0,0,0,0,0,,0,-2.29,0,23.94,2/15/22,0,0,19,HQAMCDDEOAPFTEV
Ameci Pizza & Pasta - Lake Forest,,#F6348,57883f6f-293e-464a-9dad-1838b8df6348,Delivery - Partner Using Uber App,UberEats Web,Completed,2/8/22,7:20 PM,35.97,2.79,38.76,0,0,0,0,0,0,0,0,38.76,-6.83,0,0,0,0,0,,0,-2.79,0,29.14,2/15/22,0,0,19,HQAMCDDEOAPFTEV
Ameci Pizza & Pasta - Lake Forest,,#0B250,dda75fe5-3442-48a7-9025-74ab7e30b250,Delivery - Partner Using Uber App,Postmates iOS,Completed,2/9/22,1:32 PM,52.21,4.05,56.26,0,0,0,0,0,0,0,0,56.26,-9.92,0,0,0,0,0,,0,-4.05,0,42.29,2/15/22,0,0,19,HQAMCDDEOAPFTEV
Ameci Pizza & Pasta - Lake Forest,,#79CA6,4b0ab96d-d4bc-4f08-a02a-400419879ca6,Delivery - Partner Using Uber App,Postmates iOS,Completed,2/9/22,4:05 PM,22.22,1.72,23.94,0,0,0,0,0,0,0,0,23.94,-4.22,0,0,0,0,0,,0,-1.72,0,18,2/15/22,0,0,19,HQAMCDDEOAPFTEV
Ameci Pizza & Pasta - Lake Forest,,#7BE79,0577e33c-1213-4ed4-bb5d-d761c347be79,Pickup,UberEats Android,Completed,2/9/22,3:50 PM,32.55,2.52,35.07,0,0,0,0,0,0,0,0,35.07,-1.95,0,0,0,0,0,,0,-2.52,0,30.6,2/15/22,0,0,6,HQAMCDDEOAPFTEV
Ameci Pizza & Pasta - Lake Forest,,#F59F2,efa767db-f063-4e4f-afcc-c03f67ff59f2,Delivery - Partner Using Uber App,Postmates iOS,Completed,2/9/22,5:42 PM,48.74,3.78,52.52,0,0,0,0,0,0,0,0,52.52,-9.26,0,0,0,0,0,,0,-3.78,0,39.48,2/15/22,0,0,19,HQAMCDDEOAPFTEV
Ameci Pizza & Pasta - Lake Forest,,#074B3,0262717c-1657-42eb-a7e9-776197b074b3,Delivery - Partner Using Uber App,UberEats Android,Completed,2/9/22,6:41 PM,23.98,1.86,25.84,0,0,0,0,0,0,0,0,25.84,-4.56,0,0,0,0,0,,0,-1.86,0,19.42,2/15/22,0,0,19,HQAMCDDEOAPFTEV
Ameci Pizza & Pasta - Lake Forest,,#221F7,7e8ddd2c-73ae-4eab-b0fb-6a05275221f7,Delivery - Partner Using Uber App,Postmates iOS,Completed,2/9/22,6:41 PM,32.96,2.55,35.51,0,0,0,0,0,0,0,0,35.51,-6.26,0,0,0,0,0,,0,-2.55,0,26.7,2/15/22,0,0,19,HQAMCDDEOAPFTEV
Ameci Pizza & Pasta - Lake Forest,,#C5800,87968567-ef2d-4343-94c3-a52a462c5800,Delivery - Partner Using Uber App,UberEats iOS,Completed,2/9/22,7:23 PM,32.97,2.56,35.53,0,0,0,0,0,0,0,0,35.53,-6.26,0,0,0,0,0,,0,-2.56,0,26.71,2/15/22,0,0,19,HQAMCDDEOAPFTEV
Ameci Pizza & Pasta - Lake Forest,,#FFCE2,97baad39-00fb-457e-bec3-7548af1ffce2,Delivery - Partner Using Uber App,Postmates Android,Completed,2/9/22,8:05 PM,19.98,1.55,21.53,0,0,0,0,0,0,0,0,21.53,-3.8,0,0,0,0,0,,0,-1.55,0,16.18,2/15/22,0,0,19,HQAMCDDEOAPFTEV
Ameci Pizza & Pasta - Lake Forest,,#7F487,cc7b3e5e-18f2-4804-bcde-643bd827f487,Delivery - Partner Using Uber App,UberEats Web,Completed,2/10/22,10:44 AM,100.71,7.81,108.52,0,0,0,0,0,0,0,0,108.52,-19.13,0,0,0,0,0,,0,-7.81,0,81.58,2/15/22,0,0,19,HQAMCDDEOAPFTEV
Ameci Pizza & Pasta - Lake Forest,,#82F0C,bfb2753c-0f35-44af-8b56-90e7b6c82f0c,Delivery - Partner Using Uber App,UberEats iOS,Completed,2/10/22,1:44 PM,11.99,0.93,12.92,0,0,0,0,0,0,0,0,12.92,-2.28,0,0,0,0,0,,0,-0.93,0,9.71,2/15/22,0,0,19,HQAMCDDEOAPFTEV
Ameci Pizza & Pasta - Lake Forest,,#B4ED4,8a027b8c-5cd3-4073-b58f-ec43b80b4ed4,Delivery - Partner Using Uber App,Postmates Android,Completed,2/10/22,3:02 PM,18.97,1.47,20.44,0,0,0,0,0,0,0,0,20.44,-3.6,0,0,0,0,0,,0,-1.47,0,15.37,2/15/22,0,0,19,HQAMCDDEOAPFTEV
Ameci Pizza & Pasta - Lake Forest,,#3BF1B,22bd9fe5-0b86-4ef0-ac6a-9602b363bf1b,Delivery - Partner Using Uber App,Postmates iOS,Completed,2/10/22,3:53 PM,26.97,2.09,29.06,0,0,0,0,0,0,0,0,29.06,-5.12,0,0,0,0,0,,0,-2.09,0,21.85,2/15/22,0,0,19,HQAMCDDEOAPFTEV
Ameci Pizza & Pasta - Lake Forest,,#F8F9B,bab1aed5-2931-441e-b69a-06258cef8f9b,Delivery - Partner Using Uber App,UberEats iOS,Completed,2/10/22,3:42 PM,33.71,2.61,36.32,0,0,0,0,0,0,0,0,36.32,-6.4,0,0,0,0,0,,0,-2.61,0,27.31,2/15/22,0,0,19,HQAMCDDEOAPFTEV
Ameci Pizza & Pasta - Lake Forest,,#A6328,523fce7d-1032-4e04-81a8-06d2bd6a6328,Delivery - Partner Using Uber App,UberEats iOS,Completed,2/10/22,5:30 PM,35.95,2.79,38.74,0,0,0,0,0,0,0,0,38.74,-6.83,0,0,0,0,0,,0,-2.79,0,29.12,2/15/22,0,0,19,HQAMCDDEOAPFTEV
Ameci Pizza & Pasta - Lake Forest,,#68CFF,01b623e7-64e1-4af7-857a-257bf5368cff,Delivery - Partner Using Uber App,UberEats iOS,Completed,2/10/22,5:46 PM,44.05,3.41,47.46,0,0,0,0,0,0,0,0,47.46,-8.37,0,0,0,0,0,,0,-3.41,0,35.68,2/15/22,0,0,19,HQAMCDDEOAPFTEV
Ameci Pizza & Pasta - Lake Forest,,#5CF11,abd6f1e9-1d1e-4a25-b92a-396f5cf5cf11,Delivery - Partner Using Uber App,UberEats iOS,Completed,2/10/22,7:02 PM,18.97,1.47,20.44,0,0,0,0,0,0,0,0,20.44,-3.6,0,0,0,0,0,,0,-1.47,0,15.37,2/15/22,0,0,19,HQAMCDDEOAPFTEV
Ameci Pizza & Pasta - Lake Forest,,#F0E9F,44edf1b4-ec37-4f9d-9da4-9046779f0e9f,Delivery - Partner Using Uber App,Postmates Android,Completed,2/10/22,7:47 PM,25.97,2.01,27.98,0,0,0,0,0,0,0,0,27.98,-4.93,0,0,0,0,0,,0,-2.01,0,21.04,2/15/22,0,0,19,HQAMCDDEOAPFTEV
Ameci Pizza & Pasta - Lake Forest,,#ECD1A,ab20a7db-4ce6-4b30-a777-e512c80ecd1a,Delivery - Partner Using Uber App,Postmates iOS,Completed,2/10/22,7:58 PM,54.95,4.26,59.21,0,0,0,0,0,0,0,0,59.21,-10.44,0,0,0,0,0,,0,-4.26,0,44.51,2/15/22,0,0,19,HQAMCDDEOAPFTEV
Ameci Pizza & Pasta - Lake Forest,,#96723,6c3cbfb9-fe7a-4cdd-be31-61b530a96723,Delivery - Partner Using Uber App,Postmates iOS,Completed,2/11/22,11:43 AM,13.78,1.07,14.85,0,0,0,0,0,0,0,0,14.85,-2.62,0,0,0,0,0,,0,-1.07,0,11.16,2/15/22,0,0,19,HQAMCDDEOAPFTEV
Ameci Pizza & Pasta - Lake Forest,,#2CBC7,d42803aa-4464-4f20-b0e9-b56e65d2cbc7,Delivery - Partner Using Uber App,Postmates iOS,Completed,2/11/22,12:21 PM,28.97,2.25,31.22,0,0,0,0,0,0,0,0,31.22,-5.5,0,0,0,0,0,,0,-2.25,0,23.47,2/15/22,0,0,19,HQAMCDDEOAPFTEV
Ameci Pizza & Pasta - Lake Forest,,#2F0C1,1b26dcb7-c3a5-4cb7-b75a-edd1bac2f0c1,Delivery - Partner Using Uber App,UberEats iOS,Completed,2/11/22,2:04 PM,25.97,2.01,27.98,0,0,0,0,0,0,0,0,27.98,-4.93,0,0,0,0,0,,0,-2.01,0,21.04,2/15/22,0,0,19,HQAMCDDEOAPFTEV
Ameci Pizza & Pasta - Lake Forest,,#A74AE,f6f06a3d-fa1a-43d0-be58-29e4b1da74ae,Delivery - Partner Using Uber App,UberEats Android,Completed,2/11/22,3:41 PM,31.97,2.48,34.45,0,0,0,0,0,0,0,0,34.45,-6.07,0,0,0,0,0,,0,-2.48,0,25.9,2/15/22,0,0,19,HQAMCDDEOAPFTEV
Ameci Pizza & Pasta - Lake Forest,,#47895,266d9232-f647-4cc0-87e6-d6f057d47895,Delivery - Partner Using Uber App,UberEats Web,Completed,2/11/22,4:57 PM,33.52,2.6,36.12,0,0,0,0,0,0,0,0,36.12,-6.37,0,0,0,0,0,,0,-2.6,0,27.15,2/15/22,0,0,19,HQAMCDDEOAPFTEV
Ameci Pizza & Pasta - Lake Forest,,#D786C,e071ce96-20ac-4375-b4fb-6c30c8ad786c,Delivery - Partner Using Uber App,UberEats Android,Completed,2/11/22,5:34 PM,30.98,2.4,33.38,0,0,0,0,0,0,0,0,33.38,-5.89,0,0,0,0,0,,0,-2.4,0,25.09,2/15/22,0,0,19,HQAMCDDEOAPFTEV
Ameci Pizza & Pasta - Lake Forest,,#FBEDC,63a11cdd-8418-4429-b078-ab9fb45fbedc,Delivery - Partner Using Uber App,UberEats Android,Completed,2/11/22,5:51 PM,85.62,6.64,92.26,0,0,0,0,0,0,0,0,92.26,-16.27,0,0,0,0,0,,0,-6.64,0,69.35,2/15/22,0,0,19,HQAMCDDEOAPFTEV
Ameci Pizza & Pasta - Lake Forest,,#483B9,dfaf31a0-7433-4903-825a-d1fe4c2483b9,Delivery - Partner Using Uber App,Postmates iOS,Completed,2/11/22,6:11 PM,28.69,2.22,30.91,0,0,0,0,0,0,0,0,30.91,-5.45,0,0,0,0,0,,0,-2.22,0,23.24,2/15/22,0,0,19,HQAMCDDEOAPFTEV
Ameci Pizza & Pasta - Lake Forest,,#97361,f6c6a485-cab7-41b7-b49e-64e451a97361,Delivery - Partner Using Uber App,UberEats iOS,Completed,2/11/22,6:00 PM,26.98,2.09,29.07,0,0,0,0,0,0,0,0,29.07,-5.13,0,0,0,0,0,,0,-2.09,0,21.85,2/15/22,0,0,19,HQAMCDDEOAPFTEV
Ameci Pizza & Pasta - Lake Forest,,#DD270,3d3e26ca-89e5-473a-8d7d-3779b99dd270,Delivery - Partner Using Uber App,UberEats Web,Completed,2/11/22,5:52 PM,22.97,1.78,24.75,0,0,0,0,0,0,0,0,24.75,-4.36,0,0,0,0,0,,0,-1.78,0,18.61,2/15/22,0,0,19,HQAMCDDEOAPFTEV
Ameci Pizza & Pasta - Lake Forest,,#D9ADE,932bc517-5dbd-4282-b817-8a84352d9ade,Delivery - Partner Using Uber App,UberEats iOS,Completed,2/11/22,7:01 PM,48.96,3.79,52.75,0,0,0,0,0,0,0,0,52.75,-9.3,0,0,0,0,0,,0,-3.79,0,39.66,2/15/22,0,0,19,HQAMCDDEOAPFTEV
Ameci Pizza & Pasta - Lake Forest,,#CAE08,ae5a4fd8-abc5-4519-a347-a68fafccae08,Delivery - Partner Using Uber App,Postmates iOS,Completed,2/11/22,7:21 PM,23.97,1.86,25.83,0,0,0,0,0,0,0,0,25.83,-4.55,0,0,0,0,0,,0,-1.86,0,19.42,2/15/22,0,0,19,HQAMCDDEOAPFTEV
Ameci Pizza & Pasta - Lake Forest,,#F5CA2,9adc72d7-85d7-45df-9014-c6b9493f5ca2,Delivery - Partner Using Uber App,UberEats Web,Completed,2/11/22,7:50 PM,33.97,2.63,36.6,0,0,0,0,0,0,0,0,36.6,-6.45,0,0,0,0,0,,0,-2.63,0,27.52,2/15/22,0,0,19,HQAMCDDEOAPFTEV
Ameci Pizza & Pasta - Lake Forest,,#1A74D,7ceab928-158d-4f03-ade2-efe01261a74d,Delivery - Partner Using Uber App,Postmates iOS,Completed,2/11/22,8:27 PM,25.45,1.97,27.42,0,0,0,0,0,0,0,0,27.42,-4.84,0,0,0,0,0,,0,-1.97,0,20.61,2/15/22,0,0,19,HQAMCDDEOAPFTEV
Ameci Pizza & Pasta - Lake Forest,,#CACAF,0e5b7ccc-946a-42d6-9374-166f29ecacaf,Delivery - Partner Using Uber App,UberEats iOS,Completed,2/11/22,9:04 PM,25.72,1.99,27.71,0,0,0,0,0,0,0,0,27.71,-4.89,0,0,0,0,0,,0,-1.99,0,20.83,2/15/22,0,0,19,HQAMCDDEOAPFTEV
Ameci Pizza & Pasta - Lake Forest,,#54E4E,f0297e6c-8bf7-41e3-965d-57f7f7b54e4e,Delivery - Partner Using Uber App,UberEats iOS,Completed,2/11/22,9:05 PM,28.47,2.21,30.68,0,0,0,0,0,0,0,0,30.68,-5.41,0,0,0,0,0,,0,-2.21,0,23.06,2/15/22,0,0,19,HQAMCDDEOAPFTEV
Ameci Pizza & Pasta - Lake Forest,,#11506,757d921e-4cad-4bd2-aac7-49df37211506,Delivery - Partner Using Uber App,UberEats Android,Completed,2/12/22,12:39 PM,41.72,3.23,44.95,0,0,0,0,0,0,0,0,44.95,-7.93,0,0,0,0,0,,0,-3.23,0,33.79,2/15/22,0,0,19,HQAMCDDEOAPFTEV
Ameci Pizza & Pasta - Lake Forest,,#12D3E,84f09554-2cf6-4a0a-ba55-371792f12d3e,Delivery - Partner Using Uber App,UberEats iOS,Completed,2/12/22,3:47 PM,24.08,1.87,25.95,0,0,0,0,0,0,0,0,25.95,-4.58,0,0,0,0,0,,0,-1.87,0,19.5,2/15/22,0,0,19,HQAMCDDEOAPFTEV
Ameci Pizza & Pasta - Lake Forest,,#F8B1F,6061f49d-3ade-48a2-9966-0b7b5cff8b1f,Delivery - Partner Using Uber App,UberEats Android,Completed,2/12/22,4:50 PM,61.92,4.8,66.72,0,0,0,0,0,0,0,0,66.72,-11.76,0,0,0,0,0,,0,-4.8,0,50.16,2/15/22,0,0,19,HQAMCDDEOAPFTEV
Ameci Pizza & Pasta - Lake Forest,,#B08C7,51920dae-a87b-4a40-896c-17b79bbb08c7,Delivery - Partner Using Uber App,UberEats iOS,Completed,2/12/22,5:18 PM,14.97,1.16,16.13,0,0,0,0,0,0,0,0,16.13,-2.84,0,0,0,0,0,,0,-1.16,0,12.13,2/15/22,0,0,19,HQAMCDDEOAPFTEV
Ameci Pizza & Pasta - Lake Forest,,#C268F,4eb35588-21c7-44c9-a637-c8cf04fc268f,Delivery - Partner Using Uber App,UberEats Android,Completed,2/12/22,5:47 PM,23.23,1.8,25.03,0,0,0,0,0,0,0,0,25.03,-4.41,0,0,0,0,0,,0,-1.8,0,18.82,2/15/22,0,0,19,HQAMCDDEOAPFTEV
Ameci Pizza & Pasta - Lake Forest,,#77FF9,007883e3-966f-46f3-8a49-731267d77ff9,Delivery - Partner Using Uber App,UberEats iOS,Completed,2/12/22,5:21 PM,58.74,4.55,63.29,0,0,0,0,0,0,0,0,63.29,-11.16,0,0,0,0,0,,0,-4.55,0,47.58,2/15/22,0,0,19,HQAMCDDEOAPFTEV
Ameci Pizza & Pasta - Lake Forest,,#47B61,46e67de3-e3db-4b05-9226-4503ab847b61,Delivery - Partner Using Uber App,UberEats iOS,Completed,2/12/22,6:25 PM,37.94,2.94,40.88,0,0,0,0,0,0,0,0,40.88,-7.21,0,0,0,0,0,,0,-2.94,0,30.73,2/15/22,0,0,19,HQAMCDDEOAPFTEV
Ameci Pizza & Pasta - Lake Forest,,#F05C7,3eb92c31-a122-4e27-9cad-0448e9ef05c7,Delivery - Partner Using Uber App,UberEats Android,Completed,2/12/22,6:30 PM,29.97,2.32,32.29,0,0,0,0,0,0,0,0,32.29,-5.69,0,0,0,0,0,,0,-2.32,0,24.28,2/15/22,0,0,19,HQAMCDDEOAPFTEV
Ameci Pizza & Pasta - Lake Forest,,#9A910,de5c478e-ae06-40a0-ad6f-969a7d39a910,Delivery - Partner Using Uber App,UberEats iOS,Completed,2/12/22,7:05 PM,11.99,0.93,12.92,0,0,0,0,0,0,0,0,12.92,-2.28,0,0,0,0,0,,0,-0.93,0,9.71,2/15/22,0,0,19,HQAMCDDEOAPFTEV
Ameci Pizza & Pasta - Lake Forest,,#1799C,5bb3eae4-8345-4f87-a30a-874b3ff1799c,Delivery - Partner Using Uber App,UberEats Web,Completed,2/12/22,7:13 PM,30.97,2.4,33.37,0,0,0,0,0,0,0,0,33.37,-5.88,0,0,0,0,0,,0,-2.4,0,25.09,2/15/22,0,0,19,HQAMCDDEOAPFTEV
Ameci Pizza & Pasta - Lake Forest,,#66C10,da9fe70c-b77e-4f0f-af7c-0bcd74e66c10,Delivery - Partner Using Uber App,Postmates iOS,Completed,2/12/22,7:43 PM,31.97,2.48,34.45,0,0,0,0,0,0,0,0,34.45,-6.07,0,0,0,0,0,,0,-2.48,0,25.9,2/15/22,0,0,19,HQAMCDDEOAPFTEV
Ameci Pizza & Pasta - Lake Forest,,#16448,de5d91bb-8a7f-4cf6-b4d7-67677dd16448,Pickup,Postmates iOS,Completed,2/12/22,6:48 PM,40.7,3.15,43.85,0,0,0,0,0,0,0,0,43.85,-4.07,0,0,0,0,0,,0,-3.15,0,36.63,2/15/22,0,0,10,HQAMCDDEOAPFTEV
Ameci Pizza & Pasta - Lake Forest,,#93F71,ac107fd3-64f2-4788-aefe-25079f893f71,Delivery - Partner Using Uber App,UberEats iOS,Completed,2/12/22,7:54 PM,35.95,2.79,38.74,0,0,0,0,0,0,0,0,38.74,-6.83,0,0,0,0,0,,0,-2.79,0,29.12,2/15/22,0,0,19,HQAMCDDEOAPFTEV
Ameci Pizza & Pasta - Lake Forest,,#9E0D3,f3dd8f11-a647-44aa-9442-21ecfb49e0d3,Delivery - Partner Using Uber App,Postmates iOS,Completed,2/12/22,7:46 PM,44.45,3.44,47.89,0,0,0,0,0,0,0,0,47.89,-8.45,0,0,0,0,0,,0,-3.44,0,36,2/15/22,0,0,19,HQAMCDDEOAPFTEV
Ameci Pizza & Pasta - Lake Forest,,#55764,1497c27f-e0c5-457c-a546-f4f5ef055764,Delivery - Partner Using Uber App,Postmates iOS,Completed,2/12/22,8:50 PM,39.95,3.1,43.05,0,0,0,0,0,0,0,0,43.05,-7.59,0,0,0,0,0,,0,-3.1,0,32.36,2/15/22,0,0,19,HQAMCDDEOAPFTEV
Ameci Pizza & Pasta - Lake Forest,,#D1649,fabb4efa-2696-40df-aea5-788c5dcd1649,Delivery - Partner Using Uber App,UberEats iOS,Completed,2/12/22,8:42 PM,14.97,1.16,16.13,0,0,0,0,0,0,0,0,16.13,-2.84,0,0,0,0,0,,0,-1.16,0,12.13,2/15/22,0,0,19,HQAMCDDEOAPFTEV
Ameci Pizza & Pasta - Lake Forest,,#25B57,1426cc6c-d527-4bf0-afae-a53366d25b57,Delivery - Partner Using Uber App,Postmates iOS,Completed,2/12/22,8:59 PM,20.98,1.63,22.61,0,0,0,0,0,0,0,0,22.61,-3.99,0,0,0,0,0,,0,-1.63,0,16.99,2/15/22,0,0,19,HQAMCDDEOAPFTEV
Ameci Pizza & Pasta - Lake Forest,,#E43D5,fe49888e-df7e-4933-a87e-dada174e43d5,Delivery - Partner Using Uber App,UberEats Android,Completed,2/13/22,10:46 AM,49.71,3.85,53.56,0,0,0,0,0,0,0,0,53.56,-9.44,0,0,0,0,0,,0,-3.85,0,40.27,2/15/22,0,0,19,HQAMCDDEOAPFTEV
Ameci Pizza & Pasta - Lake Forest,,#485DB,bd5cda8c-63bd-40e1-802b-dfbf27b485db,Delivery - Partner Using Uber App,UberEats iOS,Completed,2/13/22,1:35 PM,33.47,2.59,36.06,0,0,0,0,0,0,0,0,36.06,-6.36,0,0,0,0,0,,0,-2.59,0,27.11,2/15/22,0,0,19,HQAMCDDEOAPFTEV
Ameci Pizza & Pasta - Lake Forest,,#11EAC,130d35b9-23c6-4ab7-8465-bb58e2111eac,Delivery - Partner Using Uber App,UberEats iOS,Completed,2/13/22,1:47 PM,31.22,2.42,33.64,0,0,0,0,0,0,0,0,33.64,-5.93,0,0,0,0,0,,0,-2.42,0,25.29,2/15/22,0,0,19,HQAMCDDEOAPFTEV
Ameci Pizza & Pasta - Lake Forest,,#303A5,05188d86-c3d0-4225-9e15-a503527303a5,Delivery - Partner Using Uber App,Postmates iOS,Completed,2/13/22,1:54 PM,35.47,2.75,38.22,0,0,0,0,0,0,0,0,38.22,-6.74,0,0,0,0,0,,0,-2.75,0,28.73,2/15/22,0,0,19,HQAMCDDEOAPFTEV
Ameci Pizza & Pasta - Lake Forest,,#E2124,c8b3a4d5-b165-4f68-932d-edd89b0e2124,Delivery - Partner Using Uber App,Postmates Android,Completed,2/13/22,2:43 PM,30.94,2.4,33.34,0,0,0,0,0,0,0,0,33.34,-5.88,0,0,0,0,0,,0,-2.4,0,25.06,2/15/22,0,0,19,HQAMCDDEOAPFTEV
Ameci Pizza & Pasta - Lake Forest,,#26422,4d664cf6-750b-4a24-9fe2-50f17c026422,Delivery - Partner Using Uber App,Postmates iOS,Completed,2/13/22,3:47 PM,49.71,3.85,53.56,0,0,0,0,0,0,0,0,53.56,-9.44,0,0,0,0,0,,0,-3.85,0,40.27,2/15/22,0,0,19,HQAMCDDEOAPFTEV
Ameci Pizza & Pasta - Lake Forest,,#07A90,28e0fcd6-a0c9-4b9c-b525-95be33a07a90,Delivery - Partner Using Uber App,UberEats Android,Completed,2/13/22,3:48 PM,44.94,3.48,48.42,0,0,0,0,0,0,0,0,48.42,-8.54,0,0,0,0,0,,0,-3.48,0,36.4,2/15/22,0,0,19,HQAMCDDEOAPFTEV
Ameci Pizza & Pasta - Lake Forest,,#326CD,e6054df9-51b5-4b89-a74b-e87e679326cd,Delivery - Partner Using Uber App,Postmates Web,Completed,2/13/22,4:18 PM,69.44,5.38,74.82,0,0,0,0,0,0,0,0,74.82,-13.19,0,0,0,0,0,,0,-5.38,0,56.25,2/15/22,0,0,19,HQAMCDDEOAPFTEV
Ameci Pizza & Pasta - Lake Forest,,#F4C70,012e6399-e81e-46db-a905-0fdc656f4c70,Pickup,UberEats iOS,Completed,2/13/22,3:35 PM,15.98,1.24,17.22,0,0,0,0,0,0,0,0,17.22,-0.96,0,0,0,0,0,,0,-1.24,0,15.02,2/15/22,0,0,6,HQAMCDDEOAPFTEV
Ameci Pizza & Pasta - Lake Forest,,#5856E,9cc761d0-8ff2-41b6-8fcd-18810575856e,Pickup,UberEats Web,Completed,2/13/22,3:36 PM,11.99,0.93,12.92,0,0,0,0,0,0,0,0,12.92,-0.72,0,0,0,0,0,,0,-0.93,0,11.27,2/15/22,0,0,6,HQAMCDDEOAPFTEV
Ameci Pizza & Pasta - Lake Forest,,#B88DB,39a38bfa-c43f-4a0b-bd46-06c3976b88db,Delivery - Partner Using Uber App,UberEats iOS,Completed,2/13/22,4:10 PM,16.73,1.3,18.03,0,0,0,0,0,0,0,0,18.03,-3.18,0,0,0,0,0,,0,-1.3,0,13.55,2/15/22,0,0,19,HQAMCDDEOAPFTEV
Ameci Pizza & Pasta - Lake Forest,,#1E76E,8bffdeaf-0b25-45e7-b410-79648471e76e,Delivery - Partner Using Uber App,Postmates iOS,Completed,2/13/22,4:56 PM,15.98,1.24,17.22,0,0,0,0,0,0,0,0,17.22,-3.04,0,0,0,0,0,,0,-1.24,0,12.94,2/15/22,0,0,19,HQAMCDDEOAPFTEV
Ameci Pizza & Pasta - Lake Forest,,#ABD5F,c6bd0683-a082-47e7-9a57-cf24994abd5f,Delivery - Partner Using Uber App,UberEats Web,Completed,2/13/22,6:29 PM,15.74,1.22,16.96,0,0,0,0,0,0,0,0,16.96,-2.99,0,0,0,0,0,,0,-1.22,0,12.75,2/15/22,0,0,19,HQAMCDDEOAPFTEV
Ameci Pizza & Pasta - Lake Forest,,#6CDDB,06c61c33-eced-4c5a-9e18-f9e17b06cddb,Delivery - Partner Using Uber App,Postmates iOS,Completed,2/13/22,6:21 PM,62.18,4.82,67,0,0,0,0,0,0,0,0,67,-11.81,0,0,0,0,0,,0,-4.82,0,50.37,2/15/22,0,0,19,HQAMCDDEOAPFTEV
Ameci Pizza & Pasta - Lake Forest,,#116B2,b303a786-0bb8-40a5-9f7e-5acf71a116b2,Delivery - Partner Using Uber App,UberEats Web,Completed,2/13/22,6:32 PM,25.94,2.01,27.95,0,0,0,0,0,0,0,0,27.95,-4.93,0,0,0,0,0,,0,-2.01,0,21.01,2/15/22,0,0,19,HQAMCDDEOAPFTEV
Ameci Pizza & Pasta - Lake Forest,,#AB34D,341985ec-50e2-44fc-86c5-3aa60e5ab34d,Pickup,UberEats iOS,Completed,2/13/22,7:35 PM,34.76,2.69,37.45,0,0,0,0,0,0,0,0,37.45,-2.09,0,0,0,0,0,,0,-2.69,0,32.67,2/15/22,0,0,6,HQAMCDDEOAPFTEV
Ameci Pizza & Pasta - Lake Forest,,#B46E2,b9610823-5ea5-44ac-aff3-f413a42b46e2,Delivery - Partner Using Uber App,UberEats iOS,Completed,2/13/22,9:08 PM,36.94,2.86,39.8,0,0,0,0,0,0,0,0,39.8,-7.02,0,0,0,0,0,,0,-2.86,0,29.92,2/15/22,0,0,19,HQAMCDDEOAPFTEV
Ameci Pizza & Pasta - Lake Forest,,#C8423,6c2bfce2-385c-4749-9622-d2a036dc8423,Delivery - Partner Using Uber App,UberEats iOS,Completed,2/13/22,9:15 PM,11.74,0.91,12.65,0,0,0,0,0,0,0,0,12.65,-2.23,0,0,0,0,0,,0,-0.91,0,9.51,2/15/22,0,0,19,HQAMCDDEOAPFTEV
Ameci Pizza & Pasta - Lake Forest,,#D9E5C,f2290ef1-0060-4420-b5c5-637e4f7d9e5c,Delivery - Partner Using Uber App,UberEats Web,Completed,2/13/22,9:33 PM,24.96,1.93,26.89,0,0,0,0,0,0,0,0,26.89,-4.74,0,0,0,0,0,,0,-1.93,0,20.22,2/15/22,0,0,19,HQAMCDDEOAPFTEV
Ameci Pizza & Pasta - Lake Forest,,#22A51,d18e0710-03f3-4177-805d-6bd984c22a51,Delivery - Partner Using Uber App,Postmates iOS,Completed,2/14/22,2:54 PM,18.11,1.4,19.51,0,0,0,0,0,0,0,0,19.51,-3.44,0,0,0,0,0,,0,-1.4,0,14.67,2/23/22,0,0,19,XHYG3A9N3IDAB26
Ameci Pizza & Pasta - Lake Forest,,#31D29,ee6d183e-5c48-49d5-af02-293ad1431d29,Delivery - Partner Using Uber App,UberEats iOS,Completed,2/14/22,4:20 PM,50.7,3.93,54.63,0,0,0,0,0,0,0,0,54.63,-9.63,0,0,0,0,0,,0,-3.93,0,41.07,2/23/22,0,0,19,XHYG3A9N3IDAB26
Ameci Pizza & Pasta - Lake Forest,,#D0250,d8c22f46-5855-4719-bf9d-d88110fd0250,Delivery - Partner Using Uber App,UberEats Android,Completed,2/14/22,3:52 PM,52.68,4.08,56.76,0,0,0,0,0,0,0,0,56.76,-10.01,0,0,0,0,0,,0,-4.08,0,42.67,2/23/22,0,0,19,XHYG3A9N3IDAB26
Ameci Pizza & Pasta - Lake Forest,,#48B26,586d8f08-2052-4775-b580-038613b48b26,Delivery - Partner Using Uber App,UberEats iOS,Completed,2/14/22,4:38 PM,48.97,3.8,52.77,0,0,0,0,0,0,0,0,52.77,-9.3,0,0,0,0,0,,0,-3.8,0,39.67,2/23/22,0,0,19,XHYG3A9N3IDAB26
Ameci Pizza & Pasta - Lake Forest,,#5897B,c1f367aa-ba43-4e04-8104-b91b9655897b,Delivery - Partner Using Uber App,Postmates iOS,Completed,2/14/22,5:23 PM,22.98,1.78,24.76,0,0,0,0,0,0,0,0,24.76,-4.37,0,0,0,0,0,,0,-1.78,0,18.61,2/23/22,0,0,19,XHYG3A9N3IDAB26
Ameci Pizza & Pasta - Lake Forest,,#7C67A,b0da1533-6baf-4c89-9f87-4ff99c07c67a,Delivery - Partner Using Uber App,UberEats iOS,Completed,2/14/22,5:06 PM,27.71,2.15,29.86,0,0,0,0,0,0,0,0,29.86,-5.26,0,0,0,0,0,,0,-2.15,0,22.45,2/23/22,0,0,19,XHYG3A9N3IDAB26
Ameci Pizza & Pasta - Lake Forest,,#1B646,a8bb0a5b-a124-4caa-969b-647ff601b646,Delivery - Partner Using Uber App,UberEats iOS,Completed,2/14/22,6:00 PM,54.94,4.26,59.2,0,0,0,0,0,0,0,0,59.2,-10.44,0,0,0,0,0,,0,-4.26,0,44.5,2/23/22,0,0,19,XHYG3A9N3IDAB26
Ameci Pizza & Pasta - Lake Forest,,,,,Unknown,,,,0,0,0,0,0,0,0,0,0,0,0,0,0,0,0,0,0,0,Restaurant refunds,39.28,0,0,39.28,2/23/22,0,0,,XHYG3A9N3IDAB26
Ameci Pizza & Pasta - Lake Forest,,#B8128,b05f1814-06e7-410f-a005-8b5c530b8128,Delivery - Partner Using Uber App,Postmates Android,Completed,2/14/22,6:18 PM,40.49,3.14,43.63,0,0,0,0,0,0,0,0,43.63,-7.69,0,0,0,0,0,,0,-3.14,0,32.8,2/23/22,0,0,19,XHYG3A9N3IDAB26
Ameci Pizza & Pasta - Lake Forest,,#EAAFD,2024b50d-3741-465f-abe7-937dc01eaafd,Delivery - Partner Using Uber App,Postmates iOS,Completed,2/14/22,6:35 PM,44.96,3.48,48.44,0,0,0,0,0,0,0,0,48.44,-8.54,0,0,0,0,0,,0,-3.48,0,36.42,2/23/22,0,0,19,XHYG3A9N3IDAB26
Ameci Pizza & Pasta - Lake Forest,,#1B994,0866240f-8c73-466c-9258-e5688291b994,Delivery - Partner Using Uber App,Postmates iOS,Completed,2/14/22,6:09 PM,36.95,2.86,39.81,0,0,0,0,0,0,0,0,39.81,-7.02,0,0,0,0,0,,0,-2.86,0,29.93,2/23/22,0,0,19,XHYG3A9N3IDAB26
Ameci Pizza & Pasta - Lake Forest,,#2D62C,1887943b-bf31-47fb-aa17-2ced21d2d62c,Delivery - Partner Using Uber App,UberEats iOS,Completed,2/14/22,6:23 PM,152.79,11.84,164.63,0,0,0,0,0,0,0,0,164.63,-29.03,0,0,0,0,0,,0,-11.84,0,123.76,2/23/22,0,0,19,XHYG3A9N3IDAB26
Ameci Pizza & Pasta - Lake Forest,,#542F6,20bebb79-661f-4cb6-9107-3a9d3fd542f6,Delivery - Partner Using Uber App,UberEats Web,Completed,2/14/22,6:21 PM,22.98,1.78,24.76,0,0,0,0,0,0,0,0,24.76,-4.37,0,0,0,0,0,,0,-1.78,0,18.61,2/23/22,0,0,19,XHYG3A9N3IDAB26
Ameci Pizza & Pasta - Lake Forest,,#6536F,71d3f1d5-43a4-4902-94ce-df95b426536f,Delivery - Partner Using Uber App,UberEats iOS,Completed,2/14/22,7:59 PM,10.99,0.85,11.84,0,0,0,0,0,0,0,0,11.84,-2.09,0,0,0,0,0,,0,-0.85,0,8.9,2/23/22,0,0,19,XHYG3A9N3IDAB26
Ameci Pizza & Pasta - Lake Forest,,#37E08,92cfc469-5c48-4cd2-b472-ac6b8a037e08,Delivery - Partner Using Uber App,UberEats iOS,Completed,2/14/22,8:20 PM,29.23,2.27,31.5,0,0,0,0,0,0,0,0,31.5,-5.55,0,0,0,0,0,,0,-2.27,0,23.68,2/23/22,0,0,19,XHYG3A9N3IDAB26
Ameci Pizza & Pasta - Lake Forest,,#2C0A3,7a62ca06-e19f-4fe3-b329-5ea9c1a2c0a3,Delivery - Partner Using Uber App,UberEats Android,Completed,2/14/22,9:30 PM,11.99,0.93,12.92,0,0,0,0,0,0,0,0,12.92,-2.28,0,0,0,0,0,,0,-0.93,0,9.71,2/23/22,0,0,19,XHYG3A9N3IDAB26
Ameci Pizza & Pasta - Lake Forest,,,,,Unknown,,,,0,0,0,0,0,0,0,0,0,0,0,0,0,0,0,0,0,0,Restaurant refunds,30.96,0,0,30.96,2/23/22,0,0,,XHYG3A9N3IDAB26
Ameci Pizza & Pasta - Lake Forest,,#3217A,3b0deda4-e062-4ee9-8958-0fbf87f3217a,Delivery - Partner Using Uber App,UberEats iOS,Completed,2/15/22,10:35 AM,23.98,1.86,25.84,0,0,0,0,0,0,0,0,25.84,-4.56,0,0,0,0,0,,0,-1.86,0,19.42,2/23/22,0,0,19,XHYG3A9N3IDAB26
Ameci Pizza & Pasta - Lake Forest,,#4E581,38847564-a800-49d3-bdaa-b27bbe24e581,Delivery - Partner Using Uber App,UberEats iOS,Completed,2/15/22,11:10 AM,43.19,3.35,46.54,0,0,0,0,0,0,0,0,46.54,-8.21,0,0,0,0,0,,0,-3.35,0,34.98,2/23/22,0,0,19,XHYG3A9N3IDAB26
Ameci Pizza & Pasta - Lake Forest,,#3B442,75e4f31e-e77d-4047-8c41-28b285c3b442,Delivery - Partner Using Uber App,UberEats Web,Completed,2/15/22,11:37 AM,33.98,2.63,36.61,0,0,0,0,0,0,0,0,36.61,-6.46,0,0,0,0,0,,0,-2.63,0,27.52,2/23/22,0,0,19,XHYG3A9N3IDAB26
Ameci Pizza & Pasta - Lake Forest,,#831C4,a9e60725-f18f-4f1d-adc9-03b4a21831c4,Delivery - Partner Using Uber App,UberEats iOS,Completed,2/15/22,12:34 PM,14.99,1.16,16.15,0,0,0,0,0,0,0,0,16.15,-2.85,0,0,0,0,0,,0,-1.16,0,12.14,2/23/22,0,0,19,XHYG3A9N3IDAB26
Ameci Pizza & Pasta - Lake Forest,,#14384,870ccdce-3db3-4c72-a72d-ca8424714384,Delivery - Partner Using Uber App,UberEats iOS,Completed,2/15/22,1:28 PM,32.3,2.5,34.8,0,0,0,0,0,0,0,0,34.8,-6.14,0,0,0,0,0,,0,-2.5,0,26.16,2/23/22,0,0,19,XHYG3A9N3IDAB26
Ameci Pizza & Pasta - Lake Forest,,#C47E0,7c4e5f47-5459-41dd-a955-52eabe1c47e0,Delivery - Partner Using Uber App,UberEats iOS,Completed,2/15/22,5:13 PM,22.98,1.78,24.76,0,0,0,0,0,0,0,0,24.76,-4.37,0,0,0,0,0,,0,-1.78,0,18.61,2/23/22,0,0,19,XHYG3A9N3IDAB26
Ameci Pizza & Pasta - Lake Forest,,#7F60D,41bec240-54de-423a-a48f-dfbc8d97f60d,Delivery - Partner Using Uber App,Postmates iOS,Completed,2/15/22,5:39 PM,59.68,4.63,64.31,0,0,0,0,0,0,0,0,64.31,-11.34,0,0,0,0,0,,0,-4.63,0,48.34,2/23/22,0,0,19,XHYG3A9N3IDAB26
Ameci Pizza & Pasta - Lake Forest,,#3DD34,be1ed4bf-d718-43ba-bdc6-d1f758d3dd34,Delivery - Partner Using Uber App,Postmates iOS,Completed,2/15/22,5:43 PM,43.71,3.39,47.1,0,0,0,0,0,0,0,0,47.1,-8.3,0,0,0,0,0,,0,-3.39,0,35.41,2/23/22,0,0,19,XHYG3A9N3IDAB26
Ameci Pizza & Pasta - Lake Forest,,#8C9FD,99765851-5416-4340-8ccb-3c6b4c08c9fd,Delivery - Partner Using Uber App,UberEats iOS,Completed,2/15/22,6:47 PM,28.47,2.21,30.68,0,0,0,0,0,0,0,0,30.68,-5.41,0,0,0,0,0,,0,-2.21,0,23.06,2/23/22,0,0,19,XHYG3A9N3IDAB26
Ameci Pizza & Pasta - Lake Forest,,#CD510,b5eb1bc3-9672-4f5a-92fe-799620fcd510,Delivery - Partner Using Uber App,UberEats iOS,Completed,2/15/22,7:02 PM,49.68,3.85,53.53,0,0,0,0,0,0,0,0,53.53,-9.44,0,0,0,0,0,,0,-3.85,0,40.24,2/23/22,0,0,19,XHYG3A9N3IDAB26
Ameci Pizza & Pasta - Lake Forest,,#D4587,787ee95e-cfa5-40f2-a537-40d8868d4587,Delivery - Partner Using Uber App,UberEats Web,Completed,2/15/22,7:09 PM,25.97,2.01,27.98,0,0,0,0,0,0,0,0,27.98,-4.93,0,0,0,0,0,,0,-2.01,0,21.04,2/23/22,0,0,19,XHYG3A9N3IDAB26
Ameci Pizza & Pasta - Lake Forest,,#822E5,7b2490a5-7f05-434f-983b-d7d0637822e5,Pickup,UberEats iOS,Completed,2/15/22,6:28 PM,20.77,1.61,22.38,0,0,0,0,0,0,0,0,22.38,-1.25,0,0,0,0,0,,0,-1.61,0,19.52,2/23/22,0,0,6,XHYG3A9N3IDAB26
Ameci Pizza & Pasta - Lake Forest,,#C3BC6,0a86edaa-3dc9-4982-9c7e-9b6067ec3bc6,Delivery - Partner Using Uber App,UberEats iOS,Completed,2/15/22,7:11 PM,44.3,3.43,47.73,0,0,0,0,0,0,0,0,47.73,-8.42,0,0,0,0,0,,0,-3.43,0,35.88,2/23/22,0,0,19,XHYG3A9N3IDAB26
Ameci Pizza & Pasta - Lake Forest,,#0D777,323d96ad-a5df-4f60-be34-c93f0600d777,Delivery - Partner Using Uber App,UberEats iOS,Completed,2/15/22,8:24 PM,20.98,1.63,22.61,0,0,0,0,0,0,0,0,22.61,-3.99,0,0,0,0,0,,0,-1.63,0,16.99,2/23/22,0,0,19,XHYG3A9N3IDAB26
Ameci Pizza & Pasta - Lake Forest,,#FBC2E,a13d8777-5100-46be-a73d-895aaa1fbc2e,Delivery - Partner Using Uber App,UberEats iOS,Completed,2/15/22,8:32 PM,11.99,0.93,12.92,0,0,0,0,0,0,0,0,12.92,-2.28,0,0,0,0,0,,0,-0.93,0,9.71,2/23/22,0,0,19,XHYG3A9N3IDAB26
Ameci Pizza & Pasta - Lake Forest,,#B4FC2,8359e66c-16d0-4eed-b70a-e497fc2b4fc2,Delivery - Partner Using Uber App,UberEats iOS,Completed,2/15/22,8:51 PM,11.99,0.93,12.92,0,0,0,0,0,0,0,0,12.92,-2.28,0,0,0,0,0,,0,-0.93,0,9.71,2/23/22,0,0,19,XHYG3A9N3IDAB26
Ameci Pizza & Pasta - Lake Forest,,#00B07,a3353d6e-ed93-4a55-a44b-d3a5e7100b07,Delivery - Partner Using Uber App,UberEats Android,Completed,2/16/22,12:12 PM,12.48,0.97,13.45,0,0,0,0,0,0,0,0,13.45,-2.37,0,0,0,0,0,,0,-0.97,0,10.11,2/23/22,0,0,19,XHYG3A9N3IDAB26
Ameci Pizza & Pasta - Lake Forest,,#1AD5D,c83650ae-a7c4-425b-8a24-f61f0d31ad5d,Delivery - Partner Using Uber App,UberEats iOS,Completed,2/16/22,1:05 PM,11.99,0.93,12.92,0,0,0,0,0,0,0,0,12.92,-2.28,0,0,0,0,0,,0,-0.93,0,9.71,2/23/22,0,0,19,XHYG3A9N3IDAB26
Ameci Pizza & Pasta - Lake Forest,,#744F9,99d40132-fcca-434b-a825-8598e93744f9,Delivery - Partner Using Uber App,UberEats Web,Completed,2/16/22,6:05 PM,38.91,3.02,41.93,0,0,0,0,0,0,0,0,41.93,-7.39,0,0,0,0,0,,0,-3.02,0,31.52,2/23/22,0,0,19,XHYG3A9N3IDAB26
Ameci Pizza & Pasta - Lake Forest,,#B2973,caec9869-b7be-4239-88aa-74db0c2b2973,Delivery - Partner Using Uber App,UberEats iOS,Completed,2/16/22,6:38 PM,42.21,3.27,45.48,0,0,0,0,0,0,0,0,45.48,-8.02,0,0,0,0,0,,0,-3.27,0,34.19,2/23/22,0,0,19,XHYG3A9N3IDAB26
Ameci Pizza & Pasta - Lake Forest,,#B67D4,08a6abde-246d-40c4-84ef-0a87119b67d4,Delivery - Partner Using Uber App,UberEats iOS,Completed,2/16/22,7:57 PM,11.99,0.93,12.92,0,0,0,0,0,0,0,0,12.92,-2.28,0,0,0,0,0,,0,-0.93,0,9.71,2/23/22,0,0,19,XHYG3A9N3IDAB26
Ameci Pizza & Pasta - Lake Forest,,#09F71,a7782a98-914c-441f-8458-477267109f71,Delivery - Partner Using Uber App,UberEats iOS,Completed,2/16/22,8:29 PM,19.52,1.51,21.03,0,0,0,0,0,0,0,0,21.03,-3.71,0,0,0,0,0,,0,-1.51,0,15.81,2/23/22,0,0,19,XHYG3A9N3IDAB26
Ameci Pizza & Pasta - Lake Forest,,#8B317,41181e9a-90c1-4b90-a8b3-8fd1ffe8b317,Delivery - Partner Using Uber App,UberEats Web,Completed,2/17/22,12:32 PM,26.98,2.09,29.07,0,0,0,0,0,0,0,0,29.07,-5.13,0,0,0,0,0,,0,-2.09,0,21.85,2/23/22,0,0,19,XHYG3A9N3IDAB26
Ameci Pizza & Pasta - Lake Forest,,#7EEF5,76311684-2d38-47b9-8fe9-ebab80d7eef5,Delivery - Partner Using Uber App,Postmates iOS,Completed,2/17/22,1:57 PM,37.56,2.91,40.47,0,0,0,0,0,0,0,0,40.47,-7.14,0,0,0,0,0,,0,-2.91,0,30.42,2/23/22,0,0,19,XHYG3A9N3IDAB26
Ameci Pizza & Pasta - Lake Forest,,#E3378,1c5db9b1-8961-4911-b7f6-f414161e3378,Delivery - Partner Using Uber App,UberEats iOS,Completed,2/17/22,5:53 PM,32.97,2.56,35.53,0,0,0,0,0,0,0,0,35.53,-6.26,0,0,0,0,0,,0,-2.56,0,26.71,2/23/22,0,0,19,XHYG3A9N3IDAB26
Ameci Pizza & Pasta - Lake Forest,,#2E2B1,ff1a60df-4207-4426-a509-65d28382e2b1,Delivery - Partner Using Uber App,Postmates iOS,Completed,2/17/22,7:13 PM,26.06,2.02,28.08,0,0,0,0,0,0,0,0,28.08,-4.95,0,0,0,0,0,,0,-2.02,0,21.11,2/23/22,0,0,19,XHYG3A9N3IDAB26
Ameci Pizza & Pasta - Lake Forest,,#34F9B,677695f6-719f-404e-a9a1-19e445b34f9b,Delivery - Partner Using Uber App,Postmates iOS,Completed,2/17/22,7:49 PM,60.2,4.67,64.87,0,0,0,0,0,0,0,0,64.87,-11.44,0,0,0,0,0,,0,-4.67,0,48.76,2/23/22,0,0,19,XHYG3A9N3IDAB26
Ameci Pizza & Pasta - Lake Forest,,#BD3D1,1ff09043-8d45-45bc-9280-249581ebd3d1,Delivery - Partner Using Uber App,UberEats Android,Completed,2/17/22,8:30 PM,14.98,1.16,16.14,0,0,0,0,0,0,0,0,16.14,-2.85,0,0,0,0,0,,0,-1.16,0,12.13,2/23/22,0,0,19,XHYG3A9N3IDAB26
Ameci Pizza & Pasta - Lake Forest,,#58325,8f414f4b-094b-420e-b4ee-f8da19058325,Delivery - Partner Using Uber App,UberEats iOS,Completed,2/17/22,8:35 PM,11.99,0.93,12.92,0,0,0,0,0,0,0,0,12.92,-2.28,0,0,0,0,0,,0,-0.93,0,9.71,2/23/22,0,0,19,XHYG3A9N3IDAB26
Ameci Pizza & Pasta - Lake Forest,,#54351,9946cc31-0d68-4090-920d-611a29a54351,Delivery - Partner Using Uber App,UberEats iOS,Completed,2/17/22,8:59 PM,19.74,1.53,21.27,0,0,0,0,0,0,0,0,21.27,-3.75,0,0,0,0,0,,0,-1.53,0,15.99,2/23/22,0,0,19,XHYG3A9N3IDAB26
Ameci Pizza & Pasta - Lake Forest,,#28C19,6bce0231-0e40-4fbe-abce-4661b1628c19,Delivery - Partner Using Uber App,Postmates Android,Completed,2/17/22,9:28 PM,10.99,0.85,11.84,0,0,0,0,0,0,0,0,11.84,-2.09,0,0,0,0,0,,0,-0.85,0,8.9,2/23/22,0,0,19,XHYG3A9N3IDAB26
Ameci Pizza & Pasta - Lake Forest,,#B743B,5286eb87-1a5b-4e3a-ae8f-95f324db743b,Delivery - Partner Using Uber App,UberEats iOS,Completed,2/17/22,9:40 PM,20.98,1.63,22.61,0,0,0,0,0,0,0,0,22.61,-3.99,0,0,0,0,0,,0,-1.63,0,16.99,2/23/22,0,0,19,XHYG3A9N3IDAB26
Ameci Pizza & Pasta - Lake Forest,,#A9471,f2a5dd27-dca9-4df7-8f11-7f8f307a9471,Delivery - Partner Using Uber App,UberEats iOS,Completed,2/17/22,9:26 PM,18.37,1.2,19.57,0,0,0,0,0,0,0,0,19.57,-3.49,0,0,0,0,0,,0,-1.2,0,14.88,2/23/22,0,0,19,XHYG3A9N3IDAB26
Ameci Pizza & Pasta - Lake Forest,,#4D832,24b5fe9c-5fa8-4f5a-bd1c-b005d1b4d832,Delivery - Partner Using Uber App,UberEats iOS,Completed,2/18/22,11:15 AM,38.97,3.02,41.99,0,0,0,0,0,0,0,0,41.99,-7.4,0,0,0,0,0,,0,-3.02,0,31.57,2/23/22,0,0,19,XHYG3A9N3IDAB26
Ameci Pizza & Pasta - Lake Forest,,#03F48,337b6b4b-58c7-4e68-88bf-f57ef2903f48,Delivery - Partner Using Uber App,UberEats Android,Completed,2/18/22,12:24 PM,54.19,4.2,58.39,0,0,0,0,0,0,0,0,58.39,-10.3,0,0,0,0,0,,0,-4.2,0,43.89,2/23/22,0,0,19,XHYG3A9N3IDAB26
Ameci Pizza & Pasta - Lake Forest,,#3235E,b5c5dd9b-a2ff-4a08-9626-c82c3333235e,Delivery - Partner Using Uber App,UberEats iOS,Completed,2/18/22,4:17 PM,11.99,0.93,12.92,0,0,0,0,0,0,0,0,12.92,-2.28,0,0,0,0,0,,0,-0.93,0,9.71,2/23/22,0,0,19,XHYG3A9N3IDAB26
Ameci Pizza & Pasta - Lake Forest,,#C67D1,202b9ac6-9884-4104-b956-d9e494dc67d1,Delivery - Partner Using Uber App,UberEats iOS,Completed,2/18/22,4:39 PM,59.72,4.63,64.35,0,0,0,0,0,0,0,0,64.35,-11.35,0,0,0,0,0,,0,-4.63,0,48.37,2/23/22,0,0,19,XHYG3A9N3IDAB26
Ameci Pizza & Pasta - Lake Forest,,#53294,cf837fd0-de5f-46d2-82b9-829acee53294,Delivery - Partner Using Uber App,UberEats iOS,Completed,2/18/22,6:33 PM,39.97,3.1,43.07,0,0,0,0,0,0,0,0,43.07,-7.59,0,0,0,0,0,,0,-3.1,0,32.38,2/23/22,0,0,19,XHYG3A9N3IDAB26
Ameci Pizza & Pasta - Lake Forest,,#E8899,851c4883-d058-45cb-9581-545b4ace8899,Delivery - Partner Using Uber App,UberEats iOS,Completed,2/18/22,6:34 PM,36.96,2.86,39.82,0,0,0,0,0,0,0,0,39.82,-7.02,0,0,0,0,0,,0,-2.86,0,29.94,2/23/22,0,0,19,XHYG3A9N3IDAB26
Ameci Pizza & Pasta - Lake Forest,,#EB156,91a1d5a1-0538-48ce-b21a-ddc4054eb156,Delivery - Partner Using Uber App,UberEats Web,Completed,2/18/22,6:48 PM,88.89,6.89,95.78,0,0,0,0,0,0,0,0,95.78,-16.89,0,0,0,0,0,,0,-6.89,0,72,2/23/22,0,0,19,XHYG3A9N3IDAB26
Ameci Pizza & Pasta - Lake Forest,,#E86E3,a8e5529a-a5b8-4b4e-a897-1273c82e86e3,Delivery - Partner Using Uber App,UberEats iOS,Completed,2/18/22,7:12 PM,25.96,2.01,27.97,0,0,0,0,0,0,0,0,27.97,-4.93,0,0,0,0,0,,0,-2.01,0,21.03,2/23/22,0,0,19,XHYG3A9N3IDAB26
Ameci Pizza & Pasta - Lake Forest,,#B295B,ecd2a15a-1801-463b-b895-491c399b295b,Delivery - Partner Using Uber App,UberEats Android,Completed,2/18/22,6:54 PM,49.67,3.85,53.52,0,0,0,0,0,0,0,0,53.52,-9.44,0,0,0,0,0,,0,-3.85,0,40.23,2/23/22,0,0,19,XHYG3A9N3IDAB26
Ameci Pizza & Pasta - Lake Forest,,#42297,986b32d1-681f-4149-b820-2437a6d42297,Delivery - Partner Using Uber App,UberEats iOS,Completed,2/18/22,7:42 PM,18.99,1.47,20.46,0,0,0,0,0,0,0,0,20.46,-3.61,0,0,0,0,0,,0,-1.47,0,15.38,2/23/22,0,0,19,XHYG3A9N3IDAB26
Ameci Pizza & Pasta - Lake Forest,,#7B291,13eccabd-9481-47ff-9f28-031a9c97b291,Delivery - Partner Using Uber App,UberEats iOS,Completed,2/18/22,7:22 PM,43.98,3.41,47.39,0,0,0,0,0,0,0,0,47.39,-8.36,0,0,0,0,0,,0,-3.41,0,35.62,2/23/22,0,0,19,XHYG3A9N3IDAB26
Ameci Pizza & Pasta - Lake Forest,,#0EE61,cb55266d-2759-4ad0-9e68-96096430ee61,Delivery - Partner Using Uber App,UberEats iOS,Completed,2/18/22,7:31 PM,37.96,2.94,40.9,0,0,0,0,0,0,0,0,40.9,-7.21,0,0,0,0,0,,0,-2.94,0,30.75,2/23/22,0,0,19,XHYG3A9N3IDAB26
Ameci Pizza & Pasta - Lake Forest,,#ED67C,ef4efc13-029f-49bb-b83b-e7fc464ed67c,Delivery - Partner Using Uber App,UberEats Web,Completed,2/18/22,7:50 PM,24.73,1.92,26.65,0,0,0,0,0,0,0,0,26.65,-4.7,0,0,0,0,0,,0,-1.92,0,20.03,2/23/22,0,0,19,XHYG3A9N3IDAB26
Ameci Pizza & Pasta - Lake Forest,,#703A2,cfa338c1-fbdb-4bbb-abf7-b152d7f703a2,Delivery - Partner Using Uber App,UberEats Web,Completed,2/18/22,7:47 PM,17.73,1.37,19.1,0,0,0,0,0,0,0,0,19.1,-3.37,0,0,0,0,0,,0,-1.37,0,14.36,2/23/22,0,0,19,XHYG3A9N3IDAB26
Ameci Pizza & Pasta - Lake Forest,,#9101F,07338a54-9175-4b2b-a278-125eb1b9101f,Delivery - Partner Using Uber App,Postmates iOS,Completed,2/18/22,8:53 PM,43.96,3.41,47.37,0,0,0,0,0,0,0,0,47.37,-8.35,0,0,0,0,0,,0,-3.41,0,35.61,2/23/22,0,0,19,XHYG3A9N3IDAB26
Ameci Pizza & Pasta - Lake Forest,,#F1A25,35af4e0d-4495-447b-bde2-f4b84a1f1a25,Delivery - Partner Using Uber App,UberEats iOS,Completed,2/18/22,9:24 PM,22.23,1.72,23.95,0,0,0,0,0,0,0,0,23.95,-4.22,0,0,0,0,0,,0,-1.72,0,18.01,2/23/22,0,0,19,XHYG3A9N3IDAB26
Ameci Pizza & Pasta - Lake Forest,,#4C84B,b72ddfe6-9389-43db-aca9-5c8ac3f4c84b,Delivery - Partner Using Uber App,Postmates iOS,Completed,2/18/22,9:37 PM,61.68,4.78,66.46,0,0,0,0,0,0,0,0,66.46,-11.72,0,0,0,0,0,,0,-4.78,0,49.96,2/23/22,0,0,19,XHYG3A9N3IDAB26
Ameci Pizza & Pasta - Lake Forest,,#76A3D,68a01212-df93-4f3b-8b35-9810ede76a3d,Delivery - Partner Using Uber App,UberEats Web,Unfulfilled,2/19/22,3:38 PM,11.99,0.93,12.92,0,0,0,0,0,0,0,0,12.92,-2.28,0,0,0,0,0,,0,-0.93,0,9.71,2/23/22,0,0,19,XHYG3A9N3IDAB26
Ameci Pizza & Pasta - Lake Forest,,#5BC56,dc4501da-ee23-4048-a87b-fe7daa05bc56,Delivery - Partner Using Uber App,UberEats iOS,Completed,2/19/22,3:58 PM,11.99,0.93,12.92,0,0,0,0,0,0,0,0,12.92,-2.28,0,0,0,0,0,,0,-0.93,0,9.71,2/23/22,0,0,19,XHYG3A9N3IDAB26
Ameci Pizza & Pasta - Lake Forest,,#E8827,00b28bd8-a907-48cd-ae8f-72cfb29e8827,Delivery - Partner Using Uber App,UberEats iOS,Completed,2/19/22,4:58 PM,16.73,1.3,18.03,0,0,0,0,0,0,0,0,18.03,-3.18,0,0,0,0,0,,0,-1.3,0,13.55,2/23/22,0,0,19,XHYG3A9N3IDAB26
Ameci Pizza & Pasta - Lake Forest,,#3FDF7,c9e2feb7-948a-4211-addd-0d021123fdf7,Delivery - Partner Using Uber App,UberEats iOS,Completed,2/19/22,5:23 PM,14.73,1.14,15.87,0,0,0,0,0,0,0,0,15.87,-2.8,0,0,0,0,0,,0,-1.14,0,11.93,2/23/22,0,0,19,XHYG3A9N3IDAB26
Ameci Pizza & Pasta - Lake Forest,,#2AA3F,d82d3e81-f8f0-46fe-a98c-acfa3312aa3f,Delivery - Partner Using Uber App,UberEats Web,Completed,2/19/22,4:55 PM,18.99,1.47,20.46,0,0,0,0,0,0,0,0,20.46,-3.61,0,0,0,0,0,,0,-1.47,0,15.38,2/23/22,0,0,19,XHYG3A9N3IDAB26
Ameci Pizza & Pasta - Lake Forest,,#170C9,820b38b9-f981-452a-9704-78f3fcd170c9,Delivery - Partner Using Uber App,UberEats Android,Completed,2/19/22,5:42 PM,38.97,3.02,41.99,0,0,0,0,0,0,0,0,41.99,-7.4,0,0,0,0,0,,0,-3.02,0,31.57,2/23/22,0,0,19,XHYG3A9N3IDAB26
Ameci Pizza & Pasta - Lake Forest,,#5DDCF,d977b6b8-946f-4fa2-8d46-24451535ddcf,Delivery - Partner Using Uber App,UberEats iOS,Completed,2/19/22,6:37 PM,46.45,3.6,50.05,0,0,0,0,0,0,0,0,50.05,-8.83,0,0,0,0,0,,0,-3.6,0,37.62,2/23/22,0,0,19,XHYG3A9N3IDAB26
Ameci Pizza & Pasta - Lake Forest,,#9921F,f1f7f183-f74e-405b-873d-02e60d39921f,Delivery - Partner Using Uber App,Postmates iOS,Completed,2/19/22,8:11 PM,51.04,3.96,55,0,0,0,0,0,0,0,0,55,-9.7,0,0,0,0,0,,0,-3.96,0,41.34,2/23/22,0,0,19,XHYG3A9N3IDAB26
Ameci Pizza & Pasta - Lake Forest,,#8E01E,6400917d-6235-468f-aec3-79f98608e01e,Delivery - Partner Using Uber App,Postmates iOS,Completed,2/19/22,8:47 PM,22.98,1.78,24.76,0,0,0,0,0,0,0,0,24.76,-4.37,0,0,0,0,0,,0,-1.78,0,18.61,2/23/22,0,0,19,XHYG3A9N3IDAB26
Ameci Pizza & Pasta - Lake Forest,,#0ECB1,df99f9fc-15e2-4fcb-ae22-21beb9f0ecb1,Delivery - Partner Using Uber App,UberEats iOS,Completed,2/19/22,9:06 PM,27.98,2.17,30.15,0,0,0,0,0,0,0,0,30.15,-5.32,0,0,0,0,0,,0,-2.17,0,22.66,2/23/22,0,0,19,XHYG3A9N3IDAB26
Ameci Pizza & Pasta - Lake Forest,,#FECF4,251e32cb-b6f3-458d-93fe-d5d432bfecf4,Delivery - Partner Using Uber App,UberEats iOS,Completed,2/20/22,10:49 AM,31.96,2.48,34.44,0,0,0,0,0,0,0,0,34.44,-6.07,0,0,0,0,0,,0,-2.48,0,25.89,2/23/22,0,0,19,XHYG3A9N3IDAB26
Ameci Pizza & Pasta - Lake Forest,,#40E81,9f154179-9e66-40c1-9ae2-e683e6340e81,Delivery - Partner Using Uber App,UberEats iOS,Completed,2/20/22,1:27 PM,22.98,1.78,24.76,0,0,0,0,0,0,0,0,24.76,-4.37,0,0,0,0,0,,0,-1.78,0,18.61,2/23/22,0,0,19,XHYG3A9N3IDAB26
Ameci Pizza & Pasta - Lake Forest,,#A7713,b969b3e5-ee10-421f-8f21-6b8eb99a7713,Delivery - Partner Using Uber App,Postmates Android,Completed,2/20/22,1:43 PM,25.71,1.99,27.7,0,0,0,0,0,0,0,0,27.7,-4.88,0,0,0,0,0,,0,-1.99,0,20.83,2/23/22,0,0,19,XHYG3A9N3IDAB26
Ameci Pizza & Pasta - Lake Forest,,#08175,6823959b-853f-4442-9375-614a34b08175,Delivery - Partner Using Uber App,UberEats iOS,Completed,2/20/22,2:15 PM,35.76,2.77,38.53,0,0,0,0,0,0,0,0,38.53,-6.79,0,0,0,0,0,,0,-2.77,0,28.97,2/23/22,0,0,19,XHYG3A9N3IDAB26
Ameci Pizza & Pasta - Lake Forest,,#B3A09,c3749186-d9a3-40ac-9c27-fc25279b3a09,Delivery - Partner Using Uber App,UberEats iOS,Completed,2/20/22,3:10 PM,34.47,2.67,37.14,0,0,0,0,0,0,0,0,37.14,-6.55,0,0,0,0,0,,0,-2.67,0,27.92,2/23/22,0,0,19,XHYG3A9N3IDAB26
Ameci Pizza & Pasta - Lake Forest,,#2A66E,aab49001-1e3c-4f13-8e3d-baa2ba32a66e,Delivery - Partner Using Uber App,UberEats iOS,Completed,2/20/22,3:21 PM,20.72,1.61,22.33,0,0,0,0,0,0,0,0,22.33,-3.94,0,0,0,0,0,,0,-1.61,0,16.78,2/23/22,0,0,19,XHYG3A9N3IDAB26
Ameci Pizza & Pasta - Lake Forest,,#516B1,09d5ea35-f4d8-4c5a-82b3-e9ad126516b1,Delivery - Partner Using Uber App,UberEats iOS,Completed,2/20/22,3:41 PM,23.98,1.86,25.84,0,0,0,0,0,0,0,0,25.84,-4.56,0,0,0,0,0,,0,-1.86,0,19.42,2/23/22,0,0,19,XHYG3A9N3IDAB26
Ameci Pizza & Pasta - Lake Forest,,#F57D0,5470a680-453a-45d4-9b88-cb2a8daf57d0,Delivery - Partner Using Uber App,Postmates iOS,Completed,2/20/22,4:20 PM,17.73,1.37,19.1,0,0,0,0,0,0,0,0,19.1,-3.37,0,0,0,0,0,,0,-1.37,0,14.36,2/23/22,0,0,19,XHYG3A9N3IDAB26
Ameci Pizza & Pasta - Lake Forest,,#5FFB7,834bb66b-88e5-419b-ad8c-db5e12e5ffb7,Delivery - Partner Using Uber App,UberEats iOS,Completed,2/20/22,5:19 PM,23.98,1.86,25.84,0,0,0,0,0,0,0,0,25.84,-4.56,0,0,0,0,0,,0,-1.86,0,19.42,2/23/22,0,0,19,XHYG3A9N3IDAB26
Ameci Pizza & Pasta - Lake Forest,,#26B49,8faa872f-fda4-47ce-98e1-7445af326b49,Delivery - Partner Using Uber App,UberEats iOS,Completed,2/20/22,5:21 PM,26.72,2.07,28.79,0,0,0,0,0,0,0,0,28.79,-5.08,0,0,0,0,0,,0,-2.07,0,21.64,2/23/22,0,0,19,XHYG3A9N3IDAB26
Ameci Pizza & Pasta - Lake Forest,,#4861F,7937dd51-c65d-4bba-821d-e93af584861f,Delivery - Partner Using Uber App,Postmates iOS,Completed,2/20/22,5:37 PM,43.95,3.41,47.36,0,0,0,0,0,0,0,0,47.36,-8.35,0,0,0,0,0,,0,-3.41,0,35.6,2/23/22,0,0,19,XHYG3A9N3IDAB26
Ameci Pizza & Pasta - Lake Forest,,#3215F,f839e319-6805-4e5c-b2bc-7f57de73215f,Delivery - Partner Using Uber App,Postmates iOS,Completed,2/20/22,5:56 PM,50.47,3.91,54.38,0,0,0,0,0,0,0,0,54.38,-9.59,0,0,0,0,0,,0,-3.91,0,40.88,2/23/22,0,0,19,XHYG3A9N3IDAB26
Ameci Pizza & Pasta - Lake Forest,,#6A70A,3b4bfd3a-7111-43fe-abcb-7d025716a70a,Delivery - Partner Using Uber App,Postmates Android,Completed,2/20/22,6:17 PM,60.97,4.73,65.7,0,0,0,0,0,0,0,0,65.7,-11.58,0,0,0,0,0,,0,-4.73,0,49.39,2/23/22,0,0,19,XHYG3A9N3IDAB26
Ameci Pizza & Pasta - Lake Forest,,#E6978,12a479f7-4bf7-4210-9231-a6adf55e6978,Delivery - Partner Using Uber App,UberEats iOS,Completed,2/20/22,6:29 PM,14.73,1.14,15.87,0,0,0,0,0,0,0,0,15.87,-2.8,0,0,0,0,0,,0,-1.14,0,11.93,2/23/22,0,0,19,XHYG3A9N3IDAB26
Ameci Pizza & Pasta - Lake Forest,,#3A467,1895b0eb-0a09-412a-96ce-7013dec3a467,Delivery - Partner Using Uber App,Postmates Android,Completed,2/20/22,6:51 PM,11.99,0.93,12.92,0,0,0,0,0,0,0,0,12.92,-2.28,0,0,0,0,0,,0,-0.93,0,9.71,2/23/22,0,0,19,XHYG3A9N3IDAB26
Ameci Pizza & Pasta - Lake Forest,,#804A0,3363cb38-f53d-4533-a86b-af851bf804a0,Delivery - Partner Using Uber App,Postmates iOS,Completed,2/20/22,6:48 PM,31.45,2.44,33.89,0,0,0,0,0,0,0,0,33.89,-5.98,0,0,0,0,0,,0,-2.44,0,25.47,2/23/22,0,0,19,XHYG3A9N3IDAB26
Ameci Pizza & Pasta - Lake Forest,,#536B1,5f0102b9-0d44-468d-8f38-fedc809536b1,Delivery - Partner Using Uber App,UberEats Android,Completed,2/20/22,7:18 PM,67.96,5.27,73.23,0,0,0,0,0,0,0,0,73.23,-12.91,0,0,0,0,0,,0,-5.27,0,55.05,2/23/22,0,0,19,XHYG3A9N3IDAB26
Ameci Pizza & Pasta - Lake Forest,,#5E2D7,9f0d6804-e9ea-484d-ac65-4dec10b5e2d7,Delivery - Partner Using Uber App,Postmates Android,Completed,2/20/22,7:42 PM,17.52,1.36,18.88,0,0,0,0,0,0,0,0,18.88,-3.33,0,0,0,0,0,,0,-1.36,0,14.19,2/23/22,0,0,19,XHYG3A9N3IDAB26
Ameci Pizza & Pasta - Lake Forest,,#0E89C,d9e1c119-f178-4ad1-bcd4-f3a87080e89c,Delivery - Partner Using Uber App,UberEats iOS,Completed,2/20/22,8:06 PM,18.99,1.47,20.46,0,0,0,0,0,0,0,0,20.46,-3.61,0,0,0,0,0,,0,-1.47,0,15.38,2/23/22,0,0,19,XHYG3A9N3IDAB26
Ameci Pizza & Pasta - Lake Forest,,#567A4,da30cdcc-ebcb-48a1-83d8-b70e3cb567a4,Delivery - Partner Using Uber App,Postmates iOS,Completed,2/20/22,7:56 PM,34.76,2.69,37.45,0,0,0,0,0,0,0,0,37.45,-6.6,0,0,0,0,0,,0,-2.69,0,28.16,2/23/22,0,0,19,XHYG3A9N3IDAB26
Ameci Pizza & Pasta - Lake Forest,,#3A925,11914f62-e794-4b93-b5fc-dd4a80f3a925,Delivery - Partner Using Uber App,UberEats iOS,Completed,2/20/22,7:59 PM,20.62,1.37,21.99,0,0,0,0,0,0,0,0,21.99,-3.92,0,0,0,0,0,,0,-1.37,0,16.7,2/23/22,0,0,19,XHYG3A9N3IDAB26
Ameci Pizza & Pasta - Lake Forest,,#C11EA,0ba056e7-565a-46dc-a81d-5725589c11ea,Delivery - Partner Using Uber App,UberEats Android,Completed,2/20/22,8:32 PM,11.99,0.93,12.92,0,0,0,0,0,0,0,0,12.92,-2.28,0,0,0,0,0,,0,-0.93,0,9.71,2/23/22,0,0,19,XHYG3A9N3IDAB26
Ameci Pizza & Pasta - Lake Forest,,#D603E,12f5e06e-29b9-4997-9950-00d3d7bd603e,Delivery - Partner Using Uber App,UberEats iOS,Completed,2/21/22,11:23 AM,20.98,1.63,22.61,0,0,0,0,0,0,0,0,22.61,-3.99,0,0,0,0,0,,0,-1.63,0,16.99,2/28/22,0,0,19,2JGISAQO7ATADRT
Ameci Pizza & Pasta - Lake Forest,,#CD6DC,f5832fb3-a161-489f-91e2-3ff15c5cd6dc,Delivery - Partner Using Uber App,UberEats iOS,Completed,2/21/22,11:54 AM,23.77,1.84,25.61,0,0,0,0,0,0,0,0,25.61,-4.52,0,0,0,0,0,,0,-1.84,0,19.25,2/28/22,0,0,19,2JGISAQO7ATADRT
Ameci Pizza & Pasta - Lake Forest,,#3C18C,aaa28dd2-db4e-415a-b667-eba98fd3c18c,Delivery - Partner Using Uber App,Postmates Android,Completed,2/21/22,12:34 PM,18.99,1.47,20.46,0,0,0,0,0,0,0,0,20.46,-3.61,0,0,0,0,0,,0,-1.47,0,15.38,2/28/22,0,0,19,2JGISAQO7ATADRT
Ameci Pizza & Pasta - Lake Forest,,#3CEAD,8aa479aa-3b6d-4c6c-a7e6-2bb6c243cead,Delivery - Partner Using Uber App,UberEats iOS,Completed,2/21/22,1:34 PM,31.25,2.42,33.67,0,0,0,0,0,0,0,0,33.67,-5.94,0,0,0,0,0,,0,-2.42,0,25.31,2/28/22,0,0,19,2JGISAQO7ATADRT
Ameci Pizza & Pasta - Lake Forest,,#EB156,91a1d5a1-0538-48ce-b21a-ddc4054eb156,,Unknown,Refund,2/18/22,6:48 PM,-11.99,-0.93,-12.92,0,0,0,0,0,0,0,,0,0,,,0,0,0,,0,0.93,0,-11.99,2/28/22,,,,2JGISAQO7ATADRT
Ameci Pizza & Pasta - Lake Forest,,#3CD40,26758f8b-1c08-4925-a2e2-35ff9ba3cd40,Delivery - Partner Using Uber App,Postmates Android,Completed,2/21/22,1:39 PM,72.01,5.58,77.59,0,0,0,0,0,0,0,0,77.59,-13.68,0,0,0,0,0,,0,-5.58,0,58.33,2/28/22,0,0,19,2JGISAQO7ATADRT
Ameci Pizza & Pasta - Lake Forest,,#C7212,1f4b2f64-c607-4cb7-a399-4ef66f9c7212,Delivery - Partner Using Uber App,Postmates iOS,Completed,2/21/22,3:03 PM,9.99,0.77,10.76,0,0,0,0,0,0,0,0,10.76,-1.9,0,0,0,0,0,,0,-0.77,0,8.09,2/28/22,0,0,19,2JGISAQO7ATADRT
Ameci Pizza & Pasta - Lake Forest,,#54351,9946cc31-0d68-4090-920d-611a29a54351,,Unknown,Refund,2/17/22,8:59 PM,-19.74,-1.53,-21.27,0,0,0,0,0,0,0,,0,0,,,0,0,0,,0,1.53,0,-19.74,2/28/22,,,,2JGISAQO7ATADRT
Ameci Pizza & Pasta - Lake Forest,,#14E46,c2c6e3c7-b8a8-4970-b171-894aac614e46,Delivery - Partner Using Uber App,UberEats Web,Completed,2/21/22,4:45 PM,40.95,3.17,44.12,0,0,0,0,0,0,0,0,44.12,-7.78,0,0,0,0,0,,0,-3.17,0,33.17,2/28/22,0,0,19,2JGISAQO7ATADRT
Ameci Pizza & Pasta - Lake Forest,,#33820,aeeda2b8-d295-47ab-8dc1-855e4a633820,Pickup,Postmates Android,Completed,2/21/22,6:13 PM,21.98,1.7,23.68,0,0,0,0,0,0,0,0,23.68,-2.2,0,0,0,0,0,,0,-1.7,0,19.78,2/28/22,0,0,10,2JGISAQO7ATADRT
Ameci Pizza & Pasta - Lake Forest,,#33820,aeeda2b8-d295-47ab-8dc1-855e4a633820,,Unknown,Refund,2/21/22,6:13 PM,-10.99,-0.85,-11.84,0,0,0,0,0,0,0,,0,0,,,0,0,0,,0,0.85,0,-10.99,2/28/22,,,,2JGISAQO7ATADRT
Ameci Pizza & Pasta - Lake Forest,,#01853,4f766b51-c703-4491-9a63-48faa3d01853,Delivery - Partner Using Uber App,UberEats iOS,Completed,2/21/22,8:15 PM,36.95,2.86,39.81,0,0,0,0,0,0,0,0,39.81,-7.02,0,0,0,0,0,,0,-2.86,0,29.93,2/28/22,0,0,19,2JGISAQO7ATADRT
Ameci Pizza & Pasta - Lake Forest,,#74ED6,693d8f96-c76d-4e80-b4b6-dfae0a074ed6,Delivery - Partner Using Uber App,UberEats iOS,Completed,2/21/22,9:25 PM,19.74,1.53,21.27,0,0,0,0,0,0,0,0,21.27,-3.75,0,0,0,0,0,,0,-1.53,0,15.99,2/28/22,0,0,19,2JGISAQO7ATADRT
Ameci Pizza & Pasta - Lake Forest,,#CF1A5,ee5685fe-7043-4178-b90f-c87a6bbcf1a5,Delivery - Partner Using Uber App,UberEats Android,Completed,2/22/22,10:44 AM,22.47,1.74,24.21,0,0,0,0,0,0,0,0,24.21,-4.27,0,0,0,0,0,,0,-1.74,0,18.2,2/28/22,0,0,19,2JGISAQO7ATADRT
Ameci Pizza & Pasta - Lake Forest,,#AE9FE,40a988d4-854d-4d43-98cd-c5ed9daae9fe,Delivery - Partner Using Uber App,Postmates Android,Completed,2/22/22,4:33 PM,45.96,3.56,49.52,0,0,0,0,0,0,0,0,49.52,-8.73,0,0,0,0,0,,0,-3.56,0,37.23,2/28/22,0,0,19,2JGISAQO7ATADRT
Ameci Pizza & Pasta - Lake Forest,,#08EC7,1ac89128-8676-49c1-86a5-23e10e308ec7,Delivery - Partner Using Uber App,UberEats iOS,Completed,2/22/22,4:42 PM,11.99,0.93,12.92,0,0,0,0,0,0,0,0,12.92,-2.28,0,0,0,0,0,,0,-0.93,0,9.71,2/28/22,0,0,19,2JGISAQO7ATADRT
Ameci Pizza & Pasta - Lake Forest,,#0849A,6c2d10b7-e54e-4b29-9737-87137be0849a,Delivery - Partner Using Uber App,UberEats iOS,Completed,2/22/22,6:05 PM,35.26,2.73,37.99,0,0,0,0,0,0,0,0,37.99,-6.7,0,0,0,0,0,,0,-2.73,0,28.56,2/28/22,0,0,19,2JGISAQO7ATADRT
Ameci Pizza & Pasta - Lake Forest,,#F8222,83ad8b1f-0eca-4726-8c59-0535235f8222,Delivery - Partner Using Uber App,Postmates iOS,Completed,2/22/22,6:18 PM,28.97,2.25,31.22,0,0,0,0,0,0,0,0,31.22,-5.5,0,0,0,0,0,,0,-2.25,0,23.47,2/28/22,0,0,19,2JGISAQO7ATADRT
Ameci Pizza & Pasta - Lake Forest,,#D4EC3,e3af7416-c4ec-4487-87af-0efeaf2d4ec3,Delivery - Partner Using Uber App,Postmates iOS,Completed,2/22/22,3:30 PM,47.19,3.66,50.85,0,0,0,0,0,0,0,0,50.85,-8.97,0,0,0,0,0,,0,-3.66,0,38.22,2/28/22,0,0,19,2JGISAQO7ATADRT
Ameci Pizza & Pasta - Lake Forest,,#16162,3ea2bbf5-2203-40d2-9090-0cb7d5f16162,Delivery - Partner Using Uber App,UberEats Web,Completed,2/22/22,7:22 PM,51.96,4.03,55.99,0,0,0,0,0,0,0,0,55.99,-9.87,0,0,0,0,0,,0,-4.03,0,42.09,2/28/22,0,0,19,2JGISAQO7ATADRT
Ameci Pizza & Pasta - Lake Forest,,#16162,3ea2bbf5-2203-40d2-9090-0cb7d5f16162,,Unknown,Refund,2/22/22,7:22 PM,-12.74,-0.99,-13.73,0,0,0,0,0,0,0,,0,0,,,0,0,0,,0,0.99,0,-12.74,2/28/22,,,,2JGISAQO7ATADRT
Ameci Pizza & Pasta - Lake Forest,,#79BFE,06e8d3dd-665e-433a-b520-98f954c79bfe,Delivery - Partner Using Uber App,UberEats iOS,Completed,2/22/22,8:04 PM,34.31,2.66,36.97,0,0,0,0,0,0,0,0,36.97,-6.52,0,0,0,0,0,,0,-2.66,0,27.79,2/28/22,0,0,19,2JGISAQO7ATADRT
Ameci Pizza & Pasta - Lake Forest,,#4F2A4,84b8dbaf-e50b-4b1d-9be8-14173044f2a4,Delivery - Partner Using Uber App,Postmates Android,Completed,2/22/22,9:24 PM,14.53,1.13,15.66,0,0,0,0,0,0,0,0,15.66,-2.76,0,0,0,0,0,,0,-1.13,0,11.77,2/28/22,0,0,19,2JGISAQO7ATADRT
Ameci Pizza & Pasta - Lake Forest,,#0E380,3eacfa60-26d2-4842-971f-7e85a1d0e380,Delivery - Partner Using Uber App,Postmates iOS,Completed,2/22/22,9:09 PM,27.97,2.17,30.14,0,0,0,0,0,0,0,0,30.14,-5.31,0,0,0,0,0,,0,-2.17,0,22.66,2/28/22,0,0,19,2JGISAQO7ATADRT
Ameci Pizza & Pasta - Lake Forest,,#A9ADC,a5b88be6-7d32-4497-8a2e-c64d9b8a9adc,Delivery - Partner Using Uber App,Postmates iOS,Completed,2/23/22,3:01 PM,10.99,0.85,11.84,0,0,0,0,0,0,0,0,11.84,-2.09,0,0,0,0,0,,0,-0.85,0,8.9,2/28/22,0,0,19,2JGISAQO7ATADRT
Ameci Pizza & Pasta - Lake Forest,,#E02D8,11ce96d6-291c-42fe-896a-22b7b3ae02d8,Delivery - Partner Using Uber App,UberEats Web,Completed,2/23/22,3:03 PM,42.95,3.33,46.28,0,0,0,0,0,0,0,0,46.28,-8.16,0,0,0,0,0,,0,-3.33,0,34.79,2/28/22,0,0,19,2JGISAQO7ATADRT
Ameci Pizza & Pasta - Lake Forest,,#6973B,858ae52e-0950-4b51-ad26-76ef30b6973b,Delivery - Partner Using Uber App,Postmates iOS,Completed,2/23/22,3:42 PM,13.78,1.07,14.85,0,0,0,0,0,0,0,0,14.85,-2.62,0,0,0,0,0,,0,-1.07,0,11.16,2/28/22,0,0,19,2JGISAQO7ATADRT
Ameci Pizza & Pasta - Lake Forest,,#51AD7,fb77d704-02b7-45c4-89e9-9aef3c951ad7,Delivery - Partner Using Uber App,UberEats iOS,Completed,2/23/22,4:50 PM,39.17,3.04,42.21,0,0,0,0,0,0,0,0,42.21,-7.44,0,0,0,0,0,,0,-3.04,0,31.73,2/28/22,0,0,19,2JGISAQO7ATADRT
Ameci Pizza & Pasta - Lake Forest,,#2406E,e5af3c0f-6ff8-44fc-a379-d702f482406e,Delivery - Partner Using Uber App,UberEats iOS,Completed,2/23/22,6:08 PM,26.99,2.09,29.08,0,0,0,0,0,0,0,0,29.08,-5.13,0,0,0,0,0,,0,-2.09,0,21.86,2/28/22,0,0,19,2JGISAQO7ATADRT
Ameci Pizza & Pasta - Lake Forest,,#BF8B3,3eb6239b-2748-4b73-95a4-6cfaba8bf8b3,Delivery - Partner Using Uber App,Postmates Web,Completed,2/23/22,7:40 PM,27.97,2.17,30.14,0,0,0,0,0,0,0,0,30.14,-5.31,0,0,0,0,0,,0,-2.17,0,22.66,2/28/22,0,0,19,2JGISAQO7ATADRT
Ameci Pizza & Pasta - Lake Forest,,#AF3FF,33c198de-420f-40f0-be21-16e14c4af3ff,Delivery - Partner Using Uber App,Postmates iOS,Completed,2/23/22,9:05 PM,63.93,4.95,68.88,0,0,0,0,0,0,0,0,68.88,-12.15,0,0,0,0,0,,0,-4.95,0,51.78,2/28/22,0,0,19,2JGISAQO7ATADRT
Ameci Pizza & Pasta - Lake Forest,,#AF3FF,33c198de-420f-40f0-be21-16e14c4af3ff,,Unknown,Refund,2/23/22,9:05 PM,-14.99,-1.16,-16.15,0,0,0,0,0,0,0,,0,0,,,0,0,0,,0,1.16,0,-14.99,2/28/22,,,,2JGISAQO7ATADRT
Ameci Pizza & Pasta - Lake Forest,,#894CE,8ffdc817-cf58-4a40-9cdf-1331365894ce,Delivery - Partner Using Uber App,UberEats iOS,Completed,2/23/22,9:39 PM,14.99,1.16,16.15,0,0,0,0,0,0,0,0,16.15,-2.85,0,0,0,0,0,,0,-1.16,0,12.14,2/28/22,0,0,19,2JGISAQO7ATADRT
Ameci Pizza & Pasta - Lake Forest,,#30EC8,3556cabb-e1da-4ad5-b06a-74547f630ec8,Delivery - Partner Using Uber App,Postmates iOS,Completed,2/24/22,11:34 AM,28.21,2.19,30.4,0,0,0,0,0,0,0,0,30.4,-5.36,0,0,0,0,0,,0,-2.19,0,22.85,2/28/22,0,0,19,2JGISAQO7ATADRT
Ameci Pizza & Pasta - Lake Forest,,#B4069,7795fe54-18c3-42a1-8507-956584eb4069,Delivery - Partner Using Uber App,Postmates iOS,Completed,2/24/22,11:41 AM,29.72,2.3,32.02,0,0,0,0,0,0,0,0,32.02,-5.65,0,0,0,0,0,,0,-2.3,0,24.07,2/28/22,0,0,19,2JGISAQO7ATADRT
Ameci Pizza & Pasta - Lake Forest,,#780EE,600cfea7-1af6-4327-92fb-f75bde9780ee,Delivery - Partner Using Uber App,UberEats Web,Completed,2/24/22,6:14 PM,34.99,2.71,37.7,0,0,0,0,0,0,0,0,37.7,-6.65,0,0,0,0,0,,0,-2.71,0,28.34,2/28/22,0,0,19,2JGISAQO7ATADRT
Ameci Pizza & Pasta - Lake Forest,,#F41DD,037679a7-76d6-4e3b-82f7-5b9ce0ef41dd,Delivery - Partner Using Uber App,UberEats Web,Completed,2/24/22,6:16 PM,25.94,2.01,27.95,0,0,0,0,0,0,0,0,27.95,-4.93,0,0,0,0,0,,0,-2.01,0,21.01,2/28/22,0,0,19,2JGISAQO7ATADRT
Ameci Pizza & Pasta - Lake Forest,,#4F04B,5e4796c7-f53b-4ca1-b607-5a1484e4f04b,Delivery - Partner Using Uber App,Postmates iOS,Completed,2/24/22,7:11 PM,41.96,3.25,45.21,0,0,0,0,0,0,0,0,45.21,-7.97,0,0,0,0,0,,0,-3.25,0,33.99,2/28/22,0,0,19,2JGISAQO7ATADRT
Ameci Pizza & Pasta - Lake Forest,,#E6089,a39ea067-8c88-4544-9b21-2dee81de6089,Delivery - Partner Using Uber App,Postmates iOS,Completed,2/25/22,11:04 AM,9.99,0.77,10.76,0,0,0,0,0,0,0,0,10.76,-1.9,0,0,0,0,0,,0,-0.77,0,8.09,2/28/22,0,0,19,2JGISAQO7ATADRT
Ameci Pizza & Pasta - Lake Forest,,#5CF73,7bc20bd9-d87f-407d-8062-38377375cf73,Delivery - Partner Using Uber App,UberEats iOS,Completed,2/25/22,1:52 PM,42.73,3.31,46.04,0,0,0,0,0,0,0,0,46.04,-8.12,0,0,0,0,0,,0,-3.31,0,34.61,2/28/22,0,0,19,2JGISAQO7ATADRT
Ameci Pizza & Pasta - Lake Forest,,#344D6,503cba5d-92c6-45d7-a9bb-96ee5f4344d6,Delivery - Partner Using Uber App,Postmates iOS,Completed,2/25/22,4:04 PM,71.24,5.52,76.76,0,0,0,0,0,0,0,0,76.76,-13.54,0,0,0,0,0,,0,-5.52,0,57.7,2/28/22,0,0,19,2JGISAQO7ATADRT
Ameci Pizza & Pasta - Lake Forest,,#6D3C0,926516db-9e20-4913-bf8a-40d604c6d3c0,Delivery - Partner Using Uber App,UberEats Web,Completed,2/25/22,4:40 PM,31.97,2.48,34.45,0,0,0,0,0,0,0,0,34.45,-6.07,0,0,0,0,0,,0,-2.48,0,25.9,2/28/22,0,0,19,2JGISAQO7ATADRT
Ameci Pizza & Pasta - Lake Forest,,#B1EDF,2bb6840c-7382-4d9b-85d2-a182039b1edf,Delivery - Partner Using Uber App,Postmates iOS,Completed,2/25/22,5:05 PM,31.97,2.48,34.45,0,0,0,0,0,0,0,0,34.45,-6.07,0,0,0,0,0,,0,-2.48,0,25.9,2/28/22,0,0,19,2JGISAQO7ATADRT
Ameci Pizza & Pasta - Lake Forest,,#85C90,8258aefb-df93-45d0-8f1d-d0eecf185c90,Delivery - Partner Using Uber App,Postmates Android,Completed,2/25/22,5:31 PM,10.99,0.85,11.84,0,0,0,0,0,0,0,0,11.84,-2.09,0,0,0,0,0,,0,-0.85,0,8.9,2/28/22,0,0,19,2JGISAQO7ATADRT
Ameci Pizza & Pasta - Lake Forest,,#9BA94,43fa7058-62e6-4915-9199-0554c9d9ba94,Pickup,UberEats Android,Completed,2/25/22,5:00 PM,31.97,2.48,34.45,0,0,0,0,0,0,0,0,34.45,-1.92,0,0,0,0,0,,0,-2.48,0,30.05,2/28/22,0,0,6,2JGISAQO7ATADRT
Ameci Pizza & Pasta - Lake Forest,,#83100,93eece52-86c1-44c3-86c4-970792e83100,Delivery - Partner Using Uber App,UberEats Android,Completed,2/25/22,6:35 PM,16.47,1.28,17.75,0,0,0,0,0,0,0,0,17.75,-3.13,0,0,0,0,0,,0,-1.28,0,13.34,2/28/22,0,0,19,2JGISAQO7ATADRT
Ameci Pizza & Pasta - Lake Forest,,#4601B,635c643a-9282-4409-847c-04188824601b,Delivery - Partner Using Uber App,Postmates iOS,Completed,2/25/22,6:13 PM,58.74,4.55,63.29,0,0,0,0,0,0,0,0,63.29,-11.16,0,0,0,0,0,,0,-4.55,0,47.58,2/28/22,0,0,19,2JGISAQO7ATADRT
Ameci Pizza & Pasta - Lake Forest,,#5114F,cad7c1d3-2a3a-4f33-b0d0-25746d25114f,Delivery - Partner Using Uber App,Postmates iOS,Completed,2/25/22,6:42 PM,14.53,1.13,15.66,0,0,0,0,0,0,0,0,15.66,-2.76,0,0,0,0,0,,0,-1.13,0,11.77,2/28/22,0,0,19,2JGISAQO7ATADRT
Ameci Pizza & Pasta - Lake Forest,,#1393A,7a2a4619-0fae-44b7-af92-30ce3d51393a,Pickup,UberEats iOS,Completed,2/25/22,6:01 PM,30.97,2.4,33.37,0,0,0,0,0,0,0,0,33.37,-1.86,0,0,0,0,0,,0,-2.4,0,29.11,2/28/22,0,0,6,2JGISAQO7ATADRT
Ameci Pizza & Pasta - Lake Forest,,#AAD2B,bbe22caa-88e3-4548-bfb4-2143eb9aad2b,Delivery - Partner Using Uber App,UberEats iOS,Completed,2/25/22,7:14 PM,15.48,1.2,16.68,0,0,0,0,0,0,0,0,16.68,-2.94,0,0,0,0,0,,0,-1.2,0,12.54,2/28/22,0,0,19,2JGISAQO7ATADRT
Ameci Pizza & Pasta - Lake Forest,,#F6A08,cfad3c41-5113-4256-b321-9c7bebff6a08,Delivery - Partner Using Uber App,Postmates iOS,Completed,2/25/22,7:52 PM,50.94,3.95,54.89,0,0,0,0,0,0,0,0,54.89,-9.68,0,0,0,0,0,,0,-3.95,0,41.26,2/28/22,0,0,19,2JGISAQO7ATADRT
Ameci Pizza & Pasta - Lake Forest,,#B6876,e2017c6d-1940-43de-a9cc-476ce67b6876,Delivery - Partner Using Uber App,UberEats iOS,Completed,2/25/22,8:05 PM,38.96,3.02,41.98,0,0,0,0,0,0,0,0,41.98,-7.4,0,0,0,0,0,,0,-3.02,0,31.56,2/28/22,0,0,19,2JGISAQO7ATADRT
Ameci Pizza & Pasta - Lake Forest,,#B40EB,fae423c2-48b0-4fff-883b-709900db40eb,Delivery - Partner Using Uber App,UberEats Web,Completed,2/26/22,1:43 PM,29.75,2.31,32.06,0,0,0,0,0,0,0,0,32.06,-5.65,0,0,0,0,0,,0,-2.31,0,24.1,2/28/22,0,0,19,2JGISAQO7ATADRT
Ameci Pizza & Pasta - Lake Forest,,#6F4BB,ed2b19bf-bc8d-4763-8ae8-51a630e6f4bb,Delivery - Partner Using Uber App,Postmates iOS,Completed,2/26/22,2:03 PM,15.98,1.24,17.22,0,0,0,0,0,0,0,0,17.22,-3.04,0,0,0,0,0,,0,-1.24,0,12.94,2/28/22,0,0,19,2JGISAQO7ATADRT
Ameci Pizza & Pasta - Lake Forest,,#7685A,35afe26a-b7c9-4969-a7b5-5aa56097685a,Delivery - Partner Using Uber App,UberEats iOS,Completed,2/26/22,4:40 PM,27.97,2.17,30.14,0,0,0,0,0,0,0,0,30.14,-5.31,0,0,0,0,0,,0,-2.17,0,22.66,2/28/22,0,0,19,2JGISAQO7ATADRT
Ameci Pizza & Pasta - Lake Forest,,#81F4A,35944d38-ec6c-4a11-8c44-74e084d81f4a,Delivery - Partner Using Uber App,UberEats iOS,Completed,2/26/22,4:36 PM,32.72,2.54,35.26,0,0,0,0,0,0,0,0,35.26,-6.22,0,0,0,0,0,,0,-2.54,0,26.5,2/28/22,0,0,19,2JGISAQO7ATADRT
Ameci Pizza & Pasta - Lake Forest,,#C8281,d8211618-15ae-431b-a670-82f3006c8281,Delivery - Partner Using Uber App,Postmates iOS,Completed,2/26/22,5:10 PM,76.43,5.92,82.35,0,0,0,0,0,0,0,0,82.35,-14.52,0,0,0,0,0,,0,-5.92,0,61.91,2/28/22,0,0,19,2JGISAQO7ATADRT
Ameci Pizza & Pasta - Lake Forest,,#CC8F8,cc9183b6-3455-4fff-8d84-2aca907cc8f8,Delivery - Partner Using Uber App,UberEats iOS,Completed,2/26/22,5:35 PM,24.98,1.94,26.92,0,0,0,0,0,0,0,0,26.92,-4.75,0,0,0,0,0,,0,-1.94,0,20.23,2/28/22,0,0,19,2JGISAQO7ATADRT
Ameci Pizza & Pasta - Lake Forest,,#76408,95b8f3c8-bb99-48f0-af30-4b4879b76408,Delivery - Partner Using Uber App,UberEats Web,Completed,2/26/22,6:06 PM,12.74,0.99,13.73,0,0,0,0,0,0,0,0,13.73,-2.42,0,0,0,0,0,,0,-0.99,0,10.32,2/28/22,0,0,19,2JGISAQO7ATADRT
Ameci Pizza & Pasta - Lake Forest,,#8391B,ecfe6990-0f38-4449-8942-1e24d058391b,Delivery - Partner Using Uber App,UberEats iOS,Completed,2/26/22,5:51 PM,28.97,2.25,31.22,0,0,0,0,0,0,0,0,31.22,-5.5,0,0,0,0,0,,0,-2.25,0,23.47,2/28/22,0,0,19,2JGISAQO7ATADRT
Ameci Pizza & Pasta - Lake Forest,,#F1398,cea28e03-e892-46c7-9535-1368e07f1398,Delivery - Partner Using Uber App,UberEats iOS,Completed,2/26/22,5:36 PM,26.72,2.07,28.79,0,0,0,0,0,0,0,0,28.79,-5.08,0,0,0,0,0,,0,-2.07,0,21.64,2/28/22,0,0,19,2JGISAQO7ATADRT
Ameci Pizza & Pasta - Lake Forest,,#B4B7E,2a8ed260-3d68-4b66-b40c-5530b50b4b7e,Delivery - Partner Using Uber App,UberEats Android,Completed,2/26/22,5:21 PM,38.97,3.02,41.99,0,0,0,0,0,0,0,0,41.99,-7.4,0,0,0,0,0,,0,-3.02,0,31.57,2/28/22,0,0,19,2JGISAQO7ATADRT
Ameci Pizza & Pasta - Lake Forest,,#0D707,3f8bf2ad-820c-4bb0-b3b9-59649ab0d707,Delivery - Partner Using Uber App,UberEats iOS,Completed,2/26/22,6:39 PM,36.95,2.86,39.81,0,0,0,0,0,0,0,0,39.81,-7.02,0,0,0,0,0,,0,-2.86,0,29.93,2/28/22,0,0,19,2JGISAQO7ATADRT
Ameci Pizza & Pasta - Lake Forest,,#FA03C,dd94caee-ac25-438f-909b-a503789fa03c,Delivery - Partner Using Uber App,UberEats iOS,Completed,2/26/22,6:25 PM,64.96,5.03,69.99,0,0,0,0,0,0,0,0,69.99,-12.34,0,0,0,0,0,,0,-5.03,0,52.62,2/28/22,0,0,19,2JGISAQO7ATADRT
Ameci Pizza & Pasta - Lake Forest,,#D0231,84f9028b-020c-4138-abc2-f22c330d0231,Delivery - Partner Using Uber App,Postmates iOS,Completed,2/26/22,7:21 PM,56.21,4.36,60.57,0,0,0,0,0,0,0,0,60.57,-10.68,0,0,0,0,0,,0,-4.36,0,45.53,2/28/22,0,0,19,2JGISAQO7ATADRT
Ameci Pizza & Pasta - Lake Forest,,#0642E,5471f2d5-23c9-4417-ac94-122ab5f0642e,Pickup,UberEats iOS,Completed,2/26/22,6:24 PM,30.97,2.4,33.37,0,0,0,0,0,0,0,0,33.37,-1.86,0,0,0,0,0,,0,-2.4,0,29.11,2/28/22,0,0,6,2JGISAQO7ATADRT
Ameci Pizza & Pasta - Lake Forest,,#3BA2B,25d19dfa-4535-4ab9-b3d3-6e818f73ba2b,Delivery - Partner Using Uber App,UberEats iOS,Completed,2/26/22,7:45 PM,16.98,1.32,18.3,0,0,0,0,0,0,0,0,18.3,-3.23,0,0,0,0,0,,0,-1.32,0,13.75,2/28/22,0,0,19,2JGISAQO7ATADRT
Ameci Pizza & Pasta - Lake Forest,,#B3FFE,b9a967c6-d31c-4d10-a8bd-23e2942b3ffe,Delivery - Partner Using Uber App,UberEats Web,Completed,2/26/22,8:33 PM,20.98,1.63,22.61,0,0,0,0,0,0,0,0,22.61,-3.99,0,0,0,0,0,,0,-1.63,0,16.99,2/28/22,0,0,19,2JGISAQO7ATADRT
Ameci Pizza & Pasta - Lake Forest,,#58545,f0d6dea6-c2d4-474c-8911-7f7a30758545,Delivery - Partner Using Uber App,Postmates iOS,Completed,2/27/22,3:19 PM,18.77,1.45,20.22,0,0,0,0,0,0,0,0,20.22,-3.57,0,0,0,0,0,,0,-1.45,0,15.2,2/28/22,0,0,19,2JGISAQO7ATADRT
Ameci Pizza & Pasta - Lake Forest,,#C509B,ff6373bc-68ed-49c1-8e81-0d605e5c509b,Delivery - Partner Using Uber App,UberEats Android,Completed,2/27/22,4:07 PM,90.71,7.03,97.74,0,0,0,0,0,0,0,0,97.74,-17.23,0,0,0,0,0,,0,-7.03,0,73.48,2/28/22,0,0,19,2JGISAQO7ATADRT
Ameci Pizza & Pasta - Lake Forest,,#191FD,bcd9c6df-3066-4a23-ad7b-9176e1d191fd,Delivery - Partner Using Uber App,Postmates iOS,Completed,2/27/22,4:26 PM,28.51,2.21,30.72,0,0,0,0,0,0,0,0,30.72,-5.42,0,0,0,0,0,,0,-2.21,0,23.09,2/28/22,0,0,19,2JGISAQO7ATADRT
Ameci Pizza & Pasta - Lake Forest,,#63B0D,f821adb1-9993-4624-bc3f-43573c563b0d,Delivery - Partner Using Uber App,UberEats iOS,Completed,2/27/22,5:37 PM,36.96,2.86,39.82,0,0,0,0,0,0,0,0,39.82,-7.02,0,0,0,0,0,,0,-2.86,0,29.94,2/28/22,0,0,19,2JGISAQO7ATADRT
Ameci Pizza & Pasta - Lake Forest,,#9F2A6,061609ae-8305-4468-a762-42c13ef9f2a6,Delivery - Partner Using Uber App,UberEats Web,Completed,2/27/22,6:07 PM,22.97,1.78,24.75,0,0,0,0,0,0,0,0,24.75,-4.36,0,0,0,0,0,,0,-1.78,0,18.61,2/28/22,0,0,19,2JGISAQO7ATADRT
Ameci Pizza & Pasta - Lake Forest,,#DC9F4,f275da53-e6a6-4e14-bdd0-d776ef3dc9f4,Delivery - Partner Using Uber App,Postmates Android,Completed,2/27/22,6:23 PM,23.56,1.83,25.39,0,0,0,0,0,0,0,0,25.39,-4.48,0,0,0,0,0,,0,-1.83,0,19.08,2/28/22,0,0,19,2JGISAQO7ATADRT
Ameci Pizza & Pasta - Lake Forest,,#D09A3,a387fe25-e303-435c-8219-bf7d10ad09a3,Delivery - Partner Using Uber App,Postmates Android,Completed,2/27/22,6:15 PM,31.54,2.44,33.98,0,0,0,0,0,0,0,0,33.98,-5.99,0,0,0,0,0,,0,-2.44,0,25.55,2/28/22,0,0,19,2JGISAQO7ATADRT
Ameci Pizza & Pasta - Lake Forest,,#6BE97,fdbded08-3698-4177-95df-be6191e6be97,Delivery - Partner Using Uber App,UberEats iOS,Completed,2/27/22,6:24 PM,25.72,1.99,27.71,0,0,0,0,0,0,0,0,27.71,-4.89,0,0,0,0,0,,0,-1.99,0,20.83,2/28/22,0,0,19,2JGISAQO7ATADRT
Ameci Pizza & Pasta - Lake Forest,,#D0B73,545b5c1d-9b95-4d6e-b391-906ce6fd0b73,Delivery - Partner Using Uber App,Postmates Web,Completed,2/27/22,6:48 PM,44.31,3.43,47.74,0,0,0,0,0,0,0,0,47.74,-8.42,0,0,0,0,0,,0,-3.43,0,35.89,2/28/22,0,0,19,2JGISAQO7ATADRT
Ameci Pizza & Pasta - Lake Forest,,#83F41,9ddec0f9-a8a4-4f37-8f02-e978c3a83f41,Delivery - Partner Using Uber App,UberEats Android,Completed,2/27/22,7:12 PM,29.26,2.27,31.53,0,0,0,0,0,0,0,0,31.53,-5.56,0,0,0,0,0,,0,-2.27,0,23.7,2/28/22,0,0,19,2JGISAQO7ATADRT
Ameci Pizza & Pasta - Lake Forest,,#5166F,ed78693b-9808-48af-ab31-c4d12db5166f,Pickup,UberEats iOS,Completed,2/27/22,6:55 PM,64.01,4.96,68.97,0,0,0,0,0,0,0,0,68.97,-3.84,0,0,0,0,0,,0,-4.96,0,60.17,2/28/22,0,0,6,2JGISAQO7ATADRT
Ameci Pizza & Pasta - Lake Forest,,#5C6B5,bf1fde52-e7f9-4e20-a858-43323fd5c6b5,Delivery - Partner Using Uber App,UberEats iOS,Completed,2/28/22,11:58 AM,21.98,1.7,23.68,0,0,0,0,0,0,0,0,23.68,-4.18,0,0,0,0,0,,0,-1.7,0,17.8,3/7/22,0,0,19,PA3BPWDXDWMU6IZ
Ameci Pizza & Pasta - Lake Forest,,#74025,76a160d1-e55f-4638-9ad5-25dde2e74025,Delivery - Partner Using Uber App,UberEats Web,Completed,2/28/22,12:12 PM,27.97,2.17,30.14,0,0,0,0,0,0,0,0,30.14,-5.31,0,0,0,0,0,,0,-2.17,0,22.66,3/7/22,0,0,19,PA3BPWDXDWMU6IZ
Ameci Pizza & Pasta - Lake Forest,,#154AA,c803ebf9-8c2d-49a7-adc0-46e36ff154aa,Delivery - Partner Using Uber App,Postmates iOS,Completed,2/28/22,1:47 PM,40.96,3.17,44.13,0,0,0,0,0,0,0,0,44.13,-7.78,0,0,0,0,0,,0,-3.17,0,33.18,3/7/22,0,0,19,PA3BPWDXDWMU6IZ
Ameci Pizza & Pasta - Lake Forest,,#C2E3F,d44ed7f6-007b-4769-905c-3d432f8c2e3f,Delivery - Partner Using Uber App,UberEats Web,Completed,2/28/22,4:38 PM,20.98,1.63,22.61,0,0,0,0,0,0,0,0,22.61,-3.99,0,0,0,0,0,,0,-1.63,0,16.99,3/7/22,0,0,19,PA3BPWDXDWMU6IZ
Ameci Pizza & Pasta - Lake Forest,,#74D84,d431e768-1511-4ec7-90eb-7a4b84274d84,Delivery - Partner Using Uber App,UberEats Android,Completed,2/28/22,5:32 PM,14.99,1.16,16.15,0,0,0,0,0,0,0,0,16.15,-2.85,0,0,0,0,0,,0,-1.16,0,12.14,3/7/22,0,0,19,PA3BPWDXDWMU6IZ
Ameci Pizza & Pasta - Lake Forest,,#7B0EE,a32374f6-95e6-4aec-8e65-715a34a7b0ee,Delivery - Partner Using Uber App,UberEats Android,Completed,2/28/22,8:24 PM,57.68,4.47,62.15,0,0,0,0,0,0,0,0,62.15,-10.96,0,0,0,0,0,,0,-4.47,0,46.72,3/7/22,0,0,19,PA3BPWDXDWMU6IZ
Ameci Pizza & Pasta - Lake Forest,,#79482,a568cea9-fe24-4a1c-945b-d3ceeb679482,Delivery - Partner Using Uber App,UberEats Android,Completed,2/28/22,8:59 PM,34.47,2.67,37.14,0,0,0,0,0,0,0,0,37.14,-6.55,0,0,0,0,0,,0,-2.67,0,27.92,3/7/22,0,0,19,PA3BPWDXDWMU6IZ
Ameci Pizza & Pasta - Lake Forest,,#D9D38,b8a3b5fb-44f5-458c-9f69-831a998d9d38,Delivery - Partner Using Uber App,Postmates iOS,Completed,2/28/22,9:33 PM,20.98,1.63,22.61,0,0,0,0,0,0,0,0,22.61,-3.99,0,0,0,0,0,,0,-1.63,0,16.99,3/7/22,0,0,19,PA3BPWDXDWMU6IZ
