Store Name,Store ID,Order ID,Workflow ID,Dining Mode,Order Channel,Order Status,Order Date / Refund date,Order Accept Time,Food Sales (excluding tax),Tax on Food Sales,Food sales (including tax),Adjustments (excluding tax),Tax on Adjustments,Promo Spend on food,Tax on Promotion on Food,Special Offer - Delivery,Tax on Special Offer - Delivery,Bag Fee,Marketing Service Fee Adjustment,Total Sales after Adjustments (including tax),Uber Service Fee,Delivery Network Fee,Order Processing Fee,Dispatch Fee,Tax on Dispatch Fee,Gratuity,Misc Payment Description,Miscellaneous Payments,Marketplace Facilitator Tax,Backup Withholding Tax,Payout,Payout Date
Aroma Pizza,,#7505A,4a22a723-7be5-42a8-a4ed-86ce0037505a,Delivery - Partner Using Uber App,Android,Completed,2021-03-02,16:49,30.97,2.4,33.37,0,0,0,0,0,0,0,0,33.37,-5.88,0,0,0,0,0,,0,0,0,27.49,2021-03-08
Aroma Pizza,,#A9DB4,44d0bfc9-dea1-4eb8-895a-734032da9db4,Delivery - Partner Using Uber App,iOS,Completed,2021-03-02,18:11,20.73,1.61,22.34,0,0,0,0,0,0,0,0,22.34,-3.94,0,0,0,0,0,,0,0,0,18.4,2021-03-08
Aroma Pizza,,#D5E66,bddbb55a-1f7c-4df9-92e7-5876153d5e66,Delivery - Partner Using Uber App,Android,Completed,2021-03-02,18:17,21.97,1.7,23.67,0,0,0,0,0,0,0,0,23.67,-4.17,0,0,0,0,0,,0,0,0,19.5,2021-03-08
Aroma Pizza,,#25D35,f29f803b-1113-4acf-a8c3-c9f96f425d35,Delivery - Partner Using Uber App,Android,Completed,2021-03-03,19:57,12.72,0.99,13.71,0,0,0,0,0,0,0,0,13.71,-2.42,0,0,0,0,0,,0,0,0,11.29,2021-03-08
Aroma Pizza,,#D4DC2,610edf94-54da-4735-8d24-3210c30d4dc2,Delivery - Partner Using Uber App,iOS,Completed,2021-03-04,10:54,32.73,2.54,35.27,0,0,0,0,0,0,0,0,35.27,-6.22,0,0,0,0,0,,0,0,0,29.05,2021-03-08
Aroma Pizza,,#BDE68,ec3f5a3b-8fd0-4838-8846-4139f3fbde68,Pickup,iOS,Completed,2021-03-04,11:04,19.93,1.54,21.47,0,0,0,0,0,0,0,0,21.47,0,0,0,0,0,0,,0,0,0,21.47,2021-03-08
Aroma Pizza,,#000AD,b1d8f639-2818-458d-959d-c1bc4c2000ad,Delivery - Partner Using Uber App,iOS,Completed,2021-03-04,17:36,28.05,2.17,30.22,0,0,0,0,0,0,0,0,30.22,-5.33,0,0,0,0,0,,0,0,0,24.89,2021-03-08
Aroma Pizza,,#B5E18,33f55a61-7a15-4e7e-828b-9fde1b0b5e18,Delivery - Partner Using Uber App,iOS,Completed,2021-03-04,19:37,24.96,1.93,26.89,0,0,0,0,0,0,0,0,26.89,-4.74,0,0,0,0,0,,0,0,0,22.15,2021-03-08
Aroma Pizza,,#9682C,f1aff695-f578-4240-bf64-f0f86a19682c,Delivery - Partner Using Uber App,Android,Completed,2021-03-05,16:42,22.58,1.75,24.33,0,0,0,0,0,0,0,0,24.33,-4.29,0,0,0,0,0,,0,0,0,20.04,2021-03-08
Aroma Pizza,,#A40E4,69606440-ded7-4ee1-91d5-3813da2a40e4,Pickup,iOS,Completed,2021-03-05,17:18,28.97,2.25,31.22,0,0,0,0,0,0,0,0,31.22,0,0,0,0,0,0,,0,0,0,31.22,2021-03-08
Aroma Pizza,,#D0012,b7e9fb17-bb83-4bce-822e-17fd64fd0012,Pickup,iOS,Completed,2021-03-05,17:51,62.71,4.86,67.57,0,0,0,0,0,0,0,0,67.57,0,0,0,0,0,0,,0,0,0,67.57,2021-03-08
Aroma Pizza,,#95705,04ea90f3-a447-488c-8971-e095add95705,Delivery - Partner Using Uber App,iOS,Completed,2021-03-05,18:27,25.97,2.01,27.98,0,0,0,0,0,0,0,0,27.98,-4.93,0,0,0,0,0,,0,0,0,23.05,2021-03-08
Aroma Pizza,,#08B3B,86cd38af-1217-43e5-b086-86327c008b3b,Delivery - Partner Using Uber App,iOS,Completed,2021-03-05,18:39,22.58,1.75,24.33,0,0,0,0,0,0,0,0,24.33,-4.29,0,0,0,0,0,,0,0,0,20.04,2021-03-08
Aroma Pizza,,#AEFBE,51dcab31-f3ab-4a51-9801-c7c8858aefbe,Delivery - Partner Using Uber App,iOS,Completed,2021-03-05,19:54,51.66,4,55.66,0,0,0,0,0,0,0,0,55.66,-9.82,0,0,0,0,0,,0,0,0,45.84,2021-03-08
Aroma Pizza,,#51780,ae890d41-538d-4df8-ba9a-dd9fb5d51780,Delivery - Partner Using Uber App,iOS,Completed,2021-03-06,17:39,51.42,3.99,55.41,0,0,0,0,0,0,0,0,55.41,-9.77,0,0,0,0,0,,0,0,0,45.64,2021-03-08
Aroma Pizza,,#90159,e71503b9-7bae-481a-8115-ba2141190159,Delivery - Partner Using Uber App,Android,Completed,2021-03-06,18:32,46.14,3.58,49.72,0,0,0,0,0,0,0,0,49.72,-8.77,0,0,0,0,0,,0,0,0,40.95,2021-03-08
Aroma Pizza,,#36178,29f66faa-f277-4b44-a66a-1b12ad536178,Pickup,iOS,Completed,2021-03-06,18:40,11.99,0.93,12.92,0,0,0,0,0,0,0,0,12.92,0,0,0,0,0,0,,0,0,0,12.92,2021-03-08
Aroma Pizza,,#D8774,3109f261-0e9b-48c1-8212-6cfb74fd8774,Delivery - Partner Using Uber App,iOS,Completed,2021-03-06,18:46,16.98,1.32,18.3,0,0,0,0,0,0,0,0,18.3,-3.23,0,0,0,0,0,,0,0,0,15.07,2021-03-08
Aroma Pizza,,#7ABF2,c62d7115-8215-4bf3-ac15-a6f8f667abf2,Delivery - Partner Using Uber App,Android,Completed,2021-03-06,20:23,25.44,1.97,27.41,0,0,0,0,0,0,0,0,27.41,-4.83,0,0,0,0,0,,0,0,0,22.58,2021-03-08
Aroma Pizza,,#4ABA4,d968d3b9-3bc1-4a8a-a1db-974dad04aba4,Delivery - Partner Using Uber App,iOS,Completed,2021-03-07,14:35,31.96,2.48,34.44,0,0,0,0,0,0,0,0,34.44,-6.07,0,0,0,0,0,,0,0,0,28.37,2021-03-08
Aroma Pizza,,#4310D,81563169-5d18-4adf-b5c3-508a34c4310d,Delivery - Partner Using Uber App,iOS,Completed,2021-03-07,17:23,25.97,2.01,27.98,0,0,0,0,0,0,0,0,27.98,-4.93,0,0,0,0,0,,0,0,0,23.05,2021-03-08
Aroma Pizza,,#6150E,1b7a9166-f90b-4100-8753-f98412c6150e,Delivery - Partner Using Uber App,Android,Completed,2021-03-08,17:16,29.35,2.27,31.62,0,0,0,0,0,0,0,0,31.62,-5.58,0,0,0,0,0,,0,0,0,26.04,2021-03-15
Aroma Pizza,,#7278E,5efe1442-7c72-4e13-a37e-29369c57278e,Delivery - Partner Using Uber App,iOS,Completed,2021-03-08,19:14,26.98,2.09,29.07,0,0,0,0,0,0,0,0,29.07,-5.13,0,0,0,0,0,,0,0,0,23.94,2021-03-15
Aroma Pizza,,#C8C13,84fa951e-2869-48b1-8d18-050ca56c8c13,Pickup,Uber Eats Web,Completed,2021-03-09,18:08,17.98,1.39,19.37,0,0,0,0,0,0,0,0,19.37,0,0,0,0,0,0,,0,0,0,19.37,2021-03-15
Aroma Pizza,,#95D14,7263a2e9-0825-4d78-9d32-c24c3ec95d14,Delivery - Partner Using Uber App,Android,Completed,2021-03-10,13:55,16.98,1.32,18.3,0,0,0,0,0,0,0,0,18.3,-3.23,0,0,0,0,0,,0,0,0,15.07,2021-03-15
Aroma Pizza,,#4BDBF,c20e2fbe-b0b5-4b14-9928-2f10e684bdbf,Delivery - Partner Using Uber App,iOS,Completed,2021-03-10,16:39,26,2.02,28.02,0,0,0,0,0,0,0,0,28.02,-4.94,0,0,0,0,0,,0,0,0,23.08,2021-03-15
Aroma Pizza,,#58ECA,cb2357ba-7f63-44b9-be37-3cc3b2b58eca,Delivery - Partner Using Uber App,iOS,Completed,2021-03-10,18:42,31.44,2.44,33.88,0,0,0,0,0,0,0,0,33.88,-5.97,0,0,0,0,0,,0,0,0,27.91,2021-03-15
Aroma Pizza,,#5D9B1,6a6c4b6d-0975-4351-b25e-36d64515d9b1,Delivery - Partner Using Uber App,iOS,Completed,2021-03-10,20:51,14.98,1.16,16.14,0,0,0,0,0,0,0,0,16.14,-2.85,0,0,0,0,0,,0,0,0,13.29,2021-03-15
Aroma Pizza,,#4F822,34959a9c-6543-4917-a57f-72965f24f822,Delivery - Partner Using Uber App,iOS,Completed,2021-03-11,12:46,40.26,3.12,43.38,0,0,0,0,0,0,0,0,43.38,-7.65,0,0,0,0,0,,0,0,0,35.73,2021-03-15
Aroma Pizza,,#E5B51,381d477b-9013-43f8-9742-a07a0ade5b51,Delivery - Partner Using Uber App,iOS,Completed,2021-03-11,16:08,24.94,1.93,26.87,0,0,0,0,0,0,0,0,26.87,-4.74,0,0,0,0,0,,0,0,0,22.13,2021-03-15
Aroma Pizza,,#B7FD3,830815c7-36b0-4276-a640-fe79405b7fd3,Delivery - Partner Using Uber App,Uber Eats Web,Completed,2021-03-11,17:26,20.98,1.63,22.61,0,0,0,0,0,0,0,0,22.61,-3.99,0,0,0,0,0,,0,0,0,18.62,2021-03-15
Aroma Pizza,,#3FC6D,7cf03f66-2155-4377-80fd-c35752c3fc6d,Delivery - Partner Using Uber App,iOS,Completed,2021-03-11,18:50,49.67,3.85,53.52,0,0,0,0,0,0,0,0,53.52,-9.44,0,0,0,0,0,,0,0,0,44.08,2021-03-15
Aroma Pizza,,#EF333,48e5eb07-6eab-4a66-8132-1e7bb7fef333,Delivery - Partner Using Uber App,Android,Completed,2021-03-12,14:59,22.98,1.78,24.76,0,0,0,0,0,0,0,0,24.76,-4.37,0,0,0,0,0,,0,0,0,20.39,2021-03-15
Aroma Pizza,,#C6E05,e0f72458-0719-49af-b8ad-279a4dcc6e05,Delivery - Partner Using Uber App,Android,Completed,2021-03-12,16:44,46.75,3.62,50.37,0,0,0,0,0,0,0,0,50.37,-8.88,0,0,0,0,0,,0,0,0,41.49,2021-03-15
Aroma Pizza,,#065DE,ffc54c7b-7eb9-42fc-9abb-eded786065de,Delivery - Partner Using Uber App,iOS,Completed,2021-03-12,18:38,23.98,1.86,25.84,0,0,0,0,0,0,0,0,25.84,-4.56,0,0,0,0,0,,0,0,0,21.28,2021-03-15
Aroma Pizza,,#6B4F4,ed3ef873-30ed-44bb-9f32-4333c436b4f4,Delivery - Partner Using Uber App,iOS,Completed,2021-03-13,20:20,23.99,1.86,25.85,0,0,0,0,0,0,0,0,25.85,-4.56,0,0,0,0,0,,0,0,0,21.29,2021-03-15
Aroma Pizza,,#3435E,716f747c-f813-4a60-9c62-a12fd563435e,Delivery - Partner Using Uber App,Android,Unfulfilled,2021-03-13,21:00,36.46,2.83,39.29,0,0,0,0,0,0,0,0,39.29,-6.93,0,0,0,0,0,,0,0,0,32.36,2021-03-15
Aroma Pizza,,#FF37E,65f55770-9744-4259-8b72-ee310b5ff37e,Delivery - Partner Using Uber App,iOS,Completed,2021-03-13,21:28,39.75,3.08,42.83,0,0,0,0,0,0,0,0,42.83,-7.55,0,0,0,0,0,,0,0,0,35.28,2021-03-15
Aroma Pizza,,#91EBD,ab8378e1-397f-4b51-ab4d-a29e70291ebd,Delivery - Partner Using Uber App,iOS,Completed,2021-03-14,12:01,28.98,2.25,31.23,0,0,0,0,0,0,0,0,31.23,-5.51,0,0,0,0,0,,0,0,0,25.72,2021-03-15
Aroma Pizza,,#D7885,3db722fc-8e65-4b7c-b0f4-5508187d7885,Pickup,iOS,Completed,2021-03-14,14:34,28.97,2.25,31.22,0,0,0,0,0,0,0,0,31.22,0,0,0,0,0,0,,0,0,0,31.22,2021-03-15
Aroma Pizza,,#2AEB9,1843e0f0-83af-40da-beeb-3c8e79d2aeb9,Delivery - Partner Using Uber App,iOS,Completed,2021-03-14,14:46,23.98,1.86,25.84,0,0,0,0,0,0,0,0,25.84,-4.56,0,0,0,0,0,,0,0,0,21.28,2021-03-15
Aroma Pizza,,#087C1,3a54d3a3-c1e1-41aa-84c5-f6241ed087c1,Delivery - Partner Using Uber App,iOS,Completed,2021-03-15,13:37,17.47,1.35,18.82,0,0,0,0,0,0,0,0,18.82,-3.32,0,0,0,0,0,,0,0,0,15.5,2021-03-22
Aroma Pizza,,#7C1A9,056c27ea-d6fd-49df-b838-9c929ff7c1a9,Delivery - Partner Using Uber App,iOS,Completed,2021-03-15,17:49,37.97,2.94,40.91,0,0,0,0,0,0,0,0,40.91,-7.21,0,0,0,0,0,,0,0,0,33.7,2021-03-22
Aroma Pizza,,#87B27,6e47e088-03bf-4d33-ae16-b6ac63387b27,Delivery - Partner Using Uber App,iOS,Completed,2021-03-15,18:58,32.48,2.52,35,0,0,0,0,0,0,0,0,35,-6.17,0,0,0,0,0,,0,0,0,28.83,2021-03-22
Aroma Pizza,,#CBC0D,83c7a4ad-aac2-4e28-8b6c-572c5c1cbc0d,Delivery - Partner Using Uber App,iOS,Completed,2021-03-15,21:05,21.98,1.7,23.68,0,0,0,0,0,0,0,0,23.68,-4.18,0,0,0,0,0,,0,0,0,19.5,2021-03-22
Aroma Pizza,,#065E5,0aa437dc-2f82-428f-a614-4de3abb065e5,Pickup,iOS,Completed,2021-03-16,19:27,43.7,3.39,47.09,0,0,0,0,0,0,0,0,47.09,0,0,0,0,0,0,,0,0,0,47.09,2021-03-22
Aroma Pizza,,#3B5F2,89cc4559-3d17-4f45-89b8-92debae3b5f2,Delivery - Partner Using Uber App,Android,Completed,2021-03-17,17:28,23.98,1.86,25.84,0,0,0,0,0,0,0,0,25.84,-4.56,0,0,0,0,0,,0,0,0,21.28,2021-03-22
Aroma Pizza,,#5F64F,5c2dd563-c7d3-47d1-8935-136f8725f64f,Delivery - Partner Using Uber App,iOS,Completed,2021-03-17,19:20,32.94,2.55,35.49,0,0,0,0,0,0,0,0,35.49,-6.26,0,0,0,0,0,,0,0,0,29.23,2021-03-22
Aroma Pizza,,#54753,132f5cd1-da37-4a63-a05d-0662b3354753,Delivery - Partner Using Uber App,iOS,Completed,2021-03-17,19:27,28.48,2.21,30.69,0,0,0,0,0,0,0,0,30.69,-5.41,0,0,0,0,0,,0,0,0,25.28,2021-03-22
Aroma Pizza,,#571E4,c2741113-b5bc-46cd-a294-d68bc9d571e4,Delivery - Partner Using Uber App,iOS,Completed,2021-03-18,13:54,21.98,1.7,23.68,0,0,0,0,0,0,0,0,23.68,-4.18,0,0,0,0,0,,0,0,0,19.5,2021-03-22
Aroma Pizza,,#94BBD,2251b02b-d737-4bfb-8d9e-8db90b194bbd,Delivery - Partner Using Uber App,iOS,Completed,2021-03-19,16:23,23.06,1.79,24.85,0,0,0,0,0,0,0,0,24.85,-4.38,0,0,0,0,0,,0,0,0,20.47,2021-03-22
Aroma Pizza,,#96D8A,7b23b64e-4001-4884-8e0b-b33205996d8a,Delivery - Partner Using Uber App,Android,Completed,2021-03-19,18:30,29.35,2.27,31.62,0,0,0,0,0,0,0,0,31.62,-5.58,0,0,0,0,0,,0,0,0,26.04,2021-03-22
Aroma Pizza,,#67401,4576a8fe-8543-4585-aff4-17eb3e467401,Delivery - Partner Using Uber App,iOS,Completed,2021-03-19,18:33,41.47,3.21,44.68,0,0,0,0,0,0,0,0,44.68,-7.88,0,0,0,0,0,,0,0,0,36.8,2021-03-22
Aroma Pizza,,#AC3FC,28d20e80-8a25-4ce2-8856-98a67f9ac3fc,Delivery - Partner Using Uber App,Uber Eats Web,Completed,2021-03-19,19:47,59.63,4.62,64.25,0,0,0,0,0,0,0,0,64.25,-11.33,0,0,0,0,0,,0,0,0,52.92,2021-03-22
Aroma Pizza,,#6739F,315a45b6-104a-4f29-b1e6-85e02c16739f,Delivery - Partner Using Uber App,iOS,Completed,2021-03-19,19:53,42.22,3.27,45.49,0,0,0,0,0,0,0,0,45.49,-8.02,0,0,0,0,0,,0,0,0,37.47,2021-03-22
Aroma Pizza,,#7CA5D,8bf5c639-7aca-4b95-b6ee-bb398e57ca5d,Pickup,iOS,Completed,2021-03-19,19:55,8.99,0.7,9.69,0,0,0,0,0,0,0,0,9.69,0,0,0,0,0,0,,0,0,0,9.69,2021-03-22
Aroma Pizza,,#D69FA,8b8a91bd-5597-4c5a-b615-20a71d2d69fa,Pickup,Uber Eats Web,Completed,2021-03-19,20:53,9.98,0.77,10.75,0,0,0,0,0,0,0,0,10.75,0,0,0,0,0,0,,0,0,0,10.75,2021-03-22
Aroma Pizza,,#72AED,c256098d-7082-4090-bc08-0b332e272aed,Delivery - Partner Using Uber App,iOS,Completed,2021-03-19,21:22,60.24,4.67,64.91,0,0,0,0,0,0,0,0,64.91,-11.45,0,0,0,0,0,,0,0,0,53.46,2021-03-22
Aroma Pizza,,#D9F03,0003a858-de8a-4f9a-a88c-f9de229d9f03,Delivery - Partner Using Uber App,Android,Completed,2021-03-20,11:51,40.75,3.16,43.91,0,0,0,0,0,0,0,0,43.91,-7.74,0,0,0,0,0,,0,0,0,36.17,2021-03-22
Aroma Pizza,,#0F151,4d7875fd-a359-4273-b0c9-caa3a940f151,Delivery - Partner Using Uber App,iOS,Completed,2021-03-20,17:02,37.97,2.94,40.91,0,0,0,0,0,0,0,0,40.91,-7.21,0,0,0,0,0,,0,0,0,33.7,2021-03-22
Aroma Pizza,,#C8ABB,fd8d7f1b-069b-4073-a360-d34b6d1c8abb,Delivery - Partner Using Uber App,Uber Eats Web,Completed,2021-03-20,18:20,42.41,3.29,45.7,0,0,0,0,0,0,0,0,45.7,-8.06,0,0,0,0,0,,0,0,0,37.64,2021-03-22
Aroma Pizza,,#7C9C3,d72724f6-8bdf-49fa-9a58-aa8090b7c9c3,Delivery - Partner Using Uber App,iOS,Completed,2021-03-20,19:48,39.51,3.06,42.57,0,0,0,0,0,0,0,0,42.57,-7.51,0,0,0,0,0,,0,0,0,35.06,2021-03-22
Aroma Pizza,,#890F5,b9689689-c008-45f4-a2ed-64c646d890f5,Delivery - Partner Using Uber App,Android,Completed,2021-03-20,19:49,24.47,1.9,26.37,0,0,0,0,0,0,0,0,26.37,-4.65,0,0,0,0,0,,0,0,0,21.72,2021-03-22
Aroma Pizza,,#46DD3,54ad8702-37d6-4d22-8e3b-454d25346dd3,Delivery - Partner Using Uber App,iOS,Completed,2021-03-20,20:17,61.96,4.8,66.76,0,0,0,0,0,0,0,0,66.76,-11.77,0,0,0,0,0,,0,0,0,54.99,2021-03-22
Aroma Pizza,,#F6671,e75a9b66-49a3-43b1-818f-39537f9f6671,Delivery - Partner Using Uber App,iOS,Completed,2021-03-21,13:58,36.27,2.81,39.08,0,0,0,0,0,0,0,0,39.08,-6.89,0,0,0,0,0,,0,0,0,32.19,2021-03-22
Aroma Pizza,,#C2B18,89d02bff-aabd-420d-bfc6-0399167c2b18,Delivery - Partner Using Uber App,Android,Completed,2021-03-21,17:24,50.34,3.9,54.24,0,0,0,0,0,0,0,0,54.24,-9.56,0,0,0,0,0,,0,0,0,44.68,2021-03-22
Aroma Pizza,,#15726,d9e17f46-0849-41ee-9d17-2f5207015726,Delivery - Partner Using Uber App,iOS,Completed,2021-03-21,17:35,48.95,3.79,52.74,0,0,0,0,0,0,0,0,52.74,-9.3,0,0,0,0,0,,0,0,0,43.44,2021-03-22
Aroma Pizza,,#168B7,d508ba16-d46b-41d5-a62e-3b49fce168b7,Delivery - Partner Using Uber App,iOS,Completed,2021-03-21,19:26,26.73,2.07,28.8,0,0,0,0,0,0,0,0,28.8,-5.08,0,0,0,0,0,,0,0,0,23.72,2021-03-22
Aroma Pizza,,#D1E84,b6650ca1-0b0a-42ec-ba4e-3dc36cbd1e84,Delivery - Partner Using Uber App,Android,Completed,2021-03-21,19:59,41.42,3.21,44.63,0,0,0,0,0,0,0,0,44.63,-7.87,0,0,0,0,0,,0,0,0,36.76,2021-03-22
Aroma Pizza,,#8371E,d73f642e-ad9c-4159-9bca-d4ca5588371e,Delivery - Partner Using Uber App,iOS,Completed,2021-03-22,18:20,17.97,1.39,19.36,0,0,0,0,0,0,0,0,19.36,-3.41,0,0,0,0,0,,0,0,0,15.95,2021-03-29
Aroma Pizza,,#9EB35,85fe48e9-b7ad-4396-adc0-ee914a49eb35,Pickup,iOS,Completed,2021-03-22,18:30,11.99,0.93,12.92,0,0,0,0,0,0,0,0,12.92,0,0,0,0,0,0,,0,0,0,12.92,2021-03-29
Aroma Pizza,,#39CC7,e7b4d80d-332c-4791-9a80-ee1ee2739cc7,Delivery - Partner Using Uber App,iOS,Completed,2021-03-22,19:10,36.98,2.87,39.85,0,0,0,0,0,0,0,0,39.85,-7.03,0,0,0,0,0,,0,0,0,32.82,2021-03-29
Aroma Pizza,,#3F4F5,ffa3dab3-6af4-4bfe-bccc-32786c03f4f5,Delivery - Partner Using Uber App,iOS,Completed,2021-03-23,18:55,22.95,1.78,24.73,0,0,0,0,0,0,0,0,24.73,-4.36,0,0,0,0,0,,0,0,0,20.37,2021-03-29
Aroma Pizza,,#CE116,655d61a0-23c1-4cbc-b6bd-b538ef6ce116,Delivery - Partner Using Uber App,Android,Completed,2021-03-24,11:06,21.99,1.7,23.69,0,0,0,0,0,0,0,0,23.69,-4.18,0,0,0,0,0,,0,0,0,19.51,2021-03-29
Aroma Pizza,,#1EC5F,da5f7ca2-458f-4c50-9076-72dc4481ec5f,Delivery - Partner Using Uber App,iOS,Completed,2021-03-25,15:07,11.99,0.93,12.92,0,0,0,0,0,0,0,0,12.92,-2.28,0,0,0,0,0,,0,0,0,10.64,2021-03-29
Aroma Pizza,,#02904,72718806-d801-4c19-ac27-560c26902904,Pickup,Uber Eats Web,Completed,2021-03-25,15:59,19.28,1.49,20.77,0,0,0,0,0,0,0,0,20.77,0,0,0,0,0,0,,0,0,0,20.77,2021-03-29
Aroma Pizza,,#A017A,cf0fe4cb-cdee-4073-8ab0-fda189da017a,Pickup,Android,Completed,2021-03-25,19:01,40.96,3.17,44.13,0,0,0,0,0,0,0,0,44.13,0,0,0,0,0,0,,0,0,0,44.13,2021-03-29
Aroma Pizza,,#C861E,63cea5aa-89c8-4669-a797-5038eb0c861e,Delivery - Partner Using Uber App,Android,Completed,2021-03-26,18:43,31.14,2.41,33.55,0,0,0,0,0,0,0,0,33.55,-5.92,0,0,0,0,0,,0,0,0,27.63,2021-03-29
Aroma Pizza,,#58429,2770adea-bca5-427a-b0ff-175ef7858429,Pickup,iOS,Completed,2021-03-27,18:27,10.99,0.85,11.84,0,0,0,0,0,0,0,0,11.84,0,0,0,0,0,0,,0,0,0,11.84,2021-03-29
Aroma Pizza,,#A3605,9609f418-abc3-4bcb-8768-dd0e9c0a3605,Delivery - Partner Using Uber App,Android,Completed,2021-03-28,18:21,26.75,2.07,28.82,0,0,0,0,0,0,0,0,28.82,-5.08,0,0,0,0,0,,0,0,0,23.74,2021-03-29
Aroma Pizza,,#1F604,e9422247-3146-42dd-88e2-e4abd701f604,Delivery - Partner Using Uber App,Android,Completed,2021-03-29,12:27,35.9,2.78,38.68,0,0,0,0,0,0,0,0,38.68,-6.82,0,0,0,0,0,,0,0,0,31.86,2021-04-05
Aroma Pizza,,#ED4C7,ae0379e1-210a-4ce9-af38-4ec794ced4c7,Delivery - Partner Using Uber App,iOS,Completed,2021-03-31,17:21,28.97,2.25,31.22,0,0,0,0,0,0,0,0,31.22,-5.5,0,0,0,0,0,,0,-2.25,0,23.47,2021-04-05
Aroma Pizza,,#4FF6B,6e5b40ad-d6d3-44a3-bb78-c38e0174ff6b,Delivery - Partner Using Uber App,iOS,Completed,2021-03-31,19:53,38.95,3.02,41.97,0,0,0,0,0,0,0,0,41.97,-7.4,0,0,0,0,0,,0,-3.02,0,31.55,2021-04-05
The Wing Stop ,,#C188D,480c7e94-c4fb-48c6-a701-5fc9064c188d,Delivery - Partner Using Uber App,Android,Completed,2021-03-01,18:21,36.97,2.87,39.84,0,0,0,0,0,0,0,0,39.84,-9.24,0,0,0,0,0,,0,0,0,30.6,2021-03-08
The Wing Stop ,,#E7CD6,a96b359a-2f6f-4515-91e7-7e50ad3e7cd6,Delivery - Partner Using Uber App,iOS,Completed,2021-03-02,19:40,13.99,1.08,15.07,0,0,0,0,0,0,0,0,15.07,-3.5,0,0,0,0,0,,0,0,0,11.57,2021-03-08
The Wing Stop ,,#A0431,fad14862-e54e-424c-94e8-0272e0fa0431,Delivery - Partner Using Uber App,Android,Completed,2021-03-03,20:00,14.74,1.14,15.88,0,0,0,0,0,0,0,0,15.88,-3.69,0,0,0,0,0,,0,0,0,12.19,2021-03-08
The Wing Stop ,,#4506B,8b7b756e-8637-4ccd-9765-7d43a6a4506b,Delivery - Partner Using Uber App,iOS,Completed,2021-03-05,18:32,23.96,1.86,25.82,0,0,0,0,0,0,0,0,25.82,-5.99,0,0,0,0,0,,0,0,0,19.83,2021-03-08
The Wing Stop ,,#8062E,c6fae179-002c-4442-bf00-7488ac08062e,Delivery - Partner Using Uber App,iOS,Completed,2021-03-05,18:58,30.48,2.36,32.84,0,0,0,0,0,0,0,0,32.84,-7.62,0,0,0,0,0,,0,0,0,25.22,2021-03-08
The Wing Stop ,,#EFF9F,284509d9-1612-4bd1-a634-0ef14dceff9f,Delivery - Partner Using Uber App,iOS,Completed,2021-03-05,21:04,38.23,2.96,41.19,0,0,0,0,0,0,0,0,41.19,-9.56,0,0,0,0,0,,0,0,0,31.63,2021-03-08
The Wing Stop ,,#745F8,0f3f4b7b-5560-4f97-9dc5-4582277745f8,Delivery - Partner Using Uber App,Uber Eats Web,Completed,2021-03-06,17:22,36.96,2.86,39.82,0,0,0,0,0,0,0,0,39.82,-9.24,0,0,0,0,0,,0,0,0,30.58,2021-03-08
The Wing Stop ,,#0B27A,0f14a337-c7e4-4b98-bee2-264393b0b27a,Delivery - Partner Using Uber App,iOS,Completed,2021-03-06,19:19,36.73,2.85,39.58,0,0,0,0,0,0,0,0,39.58,-9.18,0,0,0,0,0,,0,0,0,30.4,2021-03-08
The Wing Stop ,,#7ED4A,9e3f9d2c-0f3c-4386-9b1e-f3a554e7ed4a,Delivery - Partner Using Uber App,iOS,Completed,2021-03-06,19:48,30.73,2.38,33.11,0,0,0,0,0,0,0,0,33.11,-7.68,0,0,0,0,0,,0,0,0,25.43,2021-03-08
The Wing Stop ,,#F4C0E,40c74fd5-e7bd-44a6-8f40-062ead3f4c0e,Delivery - Partner Using Uber App,iOS,Completed,2021-03-07,11:44,21.98,1.7,23.68,0,0,0,0,0,0,0,0,23.68,-5.5,0,0,0,0,0,,0,0,0,18.18,2021-03-08
The Wing Stop ,,#993FA,e92c5849-ea8b-420b-9a6a-79f4b02993fa,Delivery - Partner Using Uber App,Android,Completed,2021-03-07,14:19,46.45,3.6,50.05,0,0,0,0,0,0,0,0,50.05,-11.61,0,0,0,0,0,,0,0,0,38.44,2021-03-08
The Wing Stop ,,#9C613,bb8bb99e-182c-4090-bbe8-cbdd4ce9c613,Delivery - Partner Using Uber App,Android,Completed,2021-03-07,16:12,27.74,2.15,29.89,0,0,0,0,0,0,0,0,29.89,-6.94,0,0,0,0,0,,0,0,0,22.95,2021-03-08
The Wing Stop ,,#420AA,6af8db63-014e-4358-b31c-27850a7420aa,Delivery - Partner Using Uber App,Uber Eats Web,Canceled,2021-03-09,12:25,29.48,2.28,31.76,0,0,0,0,0,0,0,0,31.76,-7.37,0,0,0,0,0,,0,0,0,24.39,2021-03-15
The Wing Stop ,,#D351F,afb980ea-5e5a-454c-a489-1bf4013d351f,Delivery - Partner Using Uber App,iOS,Completed,2021-03-09,17:22,27.74,2.15,29.89,0,0,0,0,0,0,0,0,29.89,-6.94,0,0,0,0,0,,0,0,0,22.95,2021-03-15
The Wing Stop ,,#3487D,1ec23daf-8534-455e-9ff7-5d64d5c3487d,Delivery - Partner Using Uber App,iOS,Completed,2021-03-09,18:19,22.98,1.78,24.76,0,0,0,0,0,0,0,0,24.76,-5.75,0,0,0,0,0,,0,0,0,19.01,2021-03-15
The Wing Stop ,,#6F240,2f9c7b87-f3f3-41fc-8520-6959f086f240,Delivery - Partner Using Uber App,iOS,Completed,2021-03-09,19:45,28.72,2.23,30.95,0,0,0,0,0,0,0,0,30.95,-7.18,0,0,0,0,0,,0,0,0,23.77,2021-03-15
The Wing Stop ,,#9B9F5,ba1a51d9-a031-4f39-ba9f-20d98739b9f5,Delivery - Partner Using Uber App,iOS,Completed,2021-03-10,18:13,19.99,1.55,21.54,0,0,0,0,0,0,0,0,21.54,-5,0,0,0,0,0,,0,0,0,16.54,2021-03-15
The Wing Stop ,,#2E0EB,f7525fd0-80a7-4b5d-b56b-2bfb4ce2e0eb,Delivery - Partner Using Uber App,Uber Eats Web,Completed,2021-03-10,18:34,22.98,1.78,24.76,0,0,0,0,0,0,0,0,24.76,-5.75,0,0,0,0,0,,0,0,0,19.01,2021-03-15
The Wing Stop ,,#351AE,e7d3a6f5-598a-4398-b83f-f67efee351ae,Delivery - Partner Using Uber App,iOS,Completed,2021-03-11,14:08,10.99,0.85,11.84,0,0,0,0,0,0,0,0,11.84,-2.75,0,0,0,0,0,,0,0,0,9.09,2021-03-15
The Wing Stop ,,#A47F2,327021c1-2995-4420-8641-1563500a47f2,Delivery - Partner Using Uber App,Android,Completed,2021-03-11,18:13,16.98,1.32,18.3,0,0,0,0,0,0,0,0,18.3,-4.25,0,0,0,0,0,,0,0,0,14.05,2021-03-15
The Wing Stop ,,#1F9A2,5915995b-f2e4-4047-8b5a-e2a107f1f9a2,Delivery - Partner Using Uber App,iOS,Completed,2021-03-12,11:25,24.48,1.9,26.38,0,0,0,0,0,0,0,0,26.38,-6.12,0,0,0,0,0,,0,0,0,20.26,2021-03-15
The Wing Stop ,,#9B696,62c823e3-4058-462b-afa5-0c3bb4c9b696,Delivery - Partner Using Uber App,iOS,Completed,2021-03-12,12:10,14.74,1.14,15.88,0,0,0,0,0,0,0,0,15.88,-3.69,0,0,0,0,0,,0,0,0,12.19,2021-03-15
The Wing Stop ,,#C83A5,6246f884-cc67-4da6-b416-757730fc83a5,Delivery - Partner Using Uber App,iOS,Completed,2021-03-12,21:07,19.48,1.51,20.99,0,0,0,0,0,0,0,0,20.99,-4.87,0,0,0,0,0,,0,0,0,16.12,2021-03-15
The Wing Stop ,,#F1DB0,12dd67f1-84f0-43e9-8b6b-f011624f1db0,Delivery - Partner Using Uber App,iOS,Completed,2021-03-13,20:41,10.49,0.81,11.3,0,0,0,0,0,0,0,0,11.3,-2.62,0,0,0,0,0,,0,0,0,8.68,2021-03-15
The Wing Stop ,,#5E079,dda08625-d24e-4524-b1b6-466de9f5e079,Delivery - Partner Using Uber App,iOS,Completed,2021-03-14,11:41,13.99,1.08,15.07,0,0,0,0,0,0,0,0,15.07,-3.5,0,0,0,0,0,,0,0,0,11.57,2021-03-15
The Wing Stop ,,#D66F4,49984a93-c85b-4913-91b1-3c55823d66f4,Delivery - Partner Using Uber App,Android,Completed,2021-03-14,17:20,15.99,1.24,17.23,0,0,0,0,0,0,0,0,17.23,-4,0,0,0,0,0,,0,0,0,13.23,2021-03-15
The Wing Stop ,,#1D7CD,308831ce-5cf5-437f-ab6e-1f059e41d7cd,Delivery - Partner Using Uber App,Android,Completed,2021-03-14,21:01,27.74,2.15,29.89,0,0,0,0,0,0,0,0,29.89,-6.94,0,0,0,0,0,,0,0,0,22.95,2021-03-15
The Wing Stop ,,#CBDA2,39789cd6-4a54-4cd5-8344-f4f1c4bcbda2,Delivery - Partner Using Uber App,iOS,Completed,2021-03-15,13:41,10.99,0.85,11.84,0,0,0,0,0,0,0,0,11.84,-2.75,0,0,0,0,0,,0,0,0,9.09,2021-03-22
The Wing Stop ,,#73E4B,10dd70ec-c086-4698-9ac0-481949873e4b,Delivery - Partner Using Uber App,Uber Eats Web,Completed,2021-03-15,15:51,13.99,1.08,15.07,0,0,0,0,0,0,0,0,15.07,-3.5,0,0,0,0,0,,0,0,0,11.57,2021-03-22
The Wing Stop ,,#4DCB2,28ce094a-588a-411a-8587-170966e4dcb2,Delivery - Partner Using Uber App,iOS,Unfulfilled,2021-03-15,21:05,14.98,1.16,16.14,0,0,0,0,0,0,0,0,16.14,-3.75,0,0,0,0,0,,0,0,0,12.39,2021-03-22
The Wing Stop ,,#B8249,29e4badf-7097-4a3f-a680-7efaef3b8249,Delivery - Partner Using Uber App,Uber Eats Web,Canceled,2021-03-15,21:22,59.97,4.65,64.62,0,0,0,0,0,0,0,0,64.62,-14.99,0,0,0,0,0,,0,0,0,49.63,2021-03-22
The Wing Stop ,,#00C42,996f9fc7-d0f5-49af-b160-80c0b4800c42,Delivery - Partner Using Uber App,iOS,Completed,2021-03-16,11:20,17.73,1.37,19.1,0,0,0,0,0,0,0,0,19.1,-4.43,0,0,0,0,0,,0,0,0,14.67,2021-03-22
The Wing Stop ,,#93ED4,459760d2-5626-4fc6-9769-837630c93ed4,Delivery - Partner Using Uber App,iOS,Completed,2021-03-16,17:19,26.99,2.09,29.08,0,0,0,0,0,0,0,0,29.08,-6.75,0,0,0,0,0,,0,0,0,22.33,2021-03-22
The Wing Stop ,,#83A5D,b1f793ab-6516-4f2b-82a9-f88232c83a5d,Delivery - Partner Using Uber App,iOS,Completed,2021-03-16,17:58,29.99,2.32,32.31,0,0,0,0,0,0,0,0,32.31,-7.5,0,0,0,0,0,,0,0,0,24.81,2021-03-22
The Wing Stop ,,#9F72C,5e0d6486-917f-46d9-965e-c085c8a9f72c,Delivery - Partner Using Uber App,iOS,Completed,2021-03-17,18:37,21.48,1.66,23.14,0,0,0,0,0,0,0,0,23.14,-5.37,0,0,0,0,0,,0,0,0,17.77,2021-03-22
The Wing Stop ,,#232F6,8b44e309-2099-463c-b4db-3120b09232f6,Delivery - Partner Using Uber App,iOS,Completed,2021-03-17,19:11,22.98,1.78,24.76,0,0,0,0,0,0,0,0,24.76,-5.75,0,0,0,0,0,,0,0,0,19.01,2021-03-22
The Wing Stop ,,#A5B48,15c4010c-e420-444a-bfa7-d3d1ba7a5b48,Delivery - Partner Using Uber App,Android,Completed,2021-03-18,11:39,26.99,2.09,29.08,0,0,0,0,0,0,0,0,29.08,-6.75,0,0,0,0,0,,0,0,0,22.33,2021-03-22
The Wing Stop ,,#D8FD5,38913ab3-3bf6-4ed4-8d47-66ac479d8fd5,Delivery - Partner Using Uber App,Android,Completed,2021-03-18,18:10,26.48,2.05,28.53,0,0,0,0,0,0,0,0,28.53,-6.62,0,0,0,0,0,,0,0,0,21.91,2021-03-22
The Wing Stop ,,#1F333,7ae0643b-2c75-4bdd-be81-01d791a1f333,Delivery - Partner Using Uber App,iOS,Completed,2021-03-19,17:18,27.74,2.15,29.89,0,0,0,0,0,0,0,0,29.89,-6.94,0,0,0,0,0,,0,0,0,22.95,2021-03-22
The Wing Stop ,,#01C19,52c9e88d-650f-4cd3-a5f3-806e43101c19,Delivery - Partner Using Uber App,Android,Completed,2021-03-19,17:49,33.96,2.63,36.59,0,0,0,0,0,0,0,0,36.59,-8.49,0,0,0,0,0,,0,0,0,28.1,2021-03-22
The Wing Stop ,,#01C19,52c9e88d-650f-4cd3-a5f3-806e43101c19,,Unknown,Refund,2021-03-19,17:49,-2.99,-0.23,-3.22,0,0,0,0,0,0,0,,0,0,,,0,0,0,,0,0,0,-3.22,2021-03-29
The Wing Stop ,,#05378,44ce892c-32ce-42ef-8b8c-4d11b6605378,Delivery - Partner Using Uber App,Android,Completed,2021-03-20,15:21,27.74,2.15,29.89,0,0,0,0,0,0,0,0,29.89,-6.94,0,0,0,0,0,,0,0,0,22.95,2021-03-22
The Wing Stop ,,#7A1B0,4c9567cd-65d8-4ee3-8165-290279b7a1b0,Delivery - Partner Using Uber App,Android,Completed,2021-03-20,16:03,10.99,0.85,11.84,0,0,0,0,0,0,0,0,11.84,-2.75,0,0,0,0,0,,0,0,0,9.09,2021-03-22
The Wing Stop ,,#24A92,1a37050a-aedb-415c-b3d9-30c16ec24a92,Delivery - Partner Using Uber App,iOS,Completed,2021-03-20,16:48,22.98,1.78,24.76,0,0,0,0,0,0,0,0,24.76,-5.75,0,0,0,0,0,,0,0,0,19.01,2021-03-22
The Wing Stop ,,#885AF,9b137938-df4a-476d-8a8e-78f02cb885af,Delivery - Partner Using Uber App,iOS,Completed,2021-03-20,17:41,29.95,2.32,32.27,0,0,0,0,0,0,0,0,32.27,-7.49,0,0,0,0,0,,0,0,0,24.78,2021-03-22
The Wing Stop ,,#B4343,591c5eb3-02d6-4aa2-abd1-5a26296b4343,Delivery - Partner Using Uber App,iOS,Completed,2021-03-20,18:33,30.74,2.38,33.12,0,0,0,0,0,0,0,0,33.12,-7.69,0,0,0,0,0,,0,0,0,25.43,2021-03-22
The Wing Stop ,,#0DA5E,f6e93684-896d-41e1-a042-c644e2e0da5e,Delivery - Partner Using Uber App,Android,Completed,2021-03-20,18:35,27.74,2.15,29.89,0,0,0,0,0,0,0,0,29.89,-6.94,0,0,0,0,0,,0,0,0,22.95,2021-03-22
The Wing Stop ,,#9C4D3,07398f89-fbe8-4930-8c67-d4990c49c4d3,Delivery - Partner Using Uber App,iOS,Completed,2021-03-20,19:29,21.98,1.7,23.68,0,0,0,0,0,0,0,0,23.68,-5.5,0,0,0,0,0,,0,0,0,18.18,2021-03-22
The Wing Stop ,,#80033,f8fa9b4b-84b2-41aa-b555-aa52df780033,Delivery - Partner Using Uber App,Android,Completed,2021-03-20,19:35,26.99,2.09,29.08,0,0,0,0,0,0,0,0,29.08,-6.75,0,0,0,0,0,,0,0,0,22.33,2021-03-22
The Wing Stop ,,#877D0,224781e0-0b89-40fc-9938-ec3051b877d0,Delivery - Partner Using Uber App,iOS,Completed,2021-03-20,21:15,29.99,2.32,32.31,0,0,0,0,0,0,0,0,32.31,-7.5,0,0,0,0,0,,0,0,0,24.81,2021-03-22
The Wing Stop ,,#F28B1,ee0edac2-ee82-417f-aca5-8d69badf28b1,Delivery - Partner Using Uber App,Uber Eats Web,Completed,2021-03-21,19:09,28.96,2.24,31.2,0,0,0,0,0,0,0,0,31.2,-7.24,0,0,0,0,0,,0,0,0,23.96,2021-03-22
The Wing Stop ,,#4CFEF,bac709a5-9be6-4e7e-a862-155bc204cfef,Delivery - Partner Using Uber App,iOS,Completed,2021-03-21,19:39,25.23,1.96,27.19,0,0,0,0,0,0,0,0,27.19,-6.31,0,0,0,0,0,,0,0,0,20.88,2021-03-22
The Wing Stop ,,#038C7,e232cf61-9e13-4a71-818f-cd0c3c9038c7,Delivery - Partner Using Uber App,Uber Eats Web,Completed,2021-03-22,16:25,15.49,1.2,16.69,0,0,0,0,0,0,0,0,16.69,-3.87,0,0,0,0,0,,0,0,0,12.82,2021-03-29
The Wing Stop ,,#F6E56,58bbb122-fb30-4b40-bdb8-0eadeb4f6e56,Delivery - Partner Using Uber App,iOS,Completed,2021-03-22,17:55,36.73,2.85,39.58,0,0,0,0,0,0,0,0,39.58,-9.18,0,0,0,0,0,,0,0,0,30.4,2021-03-29
The Wing Stop ,,#9B624,2da0c76d-f490-47b3-84f2-450cc5c9b624,Delivery - Partner Using Uber App,iOS,Completed,2021-03-23,19:14,36.97,2.87,39.84,0,0,0,0,0,0,0,0,39.84,-9.24,0,0,0,0,0,,0,0,0,30.6,2021-03-29
The Wing Stop ,,#33699,7c05a93e-c7bd-42ae-9730-e5c057433699,Delivery - Partner Using Uber App,iOS,Completed,2021-03-23,20:28,19.98,1.55,21.53,0,0,0,0,0,0,0,0,21.53,-5,0,0,0,0,0,,0,0,0,16.53,2021-03-29
The Wing Stop ,,#41C25,a0fe4804-2887-431a-8bd8-80e391f41c25,Delivery - Partner Using Uber App,Android,Completed,2021-03-24,11:46,16.24,1.26,17.5,0,0,0,0,0,0,0,0,17.5,-4.06,0,0,0,0,0,,0,0,0,13.44,2021-03-29
The Wing Stop ,,#F9203,63a17316-83a0-4074-8466-2ac4fc9f9203,Delivery - Partner Using Uber App,iOS,Completed,2021-03-24,18:42,26.99,2.09,29.08,0,0,0,0,0,0,0,0,29.08,-6.75,0,0,0,0,0,,0,0,0,22.33,2021-03-29
The Wing Stop ,,#0BABB,259c2997-de5f-4f9f-bfc0-54195da0babb,Delivery - Partner Using Uber App,iOS,Completed,2021-03-25,14:14,26.99,2.09,29.08,0,0,0,0,0,0,0,0,29.08,-6.75,0,0,0,0,0,,0,0,0,22.33,2021-03-29
The Wing Stop ,,#4138B,a186384f-05a7-4aab-ac07-f70dcbb4138b,Delivery - Partner Using Uber App,Uber Eats Web,Completed,2021-03-26,17:52,16.98,1.32,18.3,0,0,0,0,0,0,0,0,18.3,-4.25,0,0,0,0,0,,0,0,0,14.05,2021-03-29
The Wing Stop ,,#5D993,c2c4556c-7d0f-4f6c-9c6b-9c8a7215d993,Delivery - Partner Using Uber App,Uber Eats Web,Completed,2021-03-26,19:08,26.99,2.09,29.08,0,0,0,0,0,0,0,0,29.08,-6.75,0,0,0,0,0,,0,0,0,22.33,2021-03-29
The Wing Stop ,,#C5BCB,9a447cdb-04e7-4ff1-a819-74f331ac5bcb,Delivery - Partner Using Uber App,iOS,Completed,2021-03-27,16:47,42.68,3.31,45.99,0,0,0,0,0,0,0,0,45.99,-10.67,0,0,0,0,0,,0,0,0,35.32,2021-03-29
The Wing Stop ,,#48FCC,b9b97201-2937-4361-a50c-93ab5d048fcc,Delivery - Partner Using Uber App,iOS,Completed,2021-03-27,19:21,36.96,2.86,39.82,0,0,0,0,0,0,0,0,39.82,-9.24,0,0,0,0,0,,0,0,0,30.58,2021-03-29
The Wing Stop ,,#99940,04d3f08a-4b2f-42c6-8fff-35b29bc99940,Delivery - Partner Using Uber App,iOS,Completed,2021-03-27,19:28,26.73,2.07,28.8,0,0,0,0,0,0,0,0,28.8,-6.68,0,0,0,0,0,,0,0,0,22.12,2021-03-29
The Wing Stop ,,#850F4,1759bd11-8998-4b81-9a28-6add2a6850f4,Delivery - Partner Using Uber App,iOS,Completed,2021-03-28,15:06,20.23,1.57,21.8,0,0,0,0,0,0,0,0,21.8,-5.06,0,0,0,0,0,,0,0,0,16.74,2021-03-29
The Wing Stop ,,#2FAAF,c33ed7bc-e862-439f-a002-b9388302faaf,Delivery - Partner Using Uber App,Uber Eats Web,Completed,2021-03-29,12:42,9.74,0.75,10.49,0,0,0,0,0,0,0,0,10.49,-2.44,0,0,0,0,0,,0,0,0,8.05,2021-04-05
The Wing Stop ,,#97BFE,63af6530-baec-4775-bddb-5405ba897bfe,Delivery - Partner Using Uber App,Uber Eats Web,Completed,2021-03-29,20:25,14.74,1.14,15.88,0,0,0,0,0,0,0,0,15.88,-3.69,0,0,0,0,0,,0,0,0,12.19,2021-04-05
The Wing Stop ,,#CEEE1,9dff970c-bea9-48d6-b7ef-d695049ceee1,Delivery - Partner Using Uber App,iOS,Completed,2021-03-29,20:39,26.99,2.09,29.08,0,0,0,0,0,0,0,0,29.08,-6.75,0,0,0,0,0,,0,0,0,22.33,2021-04-05
The Wing Stop ,,#5BCAF,14af446c-8cb9-4693-aad5-a1190005bcaf,Delivery - Partner Using Uber App,iOS,Completed,2021-03-30,16:39,26.99,2.09,29.08,0,0,0,0,0,0,0,0,29.08,-6.75,0,0,0,0,0,,0,0,0,22.33,2021-04-05
The Wing Stop ,,#6D42F,e18a2084-f7c2-4670-a3ed-15979c36d42f,Delivery - Partner Using Uber App,iOS,Completed,2021-03-30,18:28,28.95,2.24,31.19,0,0,0,0,0,0,0,0,31.19,-7.24,0,0,0,0,0,,0,0,0,23.95,2021-04-05
The Wing Stop ,,#466C2,ac83ebf7-5cb1-4d31-bb99-c908701466c2,Delivery - Partner Using Uber App,Uber Eats Web,Completed,2021-03-31,20:09,28.97,2.25,31.22,0,0,0,0,0,0,0,0,31.22,-7.24,0,0,0,0,0,,0,-2.25,0,21.73,2021-04-05
Trattoria Contadina ,,#87EFA,b6143b51-bb51-482a-ab8b-2469e8387efa,Delivery - Partner Using Uber App,iOS,Completed,2021-03-01,13:57,20.98,1.7,22.68,0,0,0,0,0,0,0,0,22.68,-5.25,0,0,0,0,0,,0,0,0,17.43,2021-03-08
Trattoria Contadina ,,#D13E5,d4b2f37c-1334-4400-8e60-4ae5171d13e5,Delivery - Partner Using Uber App,iOS,Completed,2021-03-02,11:46,15.98,1.28,17.26,0,0,0,0,0,0,0,0,17.26,-4,0,0,0,0,0,,0,0,0,13.26,2021-03-08
Trattoria Contadina ,,#7BC3B,a595195e-1020-433e-b68d-ec42a557bc3b,Delivery - Partner Using Uber App,iOS,Completed,2021-03-02,16:31,42.93,3.35,46.28,0,0,0,0,0,0,0,0,46.28,-10.73,0,0,0,0,0,,0,0,0,35.55,2021-03-08
Trattoria Contadina ,,#D0D93,90afd46f-ccb5-48d5-86c5-4d67063d0d93,Delivery - Partner Using Uber App,iOS,Completed,2021-03-02,17:40,30.96,2.5,33.46,0,0,0,0,0,0,0,0,33.46,-7.74,0,0,0,0,0,,0,0,0,25.72,2021-03-08
Trattoria Contadina ,,#63B61,3635df39-d265-453b-b27c-54e635263b61,Delivery - Partner Using Uber App,iOS,Completed,2021-03-03,14:31,38.96,3.1,42.06,0,0,0,0,0,0,0,0,42.06,-9.74,0,0,0,0,0,,0,0,0,32.32,2021-03-08
Trattoria Contadina ,,#4DBF3,d593840a-34d9-49e0-b3e7-c6d28a04dbf3,Delivery - Partner Using Uber App,iOS,Completed,2021-03-03,20:24,29.22,2.31,31.53,0,0,0,0,0,0,0,0,31.53,-7.31,0,0,0,0,0,,0,0,0,24.22,2021-03-08
Trattoria Contadina ,,#2F517,17ead9c7-166a-474c-9fe4-6594e3d2f517,Delivery - Partner Using Uber App,Uber Eats Web,Completed,2021-03-04,13:46,17.48,1.4,18.88,0,0,0,0,0,0,0,0,18.88,-4.37,0,0,0,0,0,,0,0,0,14.51,2021-03-08
Trattoria Contadina ,,#8C465,4171a775-f91e-485b-9157-dd787618c465,Delivery - Partner Using Uber App,iOS,Completed,2021-03-04,19:52,22.98,1.87,24.85,0,0,0,0,0,0,0,0,24.85,-5.75,0,0,0,0,0,,0,0,0,19.1,2021-03-08
Trattoria Contadina ,,#380EB,8e005252-beb5-42a5-97cd-8904f72380eb,Delivery - Partner Using Uber App,Uber Eats Web,Completed,2021-03-05,10:35,11.99,0.97,12.96,0,0,0,0,0,0,0,0,12.96,-3,0,0,0,0,0,,0,0,0,9.96,2021-03-08
Trattoria Contadina ,,#F9FD1,598e958e-6096-4d27-aa4a-71cce11f9fd1,Delivery - Partner Using Uber App,Android,Completed,2021-03-06,11:40,24.96,2.03,26.99,0,0,0,0,0,0,0,0,26.99,-6.24,0,0,0,0,0,,0,0,0,20.75,2021-03-08
Trattoria Contadina ,,#B3B06,dde92720-eb98-4afd-92d3-2e89547b3b06,Delivery - Partner Using Uber App,iOS,Completed,2021-03-06,11:41,37.47,3.04,40.51,0,0,0,0,0,0,0,0,40.51,-9.37,0,0,0,0,0,,0,0,0,31.14,2021-03-08
Trattoria Contadina ,,#A8AC0,6e466c78-cf69-4ea4-a3ea-a6593f1a8ac0,Delivery - Partner Using Uber App,iOS,Completed,2021-03-06,17:17,54.95,4.46,59.41,0,0,0,0,0,0,0,0,59.41,-13.74,0,0,0,0,0,,0,0,0,45.67,2021-03-08
Trattoria Contadina ,,#A8AC0,6e466c78-cf69-4ea4-a3ea-a6593f1a8ac0,,Unknown,Refund,2021-03-06,17:17,-32.97,-2.67,-35.64,0,0,0,0,0,0,0,,0,0,,,0,0,0,,0,0,0,-35.64,2021-03-15
Trattoria Contadina ,,#E5D8A,1d4a2d08-a6ba-4ce0-b383-436fea2e5d8a,Delivery - Partner Using Uber App,Android,Completed,2021-03-06,17:18,55.69,4.47,60.16,0,0,0,0,0,0,0,0,60.16,-13.92,0,0,0,0,0,,0,0,0,46.24,2021-03-08
Trattoria Contadina ,,#BB79A,e9205869-27a1-48cc-9400-94bccc2bb79a,Delivery - Partner Using Uber App,iOS,Completed,2021-03-06,19:16,17.98,1.44,19.42,0,0,0,0,0,0,0,0,19.42,-4.5,0,0,0,0,0,,0,0,0,14.92,2021-03-08
Trattoria Contadina ,,#48128,b5a7018f-d18e-4740-9f21-1bf77d848128,Delivery - Partner Using Uber App,iOS,Completed,2021-03-06,21:21,26.97,2.13,29.1,0,0,0,0,0,0,0,0,29.1,-6.74,0,0,0,0,0,,0,0,0,22.36,2021-03-08
Trattoria Contadina ,,#4871C,c787d006-6aae-4626-aa72-7b8303f4871c,Delivery - Partner Using Uber App,iOS,Completed,2021-03-07,16:17,11.99,0.97,12.96,0,0,0,0,0,0,0,0,12.96,-3,0,0,0,0,0,,0,0,0,9.96,2021-03-08
Trattoria Contadina ,,#1DC76,5976c6f5-8813-409b-978c-bedf5b71dc76,Delivery - Partner Using Uber App,iOS,Completed,2021-03-07,20:50,73.4,5.84,79.24,0,0,0,0,0,0,0,0,79.24,-18.35,0,0,0,0,0,,0,0,0,60.89,2021-03-08
Trattoria Contadina ,,#6DA79,c7ccbcc0-5a7b-4dbe-a6dd-d0dd6286da79,Delivery - Partner Using Uber App,iOS,Completed,2021-03-07,21:12,10.99,0.89,11.88,0,0,0,0,0,0,0,0,11.88,-2.75,0,0,0,0,0,,0,0,0,9.13,2021-03-08
Trattoria Contadina ,,#10EF8,b98ee911-6301-47f3-92bc-99355f510ef8,Delivery - Partner Using Uber App,iOS,Completed,2021-03-08,19:22,24.48,1.94,26.42,0,0,0,0,0,0,0,0,26.42,-6.12,0,0,0,0,0,,0,0,0,20.3,2021-03-15
Trattoria Contadina ,,#52C8E,883b80d3-5218-4d21-8313-ff9522752c8e,Delivery - Partner Using Uber App,iOS,Completed,2021-03-08,20:19,30.97,2.52,33.49,0,0,0,0,0,0,0,0,33.49,-7.74,0,0,0,0,0,,0,0,0,25.75,2021-03-15
Trattoria Contadina ,,#53B7A,48c116a1-2fe1-493b-8904-e8a2cae53b7a,Delivery - Partner Using Uber App,iOS,Completed,2021-03-08,20:56,36.72,2.93,39.65,0,0,0,0,0,0,0,0,39.65,-9.18,0,0,0,0,0,,0,0,0,30.47,2021-03-15
Trattoria Contadina ,,#2C0FF,03c5c4bb-d2a8-4a4c-940b-2ddefd62c0ff,Delivery - Partner Using Uber App,iOS,Completed,2021-03-09,12:43,11.99,0.97,12.96,0,0,0,0,0,0,0,0,12.96,-3,0,0,0,0,0,,0,0,0,9.96,2021-03-15
Trattoria Contadina ,,#2F2CD,cfa14432-dd38-43c0-9127-c5b16e82f2cd,Pickup,iOS,Completed,2021-03-09,16:19,27.97,2.25,30.22,0,0,0,0,0,0,0,0,30.22,0,0,0,0,0,0,,0,0,0,30.22,2021-03-15
Trattoria Contadina ,,#4D8FD,1eb3368f-705b-4916-820d-f341f914d8fd,Delivery - Partner Using Uber App,iOS,Completed,2021-03-09,18:51,16.73,1.34,18.07,0,0,0,0,0,0,0,0,18.07,-4.18,0,0,0,0,0,,0,0,0,13.89,2021-03-15
Trattoria Contadina ,,#F9169,1b7ac919-cb26-4d01-9c1b-8bb8afef9169,Delivery - Partner Using Uber App,iOS,Completed,2021-03-09,21:08,33.96,2.72,36.68,0,0,0,0,0,0,0,0,36.68,-8.49,0,0,0,0,0,,0,0,0,28.19,2021-03-15
Trattoria Contadina ,,#F67EB,9b227743-dac5-45ab-8fa9-88b890af67eb,Delivery - Partner Using Uber App,iOS,Completed,2021-03-10,15:46,25.97,2.11,28.08,0,0,0,0,0,0,0,0,28.08,-6.49,0,0,0,0,0,,0,0,0,21.59,2021-03-15
Trattoria Contadina ,,#6847A,2b78fcec-d658-4890-a157-21fdeb46847a,Delivery - Partner Using Uber App,iOS,Completed,2021-03-11,12:17,18.73,1.52,20.25,0,0,0,0,0,0,0,0,20.25,-4.68,0,0,0,0,0,,0,0,0,15.57,2021-03-15
Trattoria Contadina ,,#99752,579b8ce5-02d0-4993-a520-06c3c8c99752,Delivery - Partner Using Uber App,Android,Completed,2021-03-11,18:00,21.96,1.74,23.7,0,0,0,0,0,0,0,0,23.7,-5.49,0,0,0,0,0,,0,0,0,18.21,2021-03-15
Trattoria Contadina ,,#CA23D,a9c7d578-90d0-49c6-8d92-227f34bca23d,Delivery - Partner Using Uber App,iOS,Completed,2021-03-11,19:45,10.99,0.89,11.88,0,0,0,0,0,0,0,0,11.88,-2.75,0,0,0,0,0,,0,0,0,9.13,2021-03-15
Trattoria Contadina ,,#EDD40,31b5356f-bca9-49d4-889a-560055fedd40,Delivery - Partner Using Uber App,iOS,Completed,2021-03-12,19:09,38.95,3.12,42.07,0,0,0,0,0,0,0,0,42.07,-9.74,0,0,0,0,0,,0,0,0,32.33,2021-03-15
Trattoria Contadina ,,#6CFDF,6a39fc81-b36b-42d4-8cc8-6ac1bb96cfdf,Delivery - Partner Using Uber App,iOS,Completed,2021-03-13,12:02,19.98,1.59,21.57,0,0,0,0,0,0,0,0,21.57,-5,0,0,0,0,0,,0,0,0,16.57,2021-03-15
Trattoria Contadina ,,#BE926,77255315-d94d-4072-8ca6-4781febbe926,Delivery - Partner Using Uber App,iOS,Completed,2021-03-13,21:21,86.17,7,93.17,0,0,0,0,0,0,0,0,93.17,-21.54,0,0,0,0,0,,0,0,0,71.63,2021-03-15
Trattoria Contadina ,,#03321,46296b2f-0669-4204-bee0-2027a1103321,Delivery - Partner Using Uber App,Uber Eats Web,Completed,2021-03-14,12:36,35.95,2.9,38.85,0,0,0,0,0,0,0,0,38.85,-8.99,0,0,0,0,0,,0,0,0,29.86,2021-03-15
Trattoria Contadina ,,#03321,46296b2f-0669-4204-bee0-2027a1103321,,Unknown,Refund,2021-03-14,12:36,-15.98,-1.28,-17.26,0,0,0,0,0,0,0,,0,0,,,0,0,0,,0,0,0,-17.26,2021-03-22
Trattoria Contadina ,,#3F678,3e1ba800-8302-437c-b912-04aa0263f678,Delivery - Partner Using Uber App,Android,Completed,2021-03-14,18:41,26.21,2.06,28.27,0,0,0,0,0,0,0,0,28.27,-6.55,0,0,0,0,0,,0,0,0,21.72,2021-03-15
Trattoria Contadina ,,#67A50,6110e09f-2a33-49ab-9fda-da7edd467a50,Delivery - Partner Using Uber App,Android,Completed,2021-03-14,21:01,12.47,0.98,13.45,0,0,0,0,0,0,0,0,13.45,-3.12,0,0,0,0,0,,0,0,0,10.33,2021-03-15
Trattoria Contadina ,,#57A68,ad53f383-a46d-483a-b684-df2b1b057a68,Delivery - Partner Using Uber App,iOS,Completed,2021-03-16,18:07,26.97,2.19,29.16,0,0,0,0,0,0,0,0,29.16,-6.74,0,0,0,0,0,,0,0,0,22.42,2021-03-22
Trattoria Contadina ,,#57A68,ad53f383-a46d-483a-b684-df2b1b057a68,,Unknown,Refund,2021-03-16,18:07,-10.99,-0.89,-11.88,0,0,0,0,0,0,0,,0,0,,,0,0,0,,0,0,0,-11.88,2021-03-22
Trattoria Contadina ,,#CFDFB,15d16c70-ed9c-4256-971b-7dac8cbcfdfb,Delivery - Partner Using Uber App,Uber Eats Web,Completed,2021-03-17,15:48,33.46,2.68,36.14,0,0,0,0,0,0,0,0,36.14,-8.37,0,0,0,0,0,,0,0,0,27.77,2021-03-22
Trattoria Contadina ,,#1A940,2884c563-75d0-488e-ac40-c525d451a940,Delivery - Partner Using Uber App,Android,Completed,2021-03-17,17:50,39.94,3.11,43.05,0,0,0,0,0,0,0,0,43.05,-9.99,0,0,0,0,0,,0,0,0,33.06,2021-03-22
Trattoria Contadina ,,#63873,84421327-2000-4c1b-903e-5e8324d63873,Delivery - Partner Using Uber App,iOS,Completed,2021-03-17,19:16,34.97,2.84,37.81,0,0,0,0,0,0,0,0,37.81,-8.74,0,0,0,0,0,,0,0,0,29.07,2021-03-22
Trattoria Contadina ,,#BE4FB,d7689582-96de-4c08-be2f-749e22dbe4fb,Delivery - Partner Using Uber App,iOS,Unfulfilled,2021-03-17,20:54,21.98,1.79,23.77,0,0,0,0,0,0,0,0,23.77,-5.5,0,0,0,0,0,,0,0,0,18.27,2021-03-22
Trattoria Contadina ,,#83DA3,0a5c31b6-cd02-47a5-bad7-33b20a183da3,Delivery - Partner Using Uber App,iOS,Completed,2021-03-20,17:40,47.94,3.86,51.8,0,0,0,0,0,0,0,0,51.8,-11.99,0,0,0,0,0,,0,0,0,39.81,2021-03-22
Trattoria Contadina ,,#83DA3,0a5c31b6-cd02-47a5-bad7-33b20a183da3,,Unknown,Refund,2021-03-20,17:40,-9.98,-0.8,-10.78,0,0,0,0,0,0,0,,0,0,,,0,0,0,,0,0,0,-10.78,2021-03-29
Trattoria Contadina ,,#5E7AA,a5e7f122-49a1-4188-b452-c286e885e7aa,Delivery - Partner Using Uber App,iOS,Completed,2021-03-20,19:42,15.98,1.28,17.26,0,0,0,0,0,0,0,0,17.26,-4,0,0,0,0,0,,0,0,0,13.26,2021-03-22
Trattoria Contadina ,,#436EA,dcc8d449-f0bf-47a7-98e0-b86f18b436ea,Delivery - Partner Using Uber App,iOS,Completed,2021-03-20,20:17,27.97,2.27,30.24,0,0,0,0,0,0,0,0,30.24,-6.99,0,0,0,0,0,,0,0,0,23.25,2021-03-22
Trattoria Contadina ,,#82E5A,05c7b420-d74a-400f-b73f-d07a66382e5a,Delivery - Partner Using Uber App,iOS,Completed,2021-03-21,15:17,19.97,1.6,21.57,0,0,0,0,0,0,0,0,21.57,-4.99,0,0,0,0,0,,0,0,0,16.58,2021-03-22
Trattoria Contadina ,,#B656A,affb68d5-4a85-4255-937e-10dfdf6b656a,Delivery - Partner Using Uber App,Android,Completed,2021-03-21,19:09,9.99,0.81,10.8,0,0,0,0,0,0,0,0,10.8,-2.5,0,0,0,0,0,,0,0,0,8.3,2021-03-22
Trattoria Contadina ,,#54204,417b603b-663f-4da3-bd69-3d1fdeb54204,Delivery - Partner Using Uber App,iOS,Completed,2021-03-23,15:15,10.98,0.85,11.83,0,0,0,0,0,0,0,0,11.83,-2.75,0,0,0,0,0,,0,0,0,9.08,2021-03-29
Trattoria Contadina ,,#77599,5ee0f06f-54e0-4fd4-8982-053ff9477599,Delivery - Partner Using Uber App,Android,Completed,2021-03-23,18:18,18.98,1.52,20.5,0,0,0,0,0,0,0,0,20.5,-4.75,0,0,0,0,0,,0,0,0,15.75,2021-03-29
Trattoria Contadina ,,#DF435,ee81b279-3b67-49db-97cc-460d1e7df435,Delivery - Partner Using Uber App,iOS,Completed,2021-03-24,12:08,40.96,3.33,44.29,0,0,0,0,0,0,0,0,44.29,-10.24,0,0,0,0,0,,0,0,0,34.05,2021-03-29
Trattoria Contadina ,,#3DC0F,f13838e4-bb44-40fc-b5b3-5781f273dc0f,Delivery - Partner Using Uber App,iOS,Canceled,2021-03-24,21:02,26.72,2.15,28.87,0,0,0,0,0,0,0,0,28.87,-6.68,0,0,0,0,0,,0,0,0,22.19,2021-03-29
Trattoria Contadina ,,#95963,b2a56567-d8f7-49bc-8b80-c733d2795963,Delivery - Partner Using Uber App,Android,Completed,2021-03-25,16:42,36.71,2.96,39.67,0,0,0,0,0,0,0,0,39.67,-9.18,0,0,0,0,0,,0,0,0,30.49,2021-03-29
Trattoria Contadina ,,#BDFFF,7adcbd29-f88c-40ec-a027-9b2e066bdfff,Delivery - Partner Using Uber App,iOS,Completed,2021-03-25,18:15,16.98,1.36,18.34,0,0,0,0,0,0,0,0,18.34,-4.25,0,0,0,0,0,,0,0,0,14.09,2021-03-29
Trattoria Contadina ,,#1D2B5,21217b51-e683-4df8-a7a3-2a7f33a1d2b5,Delivery - Partner Using Uber App,Uber Eats Web,Completed,2021-03-26,16:52,30.47,2.45,32.92,0,0,0,0,0,0,0,0,32.92,-7.62,0,0,0,0,0,,0,0,0,25.3,2021-03-29
Trattoria Contadina ,,#13DFF,f70d62d1-78b6-402e-9148-3a9434b13dff,Delivery - Partner Using Uber App,iOS,Completed,2021-03-26,19:39,42.71,3.44,46.15,0,0,0,0,0,0,0,0,46.15,-10.68,0,0,0,0,0,,0,0,0,35.47,2021-03-29
Trattoria Contadina ,,#39F76,8f03ba30-5545-4ff3-88f2-93174de39f76,Delivery - Partner Using Uber App,iOS,Completed,2021-03-26,19:41,29.47,2.34,31.81,0,0,0,0,0,0,0,0,31.81,-7.37,0,0,0,0,0,,0,0,0,24.44,2021-03-29
Trattoria Contadina ,,#39F76,8f03ba30-5545-4ff3-88f2-93174de39f76,,Unknown,Refund,2021-03-26,19:41,-4.99,-0.41,-5.4,0,0,0,0,0,0,0,,0,0,,,0,0,0,,0,0,0,-5.4,2021-04-05
Trattoria Contadina ,,#E6F00,5c72fdcf-8026-484f-bdd8-3be4eb2e6f00,Delivery - Partner Using Uber App,iOS,Completed,2021-03-27,15:18,21.98,1.79,23.77,0,0,0,0,0,0,0,0,23.77,-5.5,0,0,0,0,0,,0,0,0,18.27,2021-03-29
Trattoria Contadina ,,#11382,d85b246e-c872-4886-9eec-3756b9511382,Delivery - Partner Using Uber App,iOS,Completed,2021-03-27,18:46,41.46,3.37,44.83,0,0,0,0,0,0,0,0,44.83,-10.37,0,0,0,0,0,,0,0,0,34.46,2021-03-29
Trattoria Contadina ,,#81386,02b2374b-57f4-4b4a-ab7a-551444481386,Delivery - Partner Using Uber App,Android,Completed,2021-03-27,19:07,41.44,3.25,44.69,0,0,0,0,0,0,0,0,44.69,-10.36,0,0,0,0,0,,0,0,0,34.33,2021-03-29
Trattoria Contadina ,,#57520,cbf8b475-9dd5-4b2e-8eba-3b95ead57520,Delivery - Partner Using Uber App,Android,Completed,2021-03-29,20:42,11.48,0.89,12.37,0,0,0,0,0,0,0,0,12.37,-2.87,0,0,0,0,0,,0,0,0,9.5,2021-04-05
Trattoria Contadina ,,#0112D,0fa4d1da-893b-4280-9956-f704f300112d,Delivery - Partner Using Uber App,iOS,Completed,2021-03-30,16:16,17.22,1.35,18.57,0,0,0,0,0,0,0,0,18.57,-4.31,0,0,0,0,0,,0,0,0,14.26,2021-04-05
Trattoria Contadina ,,#F8C2E,beb72d40-906f-46cd-ad89-82b913ef8c2e,Delivery - Partner Using Uber App,Android,Completed,2021-03-30,19:23,31.72,2.54,34.26,0,0,0,0,0,0,0,0,34.26,-7.93,0,0,0,0,0,,0,0,0,26.33,2021-04-05
Trattoria Contadina ,,#1F15B,be443e50-d154-497c-816c-e3e6ef01f15b,Delivery - Partner Using Uber App,iOS,Completed,2021-03-30,20:48,37.45,3,40.45,0,0,0,0,0,0,0,0,40.45,-9.36,0,0,0,0,0,,0,0,0,31.09,2021-04-05
Trattoria Contadina ,,#E4E5C,d3ac5773-5ec4-4131-881b-554cd78e4e5c,Delivery - Partner Using Uber App,iOS,Completed,2021-03-31,21:22,26.7,2.12,28.82,0,0,0,0,0,0,0,0,28.82,-6.68,0,0,0,0,0,,0,-2.12,0,20.02,2021-04-05
